market_constraint,dayzer_constraint,pano_constraint
NOTTINGH 230 KV NOTTINGHM 2-3 SER DEV,NOTTINGHM 2-3 SER DEV A 230 KV:TEMP.DBL.500/230.CONASTONE.500-4 + Peach Bot - Conaston,NOTTINGHM 2-3 SER DEV       A  230 KV L500.Conastone-PeachBottom.5012
LENOX 115 KV LENOX-NMESHOPP NML 1090,LENOX_115 KV_LEN-NME:L230.ETowanda-Hillside.2002 [NYISO],NMESHOPP 115KV - LENOX 115KV (LENOX 115 KV LEN-NME) L230.ETowanda-Hillside.2002 [NYISO]
EASTON  69 KV   EAS-EMU,EASTON_69 KV_EAS-EMU:ACTUAL,EASTON 69KV - EMUNI 69KV (EASTON 69 KV EAS-EMU) Jefferson-Rockport 765+Rockport Unit 1
SAYRECON230 KV SAY-SAY,SAYRECON_230 KV_SAY-SAY:ACTUAL,SAYREVIL 230KV - SAYRECON 230KV (SAYRECON 230 KV SAY-SAY) BASE
MOUN UGI 230 KV MOUN UGI 2 XFORMER,MOUN UGI_230 KV_2:230/66.Mountain.T1 (Sctnlz),MOUN UGI 69KV - MOUN UGI 230KV (MOUN UGI 230 KV 2) 230/66.Mountain.T1 (Sctnlz)
GRACETON 230 KV GRACETON-SAFEHARB 2303,GRACETON_230 KV_GRA-MANO:L500.Conastone-PeachBottom.5012,GRACETON-SAFEHARB 2303      B  230 KV (NUKE) L500.PeachBottom-Conastone.5012
94 HAURD-11323 11323 B 138 KV,94 HAURD_138 KV_11323:L345.Nelson-Electric Junction.15502,94 HAURD 138KV - 11323 138KV (94 HAURD 138 KV 11323) L345.Nelson-ElectricJct.15502
BERGEN 230 KV BER-HUD,BERGEN_230 KV_BER-HUD:ACTUAL,BERGEN 230KV - HCS 230KV (BERGEN 230 KV BER-HUD) BASE
LINE 69 KV MONR AE-VINELAND 0711-1,MONR AE_69 KV_MON-VINE:L230.Churchtown-Orchard.2314 (FUTURE),MONR AE-VINELAND 0711-1     A  69 KV L230.Churchtown-Orchard-Cumberland
GARDNERS 115 KV GARDNERS-TEXSEAST GAR-TEX,GARDNERS_115 KV_GAR-TEX:L115.MiddletownJct-Collins.975 (Sctnlz),TEXSEAST 115KV - GARDNERS 115KV (GARDNERS 115 KV GAR-TEX) L115.MiddletownJct-Collins.975 (Sctnlz)
RAMAPO  138 KV  RAM-SMA,RAMAPO_138 KV_RAM-SMA:345/138.SouthMahwah.BK258,RAMAPO 138KV - SMAWA 138KV (RAMAPO 138 KV RAM-SMA) 345/138.SouthMahwah.BK258
ETOWANDA-HILLSIDE 2002 TIE  A   230 KV,ETOWANDA_230 KV_ETO-HIL:L500.Hopatcong-Lackawanna.5063,ETOWANDA 230KV - HILLSIDE 230KV (ETOWANDA 230 KV ETO-HIL) L500.Hopatcong-Lackawanna.5063
94 HAURD-11323 11323 B 138 KV,94 HAURD_138 KV_11323:L345.Nelson-Electric Junction.15502,94 HAURD 138KV - 11323 138KV (94 HAURD 138 KV 11323) L345.Nelson-ElectricJunction.15502
BERWICK 69 KV BERWICK-KOONSVIL,KOONSVIL_69 KV_XFMR1:ACTUAL,BERWICK-KOONSVIL            A  69 KV L230.Harwood-Susquehanna.1 + 230/69.Harwood.T5
PREST TIBB 138 KV L/O PRAIRIE STATE MT VERNON 345 KV,PRES_138 KV_PRE-TIBB:Prairie State-W Mt. Vernon 345,PRES 138KV - TIBB 138KV (PRES 138 KV PRE-TIBB) Prairie State-W Mt. Vernon 345
CHICAGO-PRAXAIR3 138 KV L/O WILTON CENTER-DUMONT 765 KV,WALTON_3_345 KV_2:L765.Dumont-Wilton Center.11215,LINE    138 KV  Roxana-Praxair 1 138 kV l/o Wilton Center-Dumont 765 kV FG 112 WILT765 KV  11215 Z1CMPSERD DUMMY   112 WILT765 KV  11215ILKDIS     OPEN    112 WILT765 KV  BT3-
ELIMA   138 KV  ELI-HAV1,ELIMA_138 KV_ELI-HAV1:L765.Marysville-Sorenson,HAVILAND 138KV - ELIMA 138KV (ELIMA 138 KV ELI-HAV1) L765.Marysville-Sorenson
DOEX530 345 KV  203T,DOEX530_345 KV_203T:ACTUAL,DOEX530 13.8KV - DOEX530 345KV (DOEX530 345 KV 203T) BASE
DOEX530 345 KV  208T,DOEX530_345 KV_208T:ACTUAL,DOEX530 345 KV  208T BASE
BOONETWN230 KV  BOO-SRE,BOONETWN_230 KV_BOO-SRE:TEMP:500/230.Lauschtown T3 + 5012,BOONETWN 230KV - SREADING 230KV (BOONETWN 230 KV BOO-SRE) TEMP:500/230.Lauschtown T3 + 5012
23 COLLI 345 KV 23 COLLINS 45TR92 CT,23 COLLI_345 KV_TR92CT-S:L765.Collins - Plano.2315,23 COLLI 345KV - 23 COLLI 1KV (23 COLLI 345 KV TR92CT-S) L765.Collins - Plano.2315
ALLENIM 345 KV  ALL-RPM,ALLENIM_345 KV_ALL-RPM:L765.Marysville-Sorenson,RPMONE 345KV - ALLENIM 345KV (ALLENIM 345 KV ALL-RPM) L765.Marysville-Sorenson
94 HAURD138 KV 96101,94 HAURD_138 KV_96101:ACTUAL,961 LEE 138KV - 94 HAURD 138KV (94 HAURD 138 KV 96101) L345.Lasalle - Plano.0101
PRESTON-TANYARD 6716-5 B 69 KV,PRESTON_69 KV_PRE-TAN:230/138.Vienna.AT20,TANYARD 69KV - PRESTON 69KV (PRESTON 69 KV PRE-TAN) L230.Steele-Vienna.23085 & 230/138.Vienna.AT20
TMI 500 KV TMI 1 BANK XFORMER,TMI_500 KV_1 BANK:L500.Conastone-PeachBottom.5012,TMI 500KV - TMI 230KV (TMI 500 KV 1 BANK) L500.Conastone-PeachBottom.5012
NORTHWEST TAP - PURDUE 138 KV L/O WESTWOOD - W LAFAYETTE 138 KV,LAFAYSOU_138 KV_LAF-SHA:Westwood-08NW_Tap-WLafyett 138+Purdue-Lafaycin 138,Northwest Tap - Purdue 138 kV l/o Westwood - W Lafayette 138 kV Westwood-08NW_Tap-WLafyett 138
LORETTO 138 KV LORETTO-VIENNA 13780,PINEYGRO_230 KV_AT20:L138.Loretto-Vienna.13780,PINEYGRO 230KV - PINEYGRO 138KV (PINEYGRO 230 KV AT20) L138.Loretto-Vienna.13780
DUNEACRE - MICHIGAN CITY 13839 138 KV L/O WILTON CENTER - DUMONT 765 KV,DUNEACRE_138 KV_DUN-MIC1:Dumont-Wilton Center 765kV,Michigan City - DuneAcre 138 kV l/o Dumont - Wilton Center 765 kV L765.Dumont-WiltonCenter.11215
COOLSPRI230 KV  COL-MIL,COOLSPRI_230 KV_COL-MIL:L230.IndianRiver-Milford.23034,MILFORD 230KV - COOLSPRI 230KV (COOLSPRI 230 KV COL-MIL) L230.IndianRiver-Milford.23034
945 CRET 345 KV CRETEIPP-STJOHNS,STJOHNS_345 KV_2:Dumont-Wilton Center 765kV,66 E FRN-945 CRET 6607      A  345 KV L765.Dumont-Wilton Center.11215
4 QUAD C 345 KV 4 QUAD CITY 45TR1 18,4 QUAD C_345 KV_TR1 18:ACTUAL,4 QUAD C 18KV - 4 QUAD C 345KV (4 QUAD C 345 KV TR1 18) BASE
PLEASNTV-ASHBURN 274D A 230 KV,PLEASNTV_230 KV_274D:L230.GooseCreek-Ashburn-Beaumeade.227,PLEASNTV 230KV - ASHBURN 230KV (PLEASNTV 230 KV 274D) TEMP.GooseCreek-Ashburn-Beaumeade.227+BLMNT.CLO
PREST - TIBBS 138 KV L/O ASTER - COMMODORE 345 KV,PRES_138 KV_PRE-TIBB:Aster - CMDR 345 kV,PRES 138KV - TIBB 138KV (PRES 138 KV PRE-TIBB) Aster - CMDR 345 kV
CONASTON 230 KV CONASTON-NORTHWES 2322,NORTHWES230 KV 230-3 Conastone-Northwest (2322) 230 KV & N.West #2 tx,CONASTON-NORTHWES 2322      A   230 KV L230.Conastone-Northwest.2310
74 KEWAN B1Z1 DIS              138 KV,74 KEWAN_138 KV_BTIE Z1:L138.Corbin-CrescentRidge.98105,74 KEWAN B1Z5 DIS              138 KV L138.Corbin-CrescentRidge.98105
4 QUAD C345 KV  TR2 18,4 QUAD C_345 KV_TR2 18:ACTUAL,4 QUAD C 18KV - 4 QUAD C 345KV (4 QUAD C 345 KV TR2 18) BASE
FACEROCK69 KV   FAROZBR,FACEROCK_69 KV_FAROZBR:(NUKE) L500.PeachBottom-Conastone.5012,FACEROCK FAROZBR  SER DEV   A  69 KV L500.Conastone-PeachBottom.5012
CHAPRLTP 230 KV CHAPRLTP-CARSON4 249B,CHAPRLTP_230 KV_249B:L500.Carson-Midlothian.563,CARSON4 230KV - CHAPRLTP 230KV (CHAPRLTP 230 KV 249B) L500.Carson-Midlothian.563
GARDNERS 115 KV GARDNERS-TEXSEAST GAR-TEX,GARDNERS_115 KV_GAR-TEX:230/115.Lewistown.T3,TEXSEAST 115KV - GARDNERS 115KV (GARDNERS 115 KV GAR-TEX) 230/115/46.Lewistown.T2&T3
BENTONHA138 KV  BEN-WES1,BENTONHA_138 KV_BEN-WES1:ACTUAL,BENTONHA 138KV - WESTSTRE 138KV (BENTONHA 138 KV BEN-WES1) BASE
177 BURN 345 KV BURNHAM-MUNSTER2 TIE,177 BURN_345 KV_BUR-SHE1:345L17703 Burnham-Munster 345 kV Tie Line,177 BURN 345KV - MUNSTER2 345KV (177 BURN 345 KV BUR-MUN1) L765.Dumont-WiltonCenter.11215
CONASTON 230 KV CONASTON-NORTHWES 2322,NORTHWES230 KV 230-3 Conastone-Northwest (2322) 230 KV & N.West #2 tx,CONASTON-NORTHWES 2322      A  230 KV L500.Bedington-Black Oak + L500.Brighton-Conastone
GRACETON_230KVGRA-MANO_1_LN,GRACETON_230 KV_GRA-MANO:L500.Conastone-PeachBottom.5012,MANOR 230KV - GRACETON 230KV (GRACETON 230 KV GRA-MANO) L500.Conastone-PeachBottom.5012
ETOWANDA-HILLSIDE 2002 TIE  A   230 KV,ETOWANDA_230 KV_ETO-SCO:L345.Mainesburg-Watercure [NYISO],ETOWANDA 230KV - HILLSIDE 230KV (ETOWANDA 230 KV ETO-HIL) L345.Mainesburg-Watercure [NYISO]
CEDARCRE230 KV  CED-SIL,CEDARCRE_230 KV_CED-SIL:L230.Cartanza-Milford.23033,SILVERUN 230KV - CEDARCRE 230KV (CEDARCRE 230 KV CED-SIL) L230.Cartanza-Milford.23033
LINVFT 230 KV LINVFT -VFT_ST LIN-VFT1,LINVFT_230 KV_LIN-VFT1:ACTUAL,VFT_ST 230KV - LINVFT 230KV (LINVFT 230 KV LIN-VFT1) BASE
STILLWELL-DUMONT 345 L/O WILTON CENTER-DUMONT 765,DUMONT2_345 KV_DUM-TWI1:L765.Dumont-Wilton Center.11215,Maroa -E GooseCreek 345 kV l/o Wilton Center-Dumont 765 kV L765.Dumont-WiltonCenter.11215
FREMNT  138 KV  FRE-WFR1,FREMNT_138 KV_FRE-WFR1:ACTUAL,WFREMONT 138KV - FREMNT 138KV (FREMNT 138 KV FRE-WFR1) BASE
PA-CENT CONTINGENCY 1,ALBURTIS_500 KV_ALB-BRN1:L500.Juniata-Sunbury.5046,TRANSFER INTERFACE: PA-CENT L500.Juniata-Sunbury.5046
74 KEWAN B1Z1 DIS             138 KV,74 KEWAN_138 KV_BTIE Z1:L138.Corbin-CrescentRidge.98105,74 KEWAN B1Z5 DIS              138 KV L138.Corbin-CrescentRidge.98105
SUB85_SUB18_161_FLO_OAKGROVE_LOUISA_345,SB 71 6_161 KV_62230622:L345.Oakgrove-Louisa (MEC),DAVNPRT6 161KV - SB 85 56 161KV (DAVNPRT6 161 KV 62211622) L345.Oakgrove-Louisa (MEC)
POWERTON-TOWERLINE 138 KV L/O FARGO-SANDBURG 345 KV,3 POWERT_138 KV_POW-TWRL:L345.Fargo-Sandbrg,SANDBRG 161KV - SANDBRG 138KV (SANDBRG 161 KV TR3) Oak Grove - Sandburg 345 kV
12 DRESDEN 45TR81 CT H 345 KV,12 DRESD_345 KV_TR81CT-P:L345.Lockport-Kendall.10805,12 DRESD 345KV - 12 DRESD 1KV (12 DRESD 345 KV TR81CT-P) L345.Lockport-Kendall.10805
KINGSTON69 KV   KST-WOR,KINGSTON_69 KV_KST-WOR:ACTUAL,WOVERDPL 69KV - KINGSTON 69KV (KINGSTON 69 KV KST-WOR) BASE
SHADELAND-LAFAYETTE SOUTH 13808 L/O WESTWOOD-NW TAP 13806,08LAFYTE_138 KV_08L-LAF2:Westwood-08NW_Tap-WLafyett 138,Northwest Tap - Purdue 138 kV l/o Westwood - W Lafayette 138 kV Westwood-08NW_Tap-WLafyett 138
WHITESTN 115 KV WHITESTN-HARMONYV 65A,HARMONYV_230 KV_TX2:L230.Fredericksburg-Birchwood.2083,WHITESTN-HARMONYV 65A       B  115 KV L230.Fredericksburg-Birchwood.2083
JUNIATA 2 XFORMER H 500 KV,JUNIATA_500 KV_2:500/230.Juniata.T1,TRANSFER INTERFACE: 50045005 500/230.Juniata.T1 + SouthBus + 500.Cap2&3
GARRETAP-GARRETT B 115 KV,GARRETAP_115 KV_GAR-PEN:ACTUAL,GARRETAP 115KV - GARRETT 115KV (GARRETAP 115 KV GAR-GAR) L500.BlackOak-Hatfield
MEHOOPAN115 KV  MEH-NME1,MEHOOPAN_115 KV_MEH-NME1:North Meshoppen - Mehoopany2 115 kV line,MEHOOPAN 115KV - NMESHOPP 115KV (MEHOOPAN 115 KV MEH-NME1) North Meshoppen - Mehoopany2 115 kV line
GRACETON230 KV  GRA-MANO,GRACETON_230 KV_GRA-MANO:L500.Conastone-PeachBottom.5012,MANOR 230KV - GRACETON 230KV (GRACETON 230 KV GRA-MANO) L500.Conastone-PeachBottom.5012
NOTTINGH 230 KV NOTTINGHM 2-3 SER DEV,NOTTINGHM 2-3 SER DEV A 230 KV:TEMP.DBL.500/230.CONASTONE.500-4 + Peach Bot - Conaston,NOTTINGHM 2-3 SER DEV       A  230 KV 500/230.Conastone.500-4
CONASTON-PEACHBOT 5012 A 500 KV,CONASTON_500 KV_500-4:TEMP: TMI-PeachBot 5007 & PeachBot-Conastone 5012,50045005 CONASTON500 KV  500 B CBCB      OPEN    CONASTON500 KV  500 C CBCB      OPEN    PEACHBOT500 KV  235
CEDARGRO 230 KV CEDARGRO-CLIF B-2228-3 PS,CEDARGRO_230 KV_CED-CLIB:L230.CedarGrove-Clifton-Athenia.K-2263,CEDARGRO-CLIF  B-2228-3 PS  A  230 KV L230.CedarGrove-Clifton-Athenia.K-2263 + Ath.T2
BRIGHTON 6AB           CB      500 KV,GRANITE_230 KV_GRA-NOR6:L500.Brighton-Conastone,LINE    230 KV  GRA-RAP BRIGHTON500 KV  6AB     CB      OPEN    BRIGHTON500 KV  6BB     CB      OPEN    CONASTON500 KV  500
TURKEY HILL-HILGARD 138 KV L/O PRAIRIE STATE-MT VERNON 345 KV,HILG_138 KV_HIL-TURK:Prairie State-W Mt. Vernon 345,Turkey Hill-Ashley 138 kV l/o Prairie St-W Mt Vernon 345 kV Prairie State-W Mt. Vernon 345
SANDBURG XFMR 3 161/138 KV L/O OAK GROVE - SANDBURG 345 KV,SANDBRG_161 KV_TR3:Oak Grove - Sandburg 345 kV,SANDBRG 161KV - SANDBRG 138KV (SANDBRG 161 KV TR3) Oak Grove - Sandburg 345 kV
BIGPINET138 KV  BIG-KIS,BIGPINET_138 KV_BIG-KIS:L138.Springdale-All4Jct-All4Tap-All6-Brackenridge,KISKIVAL 138KV - BIGPINET 138KV (BIGPINET 138 KV BIG-KIS) L138.Springdale-All4Jct-All4Tap-All6-Brackenridge
CONASTON-PEACHBOT 5012 A 500 KV,CONASTON_500 KV_500-4:TEMP: TMI-PeachBot 5007 & PeachBot-Conastone 5012,PEACHBOT 500KV - CONASTON 500KV (CONASTON 500 KV CNS-PEA) L500.Hunterstown-Conastone.5013
CHARLTSV 230 KV CHARLTSV-PROFITDP 2054B1,CHARLTSV_230 KV_2054B1:L500.Elmont-Cunningham.553,CHARLTSV 230KV - PROFITDP 230KV (CHARLTSV 230 KV 2054B1) L500.Elmont-Cunningham.553
MT.VERNON-W.SALEM 138 KV L/O XENIA-NEWTON 345 KV,MT VRNO3_345 KV_TX00:Mt Vernon-Xenia 345 kV,Mt.Vernon-W.Salem 138 kV l/o Xenia-Newton 345 kV Xenia-Newton (31330323) 345 Line
BAGLEY 230 KV BAGLEY -GRACETON BAG-GRA,BAGLEY_230 KV_BAG-GRA:L230.Graceton-Bagley-RaphaelRoad.2313,GRACETON 230KV - BAGLEY 230KV (BAGLEY 230 KV BAG-GRA) L230.Graceton-Bagley-RaphaelRoad.2313
BAGLEY 230 KV BAGLEY -GRACETON BAG-GRA,BAGLEY_230 KV_BAG-RAP5:L500.Brighton-Conastone.5011,GRACETON 230KV - BAGLEY 230KV (BAGLEY 230 KV BAG-GRA) L500.Brighton-Conastone.5011
ASHBURN-GOOSECRE 227D       B  230 KV,GOOSECRE_500 KV_TX1:L230.Beaumead-Ashburn-PleasantView.274,GOOSECRE 230KV - ASHBURN 230KV (ASHBURN 230 KV ASH-GOOS) L230.Beaumead-Ashburn-PleasantView.274
MARDELA-VIENNA 6708-1 A 69 KV,MARDELA_69 KV_MAR-VIE:L138.Loretto-Vienna.13780,MARDELA-VIENNA 6708-1       A  69 KV L138.Loretto-Vienna.13780
ELIMA   138 KV  ELI-HAV1,ELIMA_138 KV_ELI-HAV1:L345.EastLima-MaddoxCreek,HAVILAND 138KV - ELIMA 138KV (ELIMA 138 KV ELI-HAV1) L345.EastLima-MaddoxCreek
FREMNT-FREMONTC A 138 KV,FREMNT_138 KV_FRE-FRE1:L138/69.Fremont.T1 + 69.Fremont.Bus,FREMNT 138KV - FREMONTC 138KV (FREMNT 138 KV FRE-FRE1) L138/69.Fremont.T1 + 69.Fremont.Bus
CUSHAW 115 KV CUSHAW -BALCFALL 28A,CUSHAW_115 KV_28A:ACTUAL,BALCFALL 115KV - CUSHAW 115KV (CUSHAW 115 KV 28A) BASE
CUMB PL 230 KV CUMB PL-JUNIATA 2235,CUMB PL_230 KV_CUM-JUN:L500.Conastone-PeachBottom.5012,JUNIATA 230KV - CUMB PL 230KV (CUMB PL 230 KV CUM-JUN) L500.Conastone-PeachBottom.5012
BUTLER  69 KV   BUT-SHE,BUTLER_69 KV_BUT-SHE:L69.Sherman-Vineland.0761,SHERMAN 69KV - BUTLER 69KV (BUTLER 69 KV BUT-SHE) L69.Sherman-Vineland.0761
NEWCARLI138 KV  NEW-PLE,NEWCARLI_138 KV_NEW-PLE:ACTUAL,NEWCARLI 138KV - PLETCHER 138KV (NEWCARLI 138 KV NEW-PLE) 345/138.BentonHarbor.T1 (Sctnlz)
LENOX 115 KV LENOX-NMESHOPP NML 1090,LENOX_115 KV_LEN-NME:Lenox-NMeshopp 1090 & Lackawanna-OXBOW DBL,NMESHOPP 115KV - LENOX 115KV (LENOX 115 KV LEN-NME) L500.Hopatcong-Lackawanna.5063
CEDARSUB230 KV CED-WILF,CEDARSUB_230 KV_CED-WILF:L230.CedarGrove-CedarSub-Roseland.Y-2277,WILLIAM1 230KV - CEDARSUB 230KV (CEDARSUB 230 KV CED-WILF) L230.CedarGrove-CedarSub-Roseland.Y-2277
GRABILL 138 KV GRABILL-ROBISONP,GRABILL_138 KV_GRA-ROB1:L138.Auburn-Varner,ROBISONP 138KV - GRABILL 138KV (GRABILL 138 KV GRA-ROB1) L138.Auburn-Varner
MOUN UGI 230 KV MOUN UGI 3 XFORMER,MOUN UGI_230 KV_3:ACTUAL,MOUN UGI230 KV  2 Mountain XF3 (UGI) w/ 23030 closed
CEDARSUB230 KV CED-WILF,CEDARSUB_230 KV_CED-WILF:L500.Hopatcong-Ramapo.5018,WILLIAM1 230KV - CEDARSUB 230KV (CEDARSUB 230 KV CED-WILF) L500.Hopatcong-Ramapo.5018
HOPECREE230 KV  HOP-SIL,HOPECREE_230 KV_HOP-SIL:L500.HopeCreek-RedLion.5015,HOPECREE 230KV - SILVERUN 230KV (HOPECREE 230 KV HOP-SIL) L500.HopeCreek-RedLion.5015
MERIDIAN345 KV  MER-TWI1,MERIDIAN_345 KV_MER-TWI1:L765.Dumont-Sorenson,TWINBRAN 345KV - MERIDIAN 345KV (MERIDIAN 345 KV MER-TWI1) L765.Dumont-Sorenson
BIGPINET138 KV  BIG-KIS,BIGPINET_138 KV_BIG-KIS:L138.Kittanning-AllDam6,KISKIVAL 138KV - BIGPINET 138KV (BIGPINET 138 KV BIG-KIS) L138.Kittanning-AllDam6 + Seneca 1
BUTL APS 138 KV BUTL APS-KARNSCIT KC-BT,ALLDAM6_138 KV_ALL-KIT:BUTL APS-KARNSCIT (APS),BUTL APS-KARNSCIT KC-BT     A  138 KV L138.Armstrong-Garrn Jct-Kiski Valley-Kittanning
LOGTOWN 138 KV  LOG-NDEL,LOGTOWN_138 KV_LOG-NDEL:L765.Marysville-Sorenson,LOGTOWN 138KV - NDELPHOS 138KV (LOGTOWN 138 KV LOG-NDEL) L765.Marysville-Sorenson
KRENDALE 138 KV KRENDALE-SHANORMA KND-BT,KRENDALE_138 KV_KRE-SHA:L500.Cabot-Cranberry,SHANORMA 138KV - KRENDALE 138KV (KRENDALE 138 KV KRE-SHA) L500.Cabot-Cranberry
EWATERVT138 KV  EAS-WES,EWATERVT_138 KV_EAS-WES:ACTUAL,WESTSTRE 138KV - EWATERVT 138KV (EWATERVT 138 KV EAS-WES) L345.Cook-Segreto
LACKAWAN-OXBOW ETP 2004 A 230 KV,LACKAWAN_500 KV_4:TEMP:DBL.Lackawanna-Paupack+Lackawanna-Oxbow-Nmesh,LACKAWAN-OXBOW ETP 2004     A  230 KV Susquehanna.U1 (for SA)
BAGLEY  230 KV  BAG-RAP5,BAGLEY_230 KV_BAG-RAP5:L500.Brighton-Conastone.5011,BAGLEY 230KV - RAPHAERD 230KV (BAGLEY 230 KV BAG-RAP5) L500.Brighton-Conastone.5011
REMNTNCT230 KV  299A,REMNTNCT_230 KV_299A:L230.Remington-RemingtonCT.2077,MARSHRUN 230KV - REMNTNCT 230KV (REMNTNCT 230 KV 299A) L230.Remington-RemingtonCT.2077
JORDAN - WFRANKFORT E 138KV L/O JORDAN - MASSAC 345KV,E W FKF3_138 KV_EWF-JORD:Jordan- Massac 345kV,JORD 138KV - E W FKF3 138KV (E W FKF3 138 KV EWF-JORD) Jordan- Massac 345kV
COLLEGEC 138 KV COLLEGEC-COLLINSV,COLLINSV_138 KV_HUS-COL:L765.Marysville-Sorenson,COLLEGEC 138KV - COLLINSV 138KV (COLLEGEC 138 KV COL-COL6) L765.Marysville-Sorenson
HARWOOD 230 KV HARWOOD -SUSQUEHA HAR-SUS2,HARWOOD_230 KV_HAR-SUS2:L230.Harwood-Susquehanna.1,SUSQUEHA 230KV - HARWOOD 230KV (HARWOOD 230 KV HAR-SUS2) L230.Harwood-Susquehanna.1 + 230/69.Harwood.T5
MAYWOOD 230 KV MAYWOOD-SADDLEBR G-2259,BERGEN_230 KV_BER-LEO:L230.Maywood-Saddlebrook.G-2259,MAYWOOD-SADDLEBR G-2259     B  230 KV HUDSON 220-2 LINE(HUDSON BUS TIES CLOSED)
MARDELA-VIENNA 6708-1 A 69 KV,MARDELA_69 KV_MAR-VIE:230/138.PineyGrove.AT20,MARDELA-VIENNA 6708-1      B  69 KV 230/138.PineyGrove.AT20+L230.PinyGrve-IndinR.23002
KOKOMO - TIPTON W. 230KV L/O NUCOR - CAYUGA 345KV,KOKOMOPS_230 KV_KOK-NEW1:Nucor-Cayuga 345 kV,KOKOMOPS 230KV - TIPTON W 230KV (KOKOMOPS 230 KV KOK-TIP) L345.Cayuga-Nucor (CIN)
GREYSPT 115 KV  GRE-HARM,GREYSPT_115 KV_GRE-HARM:L230.Fredericksburg-Birchwood.2083,HARMONYV 115KV - GREYSPT 115KV (GREYSPT 115 KV GRE-HARM) L230.Fredericksburg-Birchwood.2083
MAROA -E GOOSECREEK 345 KV L/O WILTON CENTER-DUMONT 765 KV FG,66 E FRN_345 KV_6608:L765.Dumont-Wilton Center.11215,Maroa -E GooseCreek 345 kV l/o Wilton Center-Dumont 765 kV L765.Dumont-WiltonCenter.11215
BRUNNERI 230 KV BRUNNERI-YORKANA 1055,BRUNNERI_230 KV_BRU-YOR:L500.Conastone-PeachBottom.5012,BRUNNERI-YORKANA 1055       A  230 KV L500.Conastone-Peach Bottom.5012
PARADISE-BR TAP 161KV L/O WILSON BR UNIT 1,BR_TAP_161 KV_BRT-PAR:Wilson Unit 1,PARADIS 161KV - BR_TAP 161KV (BR_TAP 161 KV BRT-PAR) Wilson Unit 1
RISING BONDVILL 138 KV L/O RISING SIDNEY 345 KV,NCHAMPGN_138 KV_NCH-PERK:Sidney-Rising 345 kV,RISING 138KV - BONDVIL 138KV (RISING 138 KV 1642) L345.Rising-Sidney
MOHOMET - CHAMPTP 138 KV L/O CLINTON-OREANA-GOOSECRK 345 KV,CHAMP T3_138 KV_1592 2:L345.Oreana-Maroa-Clinton-GooseCreek,MAHOMET 138KV - CHAMP T3 138KV (CHAMP T3 138 KV 1592   2) L345.Oreana-Maroa-Clinton-GooseCreek
TRENTON2138 KV  TRE-COL1,TRENTON2_138 KV_TRE-COL1:ACTUAL,TRENTON2138 KV  HUS-TRE TANNERS CREEK DEARBORN1 345KV LINE
BAGLEY  230 KV  BAG-GRAC,BAGLEY_230 KV_BAG-GRAC:L500.Brighton-Conastone,GRACETON 230KV - BAGLEY 230KV (BAGLEY 230 KV BAG-GRAC) L500.Brighton-Conastone.5011
EASTON-EMUNI 6772 A 69 KV,EASTON_69 KV_EAS-EMU:ACTUAL,EASTON 69KV - EMUNI 69KV (EASTON 69 KV EAS-EMU) Jefferson-Rockport 765+Rockport Unit 1
16901   138 KV  16901 Z1,16901_138 KV_16901 Z1:ACTUAL,979 MEND 138KV - 16901 138KV (16901 138 KV 16901 Z1) Tidd.Cardinal.U1
BRAMBLET230 KV  BRA-EVRG,BRAMBLET_230 KV_BRA-EVRG:L230.Brambleton-PolandRoad.2183,BRAMBLET 230KV - EVRGREEN 230KV (BRAMBLET 230 KV BRA-EVRG) L230.Brambleton-PolandRoad.2183
74 KEWAN B1Z5 DIS              138 KV,74 KEWAN_138 KV_BTIE Z1:L138.Corbin-CrescentRidge.98105,74 KEWAN B1Z5 DIS              138 KV L138.Corbin-CrescentRidge.98105
HANOVER 69 KV   HAN-PAR,HANOVER_69 KV_HAN-PAR:ACTUAL,PARRISPL 69KV - HANOVER 69KV (HANOVER 69 KV HAN-PAR) 230/69.Mountain.T3(UGI)
GRACETON 230 KV GRACETON-SAFEHARB 2303,GRACETON_230 KV_GRA-MANO:500/230.Conastone.500-4,GRACETON-SAFEHARB 2303      A  230 KV L500.Brighton-Conastone
DESOTO  138 KV  DES-SEL,DESOTO_138 KV_DES-SEL:L765.Marysville-Sorenson,DESOTO 138KV - SELMAPAR 138KV (DESOTO 138 KV DES-SEL) L765.Marysville-Sorenson
VIENNA 230 KV VIENNA AT20 TRANSFORMER,VIENNA_230 KV_AT20:L230.IndianRiver-Milford.23034,MILFORD 230KV - COOLSPRI 230KV (COOLSPRI 230 KV COL-MIL) L230.IndianRiver-Milford.23034 & L230.Steele-Vienna.23085 & 230/138.Vienna.AT20
TURKEY HILL-MASCOUTA 138 KV L/O PRAIRIE STATE-MT VERNON 345 KV,HILG_138 KV_HIL-TURK:Prairie State-W Mt. Vernon 345,Turkey Hill-Mascouta 138 kV l/o Prairie State-Mt Vernon 345 kV Prairie State-W Mt. Vernon 345
DICKERSH 230 KV DICKERSH-DICKERSO 23103,DICKERSH_230 KV_DIC-DOU2:L500.Doubs-GooseCreek.514,DICKERSH 230KV - DICKERSO 230KV (DICKERSH 230 KV DIC-DIC4) TEMP:L500.Doubs-GooseCreek.514 & Dickerson.23103
BUTL APS 138 KV BUTL APS-KARNSCIT KC-BT,BUTL APS_138 KV_BUT-KAR:L345.ErieWest-Ashtabula-Perry + SPS.Warren,BUTL APS-KARNSCIT KC-BT     A  138 KV L345.ErieWest-Ashtabula-Perry + SPS.Warren
CEDARGRO 230 KV CEDARGRO-JACK PS L-2238,NEWP PS_230 KV_NEW-SWAQ:ACTUAL,CEDARGRO 230KV - JACK PS 230KV (CEDARGRO 230 KV CED-JAC) L500.Hopatcong-Ramapo.5018
YORKANA B43 CB  230 KV,YORKANA_230 KV_BANK 1:500/230.Conastone.500-4,JACK ME 230KV - YORKANA 230KV (JACK ME 230 KV JAC-YOR) DBL:Conastone.TX500-4 & L500.Brighton-Constne.5011
LINCOLN 115 KV LINCOLN-STRABAN 998,LINCOLN_115 KV_LIN-ORRT:L500.Brighton-Conastone.5011,LINCOLN 115KV - STRABAN 115KV (LINCOLN 115 KV LIN-STR) L500.Brighton-Conastone.5011
CARL PN-GARDNERS 1049 B 115 KV,CARL PN_115 KV_CAR-GAR:230/115.Lewistown.T3,GARDNERS 115KV - CARL PN 115KV (CARL PN 115 KV CAR-GAR) 230/115/46.Lewistown.T2&T3
MEHOOPAN115 KV  MEH-NME2,MEHOOPAN_115 KV_MEH-NME1:North Meshoppen - Mehoopany2 115 kV line,MEHOOPAN 115KV - NMESHOPP 115KV (MEHOOPAN 115 KV MEH-NME1) North Meshoppen - Mehoopany2 115 kV line
ALLDAM6 138 KV ALLDAM6-KITTANNI SP-KT,ALLDAM6_138 KV_ALL-KIT:L138.KiskiValley-AlleghenyLudlum2-ShaffersCorner,ALLDAM6 138KV - KITTANNI 138KV (ALLDAM6 138 KV ALL-KIT) L138.KiskiValley-BrackenRidge-ShaffersCorner
GRACETON 230 KV GRACETON-SAFEHARB 2303,GRACETON_230 KV_GRA-MANO:L500.Hunterstown-Conastone.5013+Cap,GRACETON-SAFEHARB 2303      A  230 KV L500.Hunterstown-Conastone.5013+Cap
RAMAPO  138 KV  RAM-SMA,RAMAPO_138 KV_RAM-SMA:ACTUAL,RAMAPO 138KV - SMAWA 138KV (RAMAPO 138 KV RAM-SMA) 345/138.SouthMahwah.BK258
CAYUGA-HILSDALEN 230 KV L/O DRESSER-SUGARCREEK 345 KV,CAYUGA2_230 KV_CAY-HILS:Dresser-SugarCreek 345 kV,SugarCreek-Dresser 345kV l/o Cayuga-BK10 345-230kV Cayuga 345/230 xfmr 10
VERMILION-TILTON 138 KV L/O BUNSONVILLE-SIDNEY 345 KV,NCHAMPGN_138 KV_NCH-VERM:Vermilion-Tilton 138 kV,Vermilion-Tilton 138 kV l/o Sullivan-Casey 345 kV Sullivan-Casey West 345 kV
18 WILL 138 KV 18 WILL -1808 1808 1,18 WILL_138 KV_1808 1:ACTUAL,LINE    138 KV  1808 1 0907    138 KV  0720CS  DIS     OPEN    103 LISL138 KV  L1809 CBCB      OPEN    18 WILL 138 KV  L180
WEEDMAN_MAHOMET_138_FLO_CLINTON_OREAN,WEEDMAN3_138 KV_1592 5:Clinton-Oreana-GooseCrk 345 kV,WEEDMAN3 138KV - MAHOMET 138KV (WEEDMAN3 138 KV 1592   4) Clinton-Oreana-GooseCrk 345 kV
GRANT 138 KV GRANT-GREENTO2,GRANT_138 KV_GRA-GRE1:ACTUAL,GRANT-GREENTO2 TIE          B  138 KV Desoto T1 345/138kV (Sectionalized)
KAMMER2 138 KV KAMMER-NATRIUM,NATRIUM2_138 KV_NAT-NEW:L765.Kammer-Belmont-Mountaineer,KAMMER2 138KV - NATRIUM2 138KV (KAMMER2 138 KV KAM-NAT) BASE
HIGHLAOE138 KV  HIG-COM1,HIGHLAOE_138 KV_HIG-COM1:DBL:Hanna-Highland 345kv + Sammis-Wellsville 345kv,HIGHLAOE 138KV - COMERC 138KV (HIGHLAOE 138 KV HIG-COM1) DBL.345/138.HoytT2+L345.Wellsville-Sammis
HAVILAND138 KV HAV-TIM,HAVILAND_138 KV_HAV-TIM:L765.Marysville-Sorenson,TIMBERRD 138KV - HAVILAND 138KV (HAVILAND 138 KV HAV-TIM) L765.Marysville-Sorenson
1206    138 KV  1206 4,1206_138 KV_1206 4:ACTUAL,J375 138KV - 1206 138KV (1206 138 KV 1206 4) BASE
BAGLEY  230 KV  BAG-GRAC,BAGLEY_230 KV_BAG-GRAC:L230.Graceton-Bagley-RaphaelRoad.2305,GRACETON 230KV - BAGLEY 230KV (BAGLEY 230 KV BAG-GRAC) L230.Graceton-Bagley-RaphaelRoad.2305
981 CRES138 KV 7413,981 CRES_138 KV_7413:ACTUAL,981 CRES 138KV - 74 KEWAN 138KV (981 CRES 138 KV 7413) L138.Mazon-CrescentRdg-Oglesby.7713 (Oglesby Tap)
DARLEYRD 69 KV DARLEYRD-NAAMANS 6835,DARLEYRD_69 KV_DAR-NAA:230/138.Edgemoor.AT20,NAAMANS 69KV - DARLEYRD 69KV (DARLEYRD 69 KV DAR-NAA) 230/138.Edgemoor.AT20
OTTCRKPL230 KV  OTT-YOR,OTTCRKPL_230 KV_OTT-YOR:L500.Conastone-PeachBottom.5012,YORKANA 230KV - OTTCRKPL 230KV (OTTCRKPL 230 KV OTT-YOR) L500.Conastone-PeachBottom.5012
CONASTON 230 KV CON-GRAC,CONASTON_230 KV_CON-GRAC:L230.Conastone-Graceton.2323,CONASTON 230KV - GRACETON 230KV (CONASTON 230 KV CON-GRAC) L230.Conastone-Graceton.2323
DEQUINE 345 KV  DEQ-FOWJ,DEQUINE_345 KV_DEQ-FOWJ:ACTUAL,FOWLERJC 345KV - DEQUINE 345KV (DEQUINE 345 KV DEQ-FOWJ) BASE
LINE 230 KV CEDARGRO-ROSELAND CED-ROSY,CEDARSUB_230 KV_CED-ROSY:L230.Roseland-William.S-2297,ROSELAND 230KV - CEDARSUB 230KV (CEDARSUB 230 KV CED-ROSY) L230.Roseland-William.S-2297
PIPECREE138 KV  MUL-PIP1,PIPECREE_138 KV_PIP-STR:L765.Dumont-Sorenson,PIPECREE-MULFBTAP MUL-PIP1  B  138 KV L765.Dumont-Sorenson
N COULTERVIL 138/230 KV L/O PRAIRIE STATE - W MT.VERNON 3,LAC N T3_138 KV_32291322:Prairie State-W Mt. Vernon 345,N Coultervil 138/230 kV l/o Prairie State - W Mt.Vernon 3 L345.PrairieState-MountVernon
MERIDIAN-TWINBRAN           B  345 KV,MERIDIAN_345 KV_MER-SOR1:L765.Dumont-Sorenson,TWINBRAN 345KV - MERIDIAN 345KV (MERIDIAN 345 KV MER-TWI1) L765.Dumont-Sorenson
MILLWDPL230 KV  MIL-SAK,MILLWDPL_230 KV_MIL-SAK:L500.Conastone-PeachBottom.5012,SAKRON 230KV - MILLWDPL 230KV (MILLWDPL 230 KV MIL-SAK) L500.Conastone-PeachBottom.5012
COLORA 230 KV COLORA-CONOWING 220-88,COLORA_230 KV_COL-CON2:L230.Conowingo-Nottingham-220-03,CONOWING 230KV - COLORA 230KV (COLORA 230 KV COL-CON2) L230.Conowingo-Nottingham-220-03
WMOULTON 69 KV WMOULTON-09ST_MRY,WMOULTON_69 KV_WMO-09S1:ACTUAL,WMOULTON 69KV - 09ST_MRY 69KV (WMOULTON 69 KV WMO-09S1) BASE
LAFAYETTE 138/230 KV TR1 L/O LAFAYETTE 138/230 TR4,SHAWVILL_230 KV_BNK 2A-P:TEMP: Shaw U1 + Lewis Run TR4 + Forrest TR1 CB,08LAFYTE 138KV - 08LAFYTE 1KV (08LAFYTE 138 KV 1S) Lafayette 138/230kV TR4
MONROE-LALLENDORF 345 KV L/O LULU 345 KV SUB,LEMOYNE2_345 KV_MAJ-LEM1:L345.Lulu Tap(Morocco-Lulu-Milan-Monroe),MONROE 345KV - LALLENDO 345KV (LALLENDO 345 KV LAL-MON) L345.Lulu Tap(Morocco-Lulu-Milan-Monroe)
AP SOUTH REACTIVE TRANSFER INTERFACE,AP SOUTH for l/o Dooms-Valley:L500.Dooms-Valley.549,TRANSFER INTERFACE: BED-BLA L500.Conemaugh-Hunterstown.5006 + Hnrtwn.500.Cap1
BAIR 115 KV BAIR-JACK ME 969-2,BAIR_115 KV_BAI-JAC:L115.Yorkana-Yoe-Redfront-Windsor,JACK ME 115KV - BAIR 115KV (BAIR 115 KV BAI-JAC) L115.Yorkana-Yoe-Redfront-Windsor
CANYON  230 KV  CAN-EAS,CANYON_230 KV_CAN-EAS:ACTUAL,CANYON 230KV - ETOWANDA 230KV (CANYON 230 KV CAN-EAS) L500.Breinigsville-Wescosville.5044
ELIMA   138 KV  ELI-HAV1,ELIMA_138 KV_ELI-HAV1:L765.Maliszewski-Marysville,HAVILAND 138KV - ELIMA 138KV (ELIMA 138 KV ELI-HAV1) L765.Maliszewski-Marysville
BEDINGTO_T1_500TRAN2_XF,BEDINGTO_500 KV_TRAN 2:L500.Bedington-Doubs,BEDINGTO TRAN  2  XFORMER   H  500 KV L500.Bedington-Doubs
GEORGEWA 138 KV GEORGEWA-KAMMER2,GEORGEWA_138 KV_GEO-KAM:L345.Kammer-WestBellaire,KAMMER2 138KV - GEORGEWA 138KV (GEORGEWA 138 KV GEO-KAM) L345.Kammer-WestBellaire
TRENTON2138 KV  TRE-COL1,TRENTON2_138 KV_TRE-COL1:L765.Marysville-Sorenson,COLLEGEC 138KV - TRENTON2 138KV (TRENTON2 138 KV TRE-COL1) L765.Marysville-Sorenson
BIGPINET_138KVBIG-KIS_1_LN,BIGPINET_138 KV_BIG-KIS:L138.Kittanning-AllDam6 + Seneca 1,KISKIVAL 138KV - BIGPINET 138KV (BIGPINET 138 KV BIG-KIS) L138.Kittanning-AllDam6 + Seneca 1
LINE 230 KV CEDARGRO-ROSELAND CED-ROSY,CEDARSUB_230 KV_CED-ROSY:L230.Roseland-William.S-2297,CEDARGRO-ROSELAND CED-ROSY  A  230 KV L230.CedarGrove-Roseland.F-2206
PLEASNTV-ASHBURN 274D A 230 KV,PLEASNTV_230 KV_274D:L230.Belmont-CochranMill-Ashburn-Beaumeade.227,PLEASNTV 230KV - ASHBURN 230KV (PLEASNTV 230 KV 274D) L230.Belmont-CochranMill-Ashburn-Beaumeade.227
NOTTINGH_NOT2302-3_1_LN,NOTTINGH_230 KV_NOT-PEA:L500.Conastone-PeachBottom.5012,NOTTINGH_NOT2302-3_1_LN L500.Conastone-PeachBottom.5012
NORTH PORT - ALBIONIM L/O ROBISON PARK 345/138 T5 XF,ALBIONIM_138 KV_ALB-NOR1:345/138.RobisonPark.T5,NORTHPOR 138KV - ALBIONIM 138KV (ALBIONIM 138 KV ALB-NOR1) Robison Park 345/138 T5 XF
ROXBURY 115 KV ROXBURY-SHADEGAP KR 1075,SHADEGAP_115 KV_SHA-THR:L500.Conastone-PeachBottom.5012,ROXBURY-SHADEGAP KR 1075    B  115 KV L500.Conastone-PeachBottom.5012
GLENBROO69 KV   GLE-KOON,GLENBROO_69 KV_GLE-KOON:ACTUAL,GLENBROO 69KV - KOONSVIL 69KV (GLENBROO 69 KV GLE-KOON) L69.Hunlock-Lincoln
HARWOOD 230 KV HARWOOD-SUSQUEHA,SUSQUEHA_500 KV_21:L230.Harwood-Susquehanna.2,SUSQUEHA500 KV  21 L230.Harwood-Susquehanna.2
SEWARD 115 KV SEWARD-TOWER51 H1H2 1097,SEWARD_115 KV_SEW-TOW:L115.Hilltop-Krayn-RachelHill (HillclayJct&Salix),SEWARD 115KV - TOWER51 115KV (SEWARD 115 KV SEW-TOW) L115.Hilltop-Krayn-RachelHill (HillclayJct&Salix)
CRESCENT RIDGE - 7713 138 L/O KEWANEE EAST - BUREAU,3 POWERT_138 KV_POW-TWRL:L138.KewaneeEast-Bureau (Ameren),Crescent Ridge - 7713 138 l/o Kewanee East - Bureau L138.KewaneeEast-Bureau (Ameren)
STATE LN- ROXANA 138 KV L/O SHEFFIELD XFMR 345/138 KV,17ROXANA_138 KV_17R-PRA1:Sheffield-Gary Ave 345 kV,STATE LINE-ROXANA 138 KV L/O SHEFFIELD 345/138-KV XFMR SHEFFILD345 KV  1       CMPTRAFODUMMY
BELLEFON138 KV  T3,BELLEFON_138 KV_T3:138/69/34.Bellefonte.T2,BELLEFON 138KV - BELLEFON 69KV (BELLEFON 138 KV T3) 138/69/34.Bellefonte.T2
RAPPAHAN115 KV  RAP-WHIT,RAPPAHAN_115 KV_RAP-WHIT:L230.Fredricksburg-Birchwood path CES,RAPPAHAN 115KV - WHITESTN 115KV (RAPPAHAN 115 KV RAP-WHIT) L230.Lanexa-Dunnsville-NorthernNeck.224
EAST MOLINE 345/161 KV 9T1 L/O QUAD CITIES - SUB91 345KV,SUB 39_345 KV_9T1:Quad-Sub 91 (0401 1)345 Line,SUB 39 345KV - SUB 39 161KV (SUB 39 345 KV 9T1) Quad-Sub 91 (0401 1)345 Line
HINSHAW - BURR OAK 345 KV L/O WILTON CENTER - DUMONT 765 KV,BURR_OAK_345 KV_BUR-HINS:Dumont-Wilton Center 765kV,HINSHAW 345KV - BURR_OAK 345KV (BURR_OAK 345 KV BUR-HINS) L765.Dumont-WiltonCenter.11215
MONROE-LALLENDORF 345 KV L/O LULU 345 KV SUB,LULU_345 KV_LUL-MON:Monroe-Lallendorf 345 kV,Monroe-Bayshore 345 kV l/o Lulu 345 kV Sub Lulu 3-Terminal Line 3
LINVFT_230KVLIN-VFT1_1_LN,LINVFT_230 KV_LIN-VFT1:ACTUAL,VFT_ST 230KV - LINVFT 230KV (LINVFT 230 KV LIN-VFT1) BASE
SAPONY  230 KV  TX2,SAPONY_230 KV_TX2:ACTUAL,SAPONY 35KV - SAPONY 230KV (SAPONY 230 KV TX2) Jefferson-Rockport 765+Rockport Unit 1
HOWARD2 138 KV  HOW-MEL1,HOWARD2_138 KV_HOW-MEL1:ACTUAL,MELMORE 138KV - HOWARD2 138KV (HOWARD2 138 KV HOW-MEL1) L345.Beaver-DavisBesse
CONASTON 500 KV CONASTON 500-4 XFORMER,CONASTON_500 KV_500-4:L500.Brighton-Conastone,CONASTON 500KV - CONASTON 230KV (CONASTON 500 KV 500-4) L500.Brighton-Conastone.5011
DOUBS   500 KV  DOU-GOO,DOUBS_500 KV_DOU-GOO:L500.BurchesHill-PossumPoint.560,DOUBS 500KV - GOOSECRE 500KV (DOUBS 500 KV DOU-GOO) L500.BurchesHill-PossumPoint.560
BUTL APS 138 KV BUTL APS-KARNSCIT KC-BT,BUTL APS_138 KV_BUT-KAR:Erie West-Ashtabula-Perry 345 kV line,BUTL APS-KARNSCIT KC-BT     A  138 KV L345.ErieWest-Ashtabula-Perry + SPS.Warren
CARL PN-GARDNERS 1049 B 115 KV,CARL PN_115 KV_CAR-GAR:L500.Brighton-Conastone,GARDNERS 115KV - CARL PN 115KV (CARL PN 115 KV CAR-GAR) L500.Brighton-Conastone.5011
PRESTON-TANYARD 6716-5 B 69 KV,BRIDGEVI_69 KV_BRD-TAT:L230.Steele-Vienna.23085 & 230/138.Vienna.AT20,TANYARD 69KV - PRESTON 69KV (PRESTON 69 KV PRE-TAN) L230.Steele-Vienna.23085 & 230/138.Vienna.AT20
911INDUS138 KV  911-NEWC,911INDUS_138 KV_911-NEWC:L345.McClelland-Shenango & Hoytdale-Mansfield,NEWCASOE 138KV - 911INDUS 138KV (911INDUS 138 KV 911-NEWC) L345.McClelland-Shenango
KERRDAM 115 KV  1019A,KERRDAM_115 KV_1019A:ACTUAL,KERRDAM 115KV - PALMERSP 115KV (KERRDAM 115 KV 1019A) L115.Carolina-EatonsFerry-Kerrdam.22
GRACETON230 KV  GRA-MANO,GRACETON_230 KV_GRA-MANO:L500.Hunterstown-Conastone.5013+Cap,MANOR 230KV - GRACETON 230KV (GRACETON 230 KV GRA-MANO) L500.Hunterstown-Conastone.5013
MAHOMET - OCB 1303 L/O DUMONT - WILTONCENTER 765KV,CHIC_AVE_138 KV_CHI-PRA1:L765.Dumont-WiltonCenter.11215,WEEDMAN3 138KV - MAHOMET 138KV (WEEDMAN3 138 KV 1592   4) L765.Dumont-WiltonCenter.11215
CUMB PL 230 KV CUMB PL-JUNIATA 2235,CARL PN_115 KV_CAR-GAR:L230.Dauphin-Juniata.1087 + 230/69.Dauphin.T2,JUNIATA 230KV - CUMB PL 230KV (CUMB PL 230 KV CUM-JUN) L230.Dauphin-Juniata.1087 + 230/69.Dauphin.T2
MEHOOPAN115 KV  MEH-NME1,MEHOOPAN_115 KV_MEH-NME1:ACTUAL,MEHOOPAN 115KV - NMESHOPP 115KV (MEHOOPAN 115 KV MEH-NME1) 230/115.NorthMeshoppen.T3
974 ZION345 KV  PLPL41,974 ZION_345 KV_PLPL41:L345.Zion-Pleasant Prairie.2221,PLEAS PR 345KV - 22 ZION 345KV (22 ZION 345 KV 2221) L345.Zion(EnergyCntr/974)-Pleasant Prairie.PLPL41
LENOX-MACNEW_T LEN-MAC     A  115 KV,MACNEW_T_115 KV_MAC-WIL:L230.ETowanda-Hillside.2002 [NYISO],LENOX 115KV - MACNEW_T 115KV (LENOX 115 KV LEN-MAC) L230.ETowanda-Hillside.2002 [NYISO]
EDISON2 138 KV  EDI-OLI1,EDISON2_138 KV_EDI-OLI1:L765.Dumont-Sorenson,OLIVE 138KV - EDISON2 138KV (EDISON2 138 KV EDI-OLI1) L765.Dumont-Sorenson
ALLDAM6 138 KV ALLDAM6-KITTANNI SP-KT,ALLDAM6_138 KV_ALL-KIT:L345.ErieWest-Ashtabula-Perry,ALLDAM6-KITTANNI SP-KT      A  138 KV (NUKE) L345.ErieWest-Ashtabula-Perry
BERGEN_230KVBER-HUD_1_LN,BERGEN_230 KV_BER-HUD:ACTUAL,BERGEN 230KV - HCS 230KV (BERGEN 230 KV BER-HUD) BASE
NEWBERRY-ROUNDTOP 975-1 A 115 KV,NEWBERRY_115 KV_NEW-ROU:Hunterstown-TexasEastern-Gardners (991) 115 kV lin,NEWBERRY 115KV - ROUNDTOP 115KV (NEWBERRY 115 KV NEW-ROU) Hunterstown-TexasEastern-Gardners (991) 115 kV lin
LINE 230 KV CEDARGRO-ROSELAND CED-ROSY,CEDARSUB_230 KV_CED-ROSY:L230.CedarGrove-CedarSub-William.F-2206,ROSELAND 230KV - CEDARSUB 230KV (CEDARSUB 230 KV CED-ROSY) L230.CedarGrove-CedarSub-William.F-2206
BROADVW 138 KV  BRO-FIN,BROADVW_138 KV_BRO-FIN:ACTUAL,FINLEY 138KV - BROADVW 138KV (BROADVW 138 KV BRO-FIN) L138.DeerCreek-London
BIGSANDY138 KV  BIG-BUS1,BIGSANDY_138 KV_BIG-BUS1:ACTUAL,BIGSANDY 138KV - BUSSEYVI 138KV (BIGSANDY 138 KV BIG-BUS1) BASE
GORE APS 138 KV GORE APS-STONEWAL JST4,GORE APS_138 KV_GOR-STO:L500.Bedington-Doubs,GORE APS 138KV - STONEWAL 138KV (GORE APS 138 KV GOR-STO) L500.Bedington-BlackOak
KEYSTONE_230KVKEY-SHE_1_LN,KEYSTONE_230 KV_KEY-SHE:ACTUAL,LINE    230 KV  KEY-SHE KEYSTONE500 KV  NO3TX500CB      OPEN    KEYSTONE500 KV  YUKON500CB      OPEN    SBEND   500 KV  SBL1
LAUSCHTO500 KV  T3,LAUSCHTO_500 KV_T3:L500.Conastone-PeachBottom.5012,LAUSCHTO 500KV - LAUSCHTO 230KV (LAUSCHTO 500 KV T3) L500.Conastone-PeachBottom.5012
BEDINGTO 500 KV BEDINGTO-BLACKOAK 500KV,CONEMAUG_500 KV_TX3:TEMP:Cabot-Keystone 5002 + Brighton-Conastone 5011,CONASTON 500KV - CONASTON 230KV (CONASTON 500 KV 500-4) L500.Brighton-Conastone.5011
CRESCENT-7713 138 L/O KEWANEE-STREATOR 6101 138,CRBN_138 KV_CRB-CRES:L138.74Kewanee-981Crescent.7413,Crescent-7713 138 l/o Kewanee-Streator 6101 138 Kewanee-Streator 6101 138
LACKAWAN500 KV  4,LACKAWAN_500 KV_4:L230.Lackawanna-Summit.2,LACKAWAN 230KV - LACKAWAN 500KV (LACKAWAN 500 KV 4) L230.lackawanna-Summit2 & Lackawanna-Paupack
BUNSONVILLE - EUGENE TIE 345KV L/O DUMONT - WILTON CENTER 765KV,EUGENE_345 KV_EUG-BUN1:Dumont-Wilton Center 765kV,Bunsonvill-Eugene 345 l/o WiltonCenter-Dumont 765 Dumont-Wilton Center 765kV
CEDARSUB230 KV CED-WILF,CEDARSUB_230 KV_CED-WILF:ACTUAL,WILLIAM1 230KV - CEDARSUB 230KV (CEDARSUB 230 KV CED-WILF) L230.CedarGrove-CedarSub-Roseland.Y-2277
MEHOOPAN115 KV  MEH-NME2,MEHOOPAN_115 KV_MEH-NME2:ACTUAL,MEHOOPAN 115KV - NMESHOPP 115KV (MEHOOPAN 115 KV MEH-NME2) 230/115.NorthMeshoppen.T3
GRANT 138 KV GRANT-GREENTO2,GREENTO2_138 KV_2-T:L765.Dumont-Sorenson,GREENTO2 138KV - GRANT 138KV (GRANT 138 KV GRA-GRE1) L765.Dumont-Sorenson
AP SOUTH REACTIVE TRANSFER INTERFACE,TRANSFER INTERFACE: BED-BLA:500/138.Bedington.T2&T4 + 500.Cap.2&3 (Sctnlz F),TRANSFER INTERFACE: AEP-DOM L500.Bedington-BlackOak
1808    138 KV  1808 3,1808_138 KV_1808 3:ACTUAL,1808    138 KV  1808 3 BASE
MIAMIFOR138 KV MIA-HEB,MIAMIFOR_138 KV_MIA-HEB:ACTUAL,MIAMIFOR 138KV - HEBRON1 138KV (MIAMIFOR 138 KV MIA-HEB) BASE
EDDINGTO 230 KV EDDINGTO-HOLMETAP 220-56,EDDINGTO_230 KV_EDD-EDD:L138.Emilie-Neshaminy.130-25,EDDINGTO 230KV - HOLMETAP 230KV (EDDINGTO 230 KV EDD-HOLT) L138.Emilie-Neshaminy.130-25
NOTTINGH 230 KV NOTTINGHM 2-3 SER DEV,NOTTINGHM 2-3 SER DEV A 230 KV:TEMP.DBL.500/230.CONASTONE.500-4 + Peach Bot - Conaston,NOTTINGHM 2-3 SER DEV       A  230 KV L500.Hunterstown-Conastone.5013
STATELIN-17WOLFLK NIP TIE A 138 KV,RICHLND_138 KV_TR-5:L345.Burnham-Munster.17703,STATELIN-17WOLFLK NIP TIE   B  138 KV 345L17703 Burnham-Munster 345 kV Tie Line
CUMB PL 230 KV CUMB PL-JUNIATA 2235,CUMB PL_230 KV_CUM-JUN:Juniata - TMI 5008 & Juniata - Dauphin,CUMB PL 230 KV  CUM-JUN JUNIATA TMI 500 LINE
02LYONS_138KV02L-02F1_1_LN,02LYONS_138 KV_02L-02F1:ACTUAL,02FAYET 138KV - 02LYONS 138KV (02LYONS 138 KV 02L-02F1) BASE
BENTONHA138 KV  BEN-CRY1,BENTONHA_138 KV_BEN-CRY1:345/138.Olive.T2(Sctnlz),BENTONHA 138KV - CRYSTAL 138KV (BENTONHA 138 KV BEN-CRY1) 345/138.Olive.T2
CEDARCRE_230KVCED-SIL_1_LN,CEDARCRE_230 KV_CED-SIL:L230.Cartanza-Milford.23033,SILVERUN 230KV - CEDARCRE 230KV (CEDARCRE 230 KV CED-SIL) L230.Cartanza-Milford.23033
LACKAWAN500 KV  3,LACKAWAN_500 KV_3:L230.Lackawanna-Summit.1,LACKAWAN 230KV - LACKAWAN 500KV (LACKAWAN 500 KV 3) L230.Lackawanna-Summit.1
LOCKWOOD 138 KV LOCKWOOD-RICHLND TIE,LOCKWOOD_138 KV_LOC-RIC1:L345.EastLima-MaddoxCreek,LOCKWOOD 138KV - RICHLND 138KV (LOCKWOOD 138 KV LOC-RIC1) L345.EastLima-MaddoxCreek
MAPLEST - CHRYSLER 138 KV L/O HIGHLANDPARK - NEWLONDON 230 KV,MAPLECIN_138 KV_MAP-08C1:L230.NewLondon-KokomoHighlandPark,MAPLECIN 138KV - 08CHRYSL 138KV (MAPLECIN 138 KV MAP-08C1) L230.NewLondon-KokomoHighlandPark
BEAUMEAD 274T2206 CB,BEAUMEAD 274T2206 CB 230 KV:L230.EVERGREENMILLS-YARLEYRIDGE.2209,BEAUMEAD 274T2206 CB L230.EvergreenMills-YarleyRidge.2209
EELKHART138 KV  EEL-MOT1,EELKHART_138 KV_EEL-ELC1:345/138.RobisonPark.T5,EELKHART138 KV  EEL-MOT1 L765.Flatlick-Marysville
FRACKVIL 230 KV FRACKVIL-SIEGFRIE,FRACKVIL_230 KV_FRA-SIE:L230.EastPalmerton-Harwood,FRACKVIL 230KV - SIEGFRIE 230KV (FRACKVIL 230 KV FRA-SIE) L230.EastPalmerton-Harwood
179 BLOOM  45TR84 CT       H  345 KV,179 BLOO_345 KV_TR84CT-P:L345.Bloom-Burnham.17908 + 345/138.Burnham.TR81,179 BLOO 345KV - 179 BLOO 1KV (179 BLOO 345 KV TR84CT-P) L345.Bloom-Burnham.17908 + 345/138.Burnham.TR81
HARWGATE 230 KV HARWGATE-LOCKS 205C,HARWGATE_230 KV_205C:L500.Carson-Midlothian.563,LOCKS 230KV - HARWGATE 230KV (HARWGATE 230 KV 205C) L500.Carson-Midlothian.563
ESIDELIM138 KV  ESI-NDE1,ESIDELIM_138 KV_ESI-STE1:L765.Marysville-Sorenson,ESIDELIM138 KV  ESI-NDE1 L765.Marysville-Sorenson
COLLEGEC 138 KV COLLEGEC-COLLINSV,COLLINSV_138 KV_HUS-COL:L345.TannersCreek-Dearborn.1,COLLEGEC 138KV - COLLINSV 138KV (COLLEGEC 138 KV COL-COL6) L345.TannersCreek-Dearborn.1
AUSTIN-TAYLOR 138 KV L/O PANA-AUSTIN 345 KV,AUSTIN_138 KV_AUS-TAY:Pana - Austin 345 kV,AUSTIN 138KV - TAYLORV3 138KV (AUSTIN 138 KV AUS-TAY) L345.Austin-Pana
HOOVERSV 115 KV HOOVERSV-TOWER51 H1H2 1071,HOOVERSV_115 KV_HOO-SCA:ACTUAL,TOWER51 115KV - HOOVERSV 115KV (HOOVERSV 115 KV HOO-TOW) L230.Conemaugh-Seward
ALLDAM6 138 KV ALLDAM6-KITTANNI SP-KT,ALLDAM6_138 KV_ALL-KIT:L345.Armstrong-HomerCity,ALLDAM6-KITTANNI SP-KT      A  138 KV L138.Armstrong-Garrn Jct-Kiski Valley-Kittanning
DAUPHIN 230 KV DAUPHIN-JUNIATA 1087,CARL PN_115 KV_CAR-GAR:L230.Dauphin-Juniata.1087 + 230/69.Dauphin.T2,SANDERSO 138KV - SANDERSO 13.8KV (SANDERSO 138 KV GSU1) L230.Dauphin-Juniata.1087 + 230/69.Dauphin.T2
MOREHEAD 69 KV MOREHEAD-KUMOR TIE,MOREHEAD_69 KV_MOR-KUM1:ACTUAL,RODBURN 69KV - MOREHEAD 69KV (MOREHEAD 69 KV MOR-KUM1) L765.Marysville-Sorenson
JACK ME 230 KV JACK ME-TMI 1051,JACK ME_230 KV_JAC-TMI:L500.Conastone-PeachBottom.5012,JACK ME-TMI 1051            B  230 KV L500.Conastone-Peach Bottom.5012
CENTRVIL138 KV  CEN-REU1,CENTRVIL_138 KV_CEN-REU1:L765.Cloverdale-JoshuaFalls,CENTRVIL 138KV - REUSENS 138KV (CENTRVIL 138 KV CEN-REU1) L765.Cloverdale-JoshuaFalls
CHARGER 138 KV  CHA-COU,CHARGER_138 KV_CHA-COU:L765.Dumont-Sorenson,COUNTRYS 138KV - CHARGER 138KV (CHARGER 138 KV CHA-COU) L765.Dumont-Sorenson
CARROLTO138 KV  CAR-CLI1,CARROLTO_138 KV_CAR-CLI1:ACTUAL,CLIFTYCR 138KV - CARROLTO 138KV (CARROLTO 138 KV CAR-CLI1) L345.Ghent-Trimble County
DESOTO  138 KV  DES-SEL,DESOTO_138 KV_DES-SEL:ACTUAL,DESOTO 138KV - SELMAPAR 138KV (DESOTO 138 KV DES-SEL) L765.Maliszewski-Marysville
HOWARD2 138 KV  HOW-MEL1,HOWARD2_138 KV_HOW-MEL1:L345.SouthBerwick-Galion,MELMORE 138KV - HOWARD2 138KV (HOWARD2 138 KV HOW-MEL1) L345.SouthBerwick-Galion
BUTL APS 138 KV BUTL APS-SHANORMA KND-BT,BUTL APS_138 KV_BUT-KAR:L500.Cabot-Cranberry,BUTL APS 138KV - SHANORMA 138KV (BUTL APS 138 KV BUT-SHA) L500.Cabot-Cranberry
HOMERCIT 345 KV HOMERCIT S.AUTO-P XFORMER,HOMERCIT_345 KV_S.AUTO-P:ACTUAL,HOMERCIT S.AUTO-S XFORMER   L  1 KV L345.HomerCity-Watercure [NYISO]
CHICAGO - PRAXAIR3 138 KV L/O BURNHAM - MUNSTER 345 KV,CHIC_AVE_138 KV_CHI-USS1:Chicago Ave-Praxair3,CHIC_AVE 138KV - PRAXAIR3 138KV (CHIC_AVE 138 KV CHI-PRA2) Burnham-Munster 345
DANVILLE-EDANVILL B 138 KV,DANVILLE_138 KV_DAN-EDA1:L500.Carson-RogersRoad.585,EDANVILL 138KV - DANVILLE 138KV (DANVILLE 138 KV DAN-EDA1) L500.Carson-RogersRoad.585
MAHANSLA 138 KV MAHANS LANE-TIDD,CARNEGIE_138 KV_CAR-WEI:WEIRTON-MAHANS LANE 138 KV (APS),MAHANS LANE-TIDD            B  138 KV L345.Sammis-WylieRidge.240
GREENTOWN 765/138 KV XFMR 3 L/O DUMONT-SORENSON765 KV,MAPLECIN_138 KV_MAP-08C1:Greentown 765/138 xfmr 2,Greentown 765/138 kV xfmr 3 l/o Dumont-Sorenson765 kV L765.Dumont-Sorenson
BAGLEY - GRACETON 2305 B 230 KV,BAGLEY_230 KV_BAG-RAP5:L500.Brighton-Conastone.5011,GRACETON 230KV - BAGLEY 230KV (BAGLEY 230 KV BAG-GRA) L500.Brighton-Conastone.5011
BRUNSWIC230 KV  BRU-MEA,BRUNSWIC_230 KV_BRU-MEA:L500.Hopatcong-Roseland.5061,BRUNSWIC 230KV - MEADOWRD 230KV (BRUNSWIC 230 KV BRU-MEA) L500.Hopatcong-Roseland.5061
08LAPLJT138 KV  08L-SAN1,08LAPLJT_138 KV_08L-SAN1:ACTUAL,08LAPLJT 138KV - SANDERSO 138KV (08LAPLJT 138 KV 08L-SAN1) Jefferson-Rockport 765+Rockport Unit 2
SHAWVILL115 KV  BNK 1A-S,SHAWVILL_115 KV_BNK 1A-S:Shawville.U2,SHAWVILL 1KV - SHAWVILL 115KV (SHAWVILL 115 KV BNK 1A-S) TEMP.Shawville-Elko & U2
CONCORD 138 KV  CON-COU,CONCORD_138 KV_CON-COU:L765.Dumont-Sorenson,CONCORD 138KV - COUNTRYS 138KV (CONCORD 138 KV CON-COU) L765.Dumont-Sorenson
BERWICK 69 KV BERWICK-KOONSVIL,CHEROKE1_69 KV_CHE-DAN2:L230.Columbia-Montour,BERWICK-KOONSVIL            A  69 KV L230.Columbia-Montour
GARDNERS_115KVGAR-TEX_1_LN,GARDNERS_115 KV_GAR-TEX:L500.Hunterstown-Conastone.5013+Cap,TEXSEAST 115KV - GARDNERS 115KV (GARDNERS 115 KV GAR-TEX) L500.Hunterstown-Conastone.5013
NUCOR-WHITESTOWN 345KV L/O DREESSER-SUGARCREEK 345KV,NUCOR_345 KV_NUC-WHI1:Dresser-SugarCreek 345 kV,NUCOR 345KV - WHITESTO 345KV (NUCOR 345 KV NUC-WHI1) Dresser-SugarCreek 345 kV
BLACKOAK 500 KV BLACKOAK TRAN 3 XFORMER,BLACKOAK_500 KV_TRAN 3:Black Oak-Hatfield (BLA-HAT) 500 line,BLACKOAK138 KV  TRAN  3 BLACK OAK - HATFIELD 500 KV LINE
SALTSPRG_138KVSAL-MAS1_1_LN,SALTSPRG_138 KV_SAL-MAS1:L345.Niles-Shenango,SALTSPRG 138KV - MASURY 138KV (SALTSPRG 138 KV SAL-MAS1) L345.Niles-Shenango
CARL PN-GARDNERS 1049 B 115 KV,CARL PN_115 KV_CAR-ROX:Hunterstown-TexasEastern-Gardners (991) 115 kV lin,CARL PN 115KV - GARDNERS 115KV (CARL PN 115 KV CAR-GAR) L115.Hunterstown-TexasEastern-Gardners.991
MAP-CHRYSLR 13811 L\O GREENTOWN-DELCO 13810,MAPLECIN_138 KV_MAP-08C1:Greentown-Delco 138 kV,MAPLECIN 138KV - 08CHRYSL 138KV (MAPLECIN 138 KV MAP-08C1) Greentown-Delco 138 kV
BRUNNERI 230 KV BRUNNERI-WHEMPFIE 2305,BRUNNERI_230 KV_BRU-YOR:L500.Conastone-PeachBottom.5012,BRUNNERI 230KV - WHEMPFIE 230KV (BRUNNERI 230 KV BRU-WHE) L500.Conastone-PeachBottom.5012
CAYUGA STARBUS TR 9-P L/O CAYUGA-NUCOR 345,CAYUGA2_345 KV_9-P:Whitestown - Nucor 345 kV,CAYUGA2 345KV - CAYUGA2 1KV (CAYUGA2 345 KV 9-P) Nucor-Cayuga 345 kV
MOUN UGI 230 KV MOUN UGI 3 XFORMER,MOUN UGI_230 KV_1:230/66.Mountain.T2 (Sctnlz),MOUN UGI 230KV - MOUN UGI 69KV (MOUN UGI 230 KV 3) 230/66.Mountain.T2 (Sctnlz)
ELKRUNDP230 KV  ELK-ROLN,ELKRUNDP_230 KV_ELK-ROLN:L500.Loudoun-Morrisville.569,ROLNSFRD 230KV - ELKRUNDP 230KV (ELKRUNDP 230 KV ELK-ROLN) L500.Loudoun-Morrisville.569
NEWBERRY_115KVNEW-ROU_1_LN,NEWBERRY_115 KV_NEW-ROU:Hunterstown-TexasEastern-Gardners (991) 115 kV lin,NEWBERRY 115KV - ROUNDTOP 115KV (NEWBERRY 115 KV NEW-ROU) L115.Hunterstown-TexasEastern-Gardners.991
HOPEWEL4230 KV  228A,HOPEWEL4_230 KV_228A:L500.Carson-Midlothian.563,HOPEWEL4 230KV - CHESTER4 230KV (HOPEWEL4 230 KV 228A) L500.Carson-Midlothian.563
CONASTON_230KVCNS-NOR2_1_LN,CONASTON_230 KV_CNS-NOR2:L500.Brighton-Conastone,CONASTON 230KV - NRTHWES2 230KV (CONASTON 230 KV CNS-NOR1) L500.Brighton-Conastone.5011
ALLDAM6 138 KV ALLDAM6-KITTANNI SP-KT,ALLDAM6_138 KV_ALL-KIT:L345.Ashtabula-Perry,ALLDAM6-KITTANNI SP-KT      A  138 KV (NUKE) L345.ErieWest-Ashtabula-Perry
20 BRAID 345 KV 20 BRAID-66 E FRN 2003,66 E FRN_345 KV_6608:L345.Braidwood-EastFrankfort.2001,20 BRAID 345KV - 66 E FRN 345KV (20 BRAID 345 KV 2003) L345.Braidwood-EastFrankfort.2001
CUMB PL 230 KV CUMB PL-JUNIATA 2235,CUMB PL_230 KV_CUM-JUN:L500.Juniata-TMI.5008,CUMB PL 230KV - WILLGROV 230KV (CUMB PL 230 KV CUM-WIGR) L500.Juniata-TMI.5008
CONASTON230 KV  CNS-NOR1,CONASTON_230 KV_CNS-NOR1:L500.Brighton-Conastone,CONASTON 230KV - NRTHWES2 230KV (CONASTON 230 KV CNS-NOR1) L500.Brighton-Conastone.5011
SALTSPRG 138 KV SALTSPRG-MASURY,MASURY_138 KV_MAS-MAY1:L345.Hoytdale-Mansfield,SALTSPRG 138KV - MASURY 138KV (SALTSPRG 138 KV SAL-MAS1) L345.Hoytdale-Mansfield
107 DIXO138 KV 10714,107 DIXO_138 KV_10714:L138.HaumesserRd-H452-Waterman-Creg.11323,169 MCGI 138KV - 107 DIXO 138KV (107 DIXO 138 KV 10714) L138.HaumesserRd-H452-Waterman-Creg.11323
JUNIATA 2 XFORMER H 500 KV,JUNIATA_500 KV_2:L500.Conastone-PeachBottom.5012,JUNIATA 500KV - JUNIATA 230KV (JUNIATA 500 KV 2) L500.Conastone-PeachBottom.5012
ESSEX   230 KV  ESS-MCC,ESSEX_230 KV_ESS-MCC:L230.CedarGrove-CedarSub-William.F-2206,MCCARTER 230KV - ESSEX 230KV (ESSEX 230 KV ESS-MCC) L230.CedarGrove-CedarSub-William.F-2206
HOWARD-PUMPHREY 2332-B A 230 KV,CHESTNUT_115 KV_CHE-FRE7:GRANITE-HOWARD-PUMPHREY 2332 & PUM TRANSFORMER,HOWARD-PUMPHREY 2332-B      A  230 KV WAUGH CHAPEL-BRANDON SHORE 2342
BERGENFI 230 KV BERGENFI-LEONIA BER-LEOO,BERGENFI_230 KV_BER-LEOO:ACTUAL,LEONIA 230KV - BERGENFI 230KV (BERGENFI 230 KV BER-LEOO) L500.Hopatcong-Ramapo.5018
DELAWARE 138 KV DELAWARE-WATK TAP DEL-WAT,DELAWARE_138 KV_DEL-WAT:ACTUAL,DELAWARE 138KV - WATK TAP 138KV (DELAWARE 138 KV DEL-WAT) Jefferson-Clifty Creek + Jefferson xfmr
PRUNTYTO_T1_500TRAN4_XF,PRUNTYTO_500 KV_TRAN 4:L500.FtMartin-Pruntytown.508,PRUNTYTO 500KV - PRUNTYTO 138KV (PRUNTYTO 500 KV TRAN  4) L500.FtMartin-Pruntytown.508
EDWSFERY230 KV  23111,EDWSFERY_230 KV_23111:L500.Doubs-GooseCreek.514,DICKERSO 230KV - EDWSFERY 230KV (EDWSFERY 230 KV 23111) L500.Doubs-GooseCreek.514
CEDARGRO_230KVCED-CLIB_1_LN,CEDARGRO_230 KV_CED-CLIB:L230.CedarGrove-Clifton-Athenia.K-2263,CEDARGRO 230KV - CLIF PS 230KV (CEDARGRO 230 KV CED-CLIB) L230.CedarGrove-Clifton-Athenia.K-2263
CRBN-981 CRES 98105         B  138 KV,CRBN_138 KV_CRB-CRES:L138.Hickock-Putnam.1556,981 CRES 138KV - CRBN 138KV (CRBN 138 KV CRB-CRES) L138.Hickock-Putnam.1556
BATESVIL 138 KV BATESVIL-HUBBLE,BATESVIL_138 KV_BAT-HUB1:L345.Tanners Creek-Miami Fort,BATESVIL 138KV - HUBBLE 138KV (BATESVIL 138 KV BAT-HUB1) Tanners Crk-Miami Fort 345
CONASTON 500 KV CONASTON 500-2 XFORMER,NOTTINGH_230 KV_2-3:DBL:Conastone.TX500-2 & L500.Brighton-Constne.5011,CONASTON 230KV - NRTHWES2 230KV (CONASTON 230 KV CNS-NOR2) L500.Brighton-Conastone.5011
08LAPLJT138 KV  08L-SAN1,08LAPLJT_138 KV_08L-SAN1:L765.Dumont-Sorenson,08LAPLJT 138KV - SANDERSO 138KV (08LAPLJT 138 KV 08L-SAN1) L765.Dumont-Sorenson
SMITHTON 138 KV SMITHTON-YUKON SLJ-YU,SMITHTON_138 KV_SMI-YUK2:L500.Cabot-Keystone.5002,SHEPLJCT-SMITHTON SLJ-YU    B  138 KV L500.Cabot-Keystone.5002
CEDARGRO_230KVCED-CLIB_1_LN,CEDARGRO_230 KV_CED-CLIB:ACTUAL,CEDARGRO230 KV  CED-CLIB Bergen.2CC (2001 STM/2101 CT1/2202 CT2)
66 E FRN 345 KV 66 E FRN TR83CT-P XFORMER,66 E FRN_345 KV_TR83CT-P:ACTUAL,66 E FRN 345KV - 66 E FRN 1KV (66 E FRN 345 KV TR83CT-P) L345.DavisCreek-Braidwood.2004 S SPOG 2-24
BAGLEY  230 KV  BAG-GRAC,BAGLEY_230 KV_BAG-GRAC:ACTUAL,GRACETON 230KV - BAGLEY 230KV (BAGLEY 230 KV BAG-GRAC) L230.Graceton-FvFrks.110510 + 230/115.Grctn.230-1
DARLEYRD_69KVDAR-NAA_1_LN,DARLEYRD_69 KV_DAR-NAA:230/138.Edgemoor.AT20,NAAMANS 69KV - DARLEYRD 69KV (DARLEYRD 69 KV DAR-NAA) 230/138.Edgemoor.AT20
SCOTTSVI 138 KV SCOTTSVI-BREMO_VP,SCOTTSVI_138 KV_SCO-BRE1:L500.Cloverdale-Lexington.566,BREMO4 138KV - SCOTTSVI 138KV (SCOTTSVI 138 KV SCO-BRE1) L500.Cloverdale-Lexington.566
GARDNERS 115 KV GARDNERS-TEXSEAST GAR-TEX,GARDNERS_115 KV_GAR-TEX:ACTUAL,TEXSEAST 115KV - GARDNERS 115KV (GARDNERS 115 KV GAR-TEX) L115.MiddletownJct-Collins (Sctnlz)
IDYLWOO4 230 KV IDYLWOO4-CLARK4 202A,IDYLWOO4_230 KV_202A:L230.Idylwood-Redfield-CIA.2035,IDYLWOO4 230KV - CLARK4 230KV (IDYLWOO4 230 KV 202A) L230.Idylwood-Redfield-CIA.2035
MINUEST 230 KV MINUEST-SEWAREN R-2218,MINUEST_230 KV_MIN-SEW:L500.Hopatcong-Roseland.5061,SEWAREN 230KV - MINUEST 230KV (MINUEST 230 KV MIN-SEW) L500.Hopatcong-Roseland.5061
FACEROCK 115 KV FACEROCK 1 XFORMER,FACEROCK_115 KV_FAC-FIV1:ACTUAL,FACEROCK 69KV - MANOR 69KV (FACEROCK 69 KV FAC-MAN) L230.Graceton-FvFrks.110510 + 230/115.Grctn.230-1
QUADCITIES - ROCKCREEK 345 KV L/O QUADCITIES - SUB91,ROCK CRE_345 KV_TR21:L345.QuadCities-Sub91.0401,Quad Cities-Sub 91 345 l/o Quad Cities-Rock Creek 345 L345.QuadCities-RockCreek.0405
PRGEORGE230 KV  TX1,PRGEORGE_230 KV_TX1:L230.Chuckatuck-Surry.290,PRGEORGE 230KV - PRGEORGE 115KV (PRGEORGE 230 KV TX1) L230.Chuckatuck-Surry.290
CPL-DOM CONTINGENCY 2,CPL-DOM contingency 2 L500.Carson-RogersRoad.585,TRANSFER INTERFACE: CPL-DOM L500.Carson-RogersRoad.585
SHERMAN 69 KV SHERMAN-VINELAND,SHERMAN_69 KV_SHE-VIN:L69.Monroe-Vineland.0711,SHERMAN 69KV - VINELAND 69KV (SHERMAN 69 KV SHE-VIN) L69.Monroe-Vineland.0711
SHEFFIELD - AMOCCO 138KV L/O SHEFFIELD - MARKTOWN 138KV,SHEFFILD_138 KV_SHE-AMO1:Sheffield-Marktown 138,SHEFFIELD-MARKTOWN 138 KV L/O SHEFFIELD-AMOCO 138 KV LINE    138 KV  SHE-AMO1CMPLINE DUMMY
SUGAR CREEK DRESSER 345 L/O NUCOR CAYUGA 345,DRESSER_345 KV_DRE-MIR:Nucor-Cayuga 345 kV,Sugar Creek-Dresser 345 kV l/o Cayuga XF9 Cayuga 2 Transformer 9
SPORNAEP-KYGERCRE TIE B 345 KV,KYGERCRE 345-SPORNAEP 345,SPORNAEP-KYGERCRE TIE       B  345 KV L765.Hanging Rock-Jefferson
FIVEFORK 115 KV FIVEFORK-ROCKRIDG 110511,FIVEFORK_115 KV_FIV-ROC1:L230.Graceton-Bagley-RaphaelRoad.2305,FIVEFORK 115KV - ROCKRIDG 115KV (FIVEFORK 115 KV FIV-ROC1) L230.Graceton-Bagley-RaphaelRoad.2305
AQUAHAR 230 KV  2119,AQUAHAR_230 KV_AQU-GAR1:L500.Ladysmith-Possum Point.568,AQUAHAR 230 KV  2119 L500.Ladysmith-Possum Point.568
ELIMSPOR 230 KV ELIMSPOR-SUNBURY,ELIMSPOR_230 KV_ELI-SUN:TEMP:Columbia-Montour 230 + Montour-Mltn-Snbry 230,ELIMSPOR 230KV - SUNBURY 230KV (ELIMSPOR 230 KV ELI-SUN) TEMP:Columbia-Montour 230 + Montour-Mltn-Snbry 230
CHERRYRN 138 KV CHERRYRN-MORGAN WC2,CHERRYRN_138 KV_CHE-HAR:L500.Bedington-Black Oak,MESSICRD-MORGAN WC3         A  138 KV L500.Bedington-BlackOak
PSOUTH,HAMPSHIR_138 KV_HAM-RID:L500.Bedington-BlackOak,PSOUTH L500.Bedington-BlackOak
KOKOMOPS - TIPTOWEST 230KV L/O DUMONT - SORESON 765 KV,KOKOMOPS_230 KV_KOK-TIP:Dumont - Sorenson 765 kV,NEWLONDN 230KV - KOKOMOPS 230KV (KOKOMOPS 230 KV KOK-NEW1) L765.Dumont-Sorenson
ELDRED_230KVELD-SUN_1_LN,ELDRED_230 KV_ELD-SUN:L230.Columbia-Montour,SUNBURY 230KV - ELDRED 230KV (ELDRED 230 KV ELD-SUN) L230.Columbia-Montour+230/69.Columbia.T2
MTAIRYTP69 KV   MTA-REN1,MTAIRYTP_69 KV_MTA-REN1:ACTUAL,RENAN 69KV - MTAIRYTP 69KV (MTAIRYTP 69 KV MTA-REN1) BASE
ETOWANDA-NMESHOPP ETL 1057 B 115 KV,NMESHOPP_230 KV_#3 TX:L230.EastTowanda-Canyon-NMeshoppen + 230/115.NM.T4,ETOWANDA 115KV - NMESHOPP 115KV (ETOWANDA 115 KV ETO-NME) L230.EastTowanda-Canyon-NMeshoppen + 230/115.NM.T4
LANCASTR 115 KV LANCASTR-GARNERDP 65C,LANCASTR_115 KV_65C:L230.Fredericksburg-Birchwood.2083,LANCASTR 115KV - GARNERDP 115KV (LANCASTR 115 KV 65C) L230.Fredericksburg-Birchwood.2083
ASHBURN 230 KV  ASH-GOOS,ASHBURN 230 KV ASH-GOOS L230.Beaumead-Ashburn-PleasantView.274,GOOSECRE 230KV - ASHBURN 230KV (ASHBURN 230 KV ASH-GOOS) L230.Beaumead-Ashburn-PleasantView.274
HINCHMAN 230 KV HINCHMAN-JACK PS M-2239,HINCHMAN_230 KV_HIN-JAC:L500.Hopatcong-Ramapo.5018,JACK PS 230KV - HINCHMAN 230KV (HINCHMAN 230 KV HIN-JAC) L500.Hopatcong-Ramapo.5018
PRES - TIBBS 138 KV L/O COMMODORE - JORD 345 KV,PRES_138 KV_PRE-TIBB:Commodore - Jord 345 kV,PRES 138KV - TIBB 138KV (PRES 138 KV PRE-TIBB) Commodore - Jord 345 kV
ALLDAM6 138 KV ALLDAM6-KITTANNI SP-KT,ALLDAM6_138 KV_ALL-KIT:ACTUAL,ALLDAM6-KITTANNI SP-KT      A  138 KV 345/115.ErieWest.T1
NELSON 138 KV NELSON-VIENNA 13707,VIENNA_138 KV_13710:L230.CoolSprings-Milford.23069,VIENNA 138KV - NELSON 138KV (NELSON 138 KV NEL-VIE) L230.CoolSprings-Milford.23069
DARLEYRD 69 KV DARLEYRD-NAAMANS 6835,DARLEYRD_69 KV_DAR-NAA:L500.Keeney-RockSprings.5025,NAAMANS 69KV - DARLEYRD 69KV (DARLEYRD 69 KV DAR-NAA) L500.Keeney-RockSprings.5025
MIAMIFOR 345 KV MIAMIFOR 10 XFORMER,MIAMIFOR_345 KV_10:345/138.MiamiFort.T9,MIAMIFOR 345KV - MIAMIFOR 138KV (MIAMIFOR 345 KV 10) 345/138.MiamiFort.T9
MOUN UGI 230 KV MOUN UGI 1 XFORMER,MOUN UGI_230 KV_1:230/69.Mountain.T3(UGI) w/ 23030 closed,MOUN UGI 230KV - MOUN UGI 69KV (MOUN UGI 230 KV 1) 230/69.Mountain.T3(UGI) w/ 23030 closed
GARVER  345 KV  24,GARVER_345 KV_24:L345.Garver-ToddHunter,GARVER 345KV - GARVER 138KV (GARVER 345 KV 24) L345.Garver-ToddHunter
MAROA-E GOOSECREEK 345KV L/O FARADAY-KANSAS 345KV,CHAMP T3_138 KV_1592 2:L345.Oreana-Maroa-Clinton-GooseCreek,Maroa-E GooseCreek 345kV l/o Faraday-Kansas 345kV Faraday-Kansas 345 kV
WESCOSVI 500 KV WESCOSVI 3 XFORMER,WESCOSVI_500 KV_3:L500.Breinigsville-Wescosville.5044,WESCOSVI 500KV - WESCOSVI 138KV (WESCOSVI 500 KV 3) L500.Breinigsville-Wescosville.5044
ESIDELIM138 KV  ESI-NDE1,ESIDELIM_138 KV_ESI-GOME:L138.AllenIM-Logtown,ESIDELIM138 KV  ESI-NDE1 L138.AllenIM-Logtown
LINE 230 KV CEDARGRO-ROSELAND CED-ROSY,CEDARSUB_230 KV_CED-ROSY:L500.Hopatcong-Ramapo.5018,ROSELAND 230KV - CEDARSUB 230KV (CEDARSUB 230 KV CED-ROSY) L500.Hopatcong-Ramapo.5018
02LYONS 138 KV  02L-02F1,02LYONS_138 KV_02L-02F1:ACTUAL,02FAYET 138KV - 02LYONS 138KV (02LYONS 138 KV 02L-02F1) BASE
HARWGATE_230KV205C_1_LN,HARWGATE_230 KV_205C:L500.Carson-Midlothian.563,LOCKS 230KV - HARWGATE 230KV (HARWGATE 230 KV 205C) L500.Carson-Midlothian.563
CHURCH 69 KV CHURCH-NEWMERED 6704-1,CHURCH_69 KV_CHU-NME:230/138.CedarCreek.AT20,CHURCH 69KV - NEWMERED 69KV (CHURCH 69 KV CHU-NME) 230/138.CedarCreek.AT20
ASPENSLR115 KV  ASP-ROXB,ASPENSLR_115 KV_ASP-ROXB:ACTUAL,ASPENSLR 115KV - ROXBURY 115KV (ASPENSLR 115 KV ASP-ROXB) L115.Hunterstown-TexasEastern-Gardners.991
UNIVERSITY PARK - OLIVE 345 KV L/O DUMONT - WILTON 765 KV,OLIVE_345 KV_2-P:L765.Dumont-Wilton Center.11215,OLIVE-UNIVPARK              A  345 KV L765.Dumont-Wilton Center.11215
LOCKWOOD 138 KV LOCKWOOD-RICHLND TIE,RICHLND_138 KV_RIC-02R1:L138.Lockwood-Richland,LOCKWOOD 138KV - RICHLND 138KV (LOCKWOOD 138 KV LOC-RIC1) 138/69.EastLima.T3
STILLWELL 1 345/138 KV L/O STILLWELL - DUMONT 345 KV,NEWCARLI_138 KV_NEW-MAP2:L345.Dumont-Stillwell (NIPS),STILLWEL 345KV - STILLWEL 138KV (STILLWEL 345 KV .  1) L345.Dumont-Stillwell (NIPS)
ELKHORN NORTH LAKE GENEVA 138 L/O SUNRISE WHITE WATER 138,BRLGTN43_138 KV_39267393:WHTWTR3 138/LKHD TP 138 1-SUN 138 138 /LKHD T,ELK 69 3 138KV - NLG 69 3 138KV (NLG 69 3 138 KV 39085390) WHTWTR3 138/LKHD TP 138 1-SUN 138 138 /LKHD T
GLENDON 115 KV GLENDON-HOSENSAC 914,GLENDON_115 KV_GLE-HOS:DBL:230/115.Northwood.6Bank+230/115.Portland.3Bank,GLENDON-HOSENSAC 914        B  115 KV L230.Gilbert-Springfield
GARDNERS 115 KV GARDNERS-TEXSEAST GAR-TEX,GARDNERS_115 KV_GAR-TEX:L500.Hunterstown-Conastone.5013+Cap,TEXSEAST 115KV - GARDNERS 115KV (GARDNERS 115 KV GAR-TEX) L500.Hunterstown-Conastone.5013
TERMINAL 345 KV TERMINAL 11 XFORMER,TERMINAL_345 KV_11:L345.Red Bank-Terminal,Terminal 345/138 TR11 l/o Red Bank-Terminal 345+Terminal 345/138 TR12 L345.Red Bank-Terminal
ALLLUD4J 138 KV ALLLUD4J-ALLDAM6 ALJ-ALL,ALLLUD4J_138 KV_ALJ-ALL:L138.KiskiValley-AlleghenyLudlum2-ShaffersCorner,ALLLUD4J 138KV - ALLDAM6 138KV (ALLLUD4J 138 KV ALJ-ALL) L138.KiskiValley-BrackenRidge-ShaffersCorner
GREENBUS 69 KV GREENBUS-TASLEY 6790-3,GREENBUS_69 KV_GRN-HAL:L69.OakHall-Perdue-Tasley.6778,GREENBUS 69KV - TASLEY 69KV (GREENBUS 69 KV GRN-TAS) L69.OakHall-Perdue-Tasley.6778
MIAMIFOR-08WILEY1 9784 A 138 KV,08OAKLEY_138 KV_08O-RED1:ACTUAL,MIAMIFOR-08WILEY1 9784      A  138 KV L345.East Bend-Terminal
981 CRES138 KV 7413,981 CRES_138 KV_7413:ACTUAL,981 CRES 138KV - CRBN 138KV (CRBN 138 KV CRB-CRES) L138.74Kewanee-981Crescent.7413
KEENEY 230 KV KEENEY AT20 XFORMER,KEENEY_230 KV_AT20:ACTUAL,KEENEY 230KV - KEENEY 138KV (KEENEY 230 KV AT20) BASE
CUMB PL 230 KV CUMB PL-JUNIATA 2235,CUMB PL_230 KV_CUM-JUN:L500.Juniata-TMI.5008,JUNIATA 230KV - CUMB PL 230KV (CUMB PL 230 KV CUM-JUN) 500/230.TMI.T1
AP SOUTH REACTIVE TRANSFER INTERFACE,CONEMAUG_500 KV_TX3:TEMP:Cabot-Keystone 5002 + Brighton-Conastone 5011,TRANSFER INTERFACE: BED-BLA L500.Brighton-Conastone.5011
ETOWANDA 230 KV ETOWANDA-HILLSIDE 2002 TIE,ETOWANDA_230 KV_ETO-HIL:L500.Hopatcong-Lackawanna.5063,ETOWANDA 230KV - HILLSIDE 230KV (ETOWANDA 230 KV ETO-HIL) L500.Hopatcong-Lackawanna.5063
PLEASNTV TX3 XFORMER L 230 KV,PLEASNTV_500 KV_TX3:L230.GooseCreek-Ashburn-Beaumeade.227,PLEASNTV 500KV - PLEASNTV 230KV (PLEASNTV 500 KV TX3) L230.GooseCreek-Ashburn-Beaumeade.227
122 BELV 138 KV 122 BELV-15623 15623 2,122 BELV_138 KV_15623 2:L345.Cherry Valley-Silver Lake.15616,15623 138KV - 122 BELV 138KV (122 BELV 138 KV 15623 2) L345.CherryValley-SilverLake.15616
22 ZION 345 KV  2223,22 ZION_345 KV_2223:L345.Zion-Pleasant Prairie.2221,974 ZION 345KV - 22 ZION 345KV (22 ZION 345 KV 2223) L345.Zion-Pleasant Prairie.2221
STATE LINE - ROXANA 138KV L/O WOLFLAKE - SHEFFIELD 138KV,7 STATE_138 KV_STA-17R1:WolfLake - Sheffield 138kV,7 STATE 138KV - 17ROXANA 138KV (7 STATE 138 KV STA-17R1) WolfLake - Sheffield 138kV
WESTERN REACTIVE TRANSFER INTERFACE,Western Interface,TRANSFER INTERFACE: BED-BLA L500.Conemaugh-Hunterstown.5006 + Hnrtwn.500.Cap1
CONASTON_230KVCNS-NOR1_1_LN,CONASTON_230 KV_CNS-NOR1:L500.Brighton-Conastone,CONASTON 230KV - NRTHWES2 230KV (CONASTON 230 KV CNS-NOR1) L500.Brighton-Conastone.5011
BRAMBLET230 KV  BRA-EVRG,BRAMBLET_230 KV_BRA-EVRG:L230.Beaumead-Ashburn-PleasantView.274,BRAMBLET 230KV - EVRGREEN 230KV (BRAMBLET 230 KV BRA-EVRG) L230.Beaumead-Ashburn-PleasantView.274
FREMNT_138KVFRE-FRE1_1_LN,FREMNT_138 KV_FRE-WFR1:L345.SouthBerwick-FostoriaCentral,WFREMONT 138KV - FREMNT 138KV (FREMNT 138 KV FRE-WFR1) L345.SouthBerwick-FostoriaCentral
POSSUMP4500 KV  TX1,POSSUMP4_500 KV_TX1:L500.Morrisville-Spotsylvania.594,POSSUMP4 500KV - POSSUMP4 230KV (POSSUMP4 500 KV TX1) L500.Morrisville-Spotsylvania.594
DICKERSH 230 KV DICKERSH-DICKERSO 23104,DICKERSH_230 KV_DIC-DOU2:L500.Doubs-GooseCreek.514,DICKERSH 230KV - DICKERSO 230KV (DICKERSH 230 KV DIC-DIC4) L500.Doubs-GooseCreek.514
ATHENIA 230 KV  ATH-BERA,ATHENIA_230 KV_ATH-BERA:ACTUAL,ATHENIA 230KV - BERGEN 230KV (ATHENIA 230 KV ATH-BERA) L230.Maywood-Saddlebrook.G-2259
ALTAVSTA 138 KV ALTAVSTA TX3 XFORMER,ALTAVSTA_138 KV_TX3:138/115.Altavista.T4 (Sctnlz),ALTAVSTA 138KV - ALTAVSTA 115KV (ALTAVSTA 138 KV TX3) 138/115.Altavista.T4 (Sctnlz)
BENTONHA138 KV  BEN-RIV1,BENTONHA_138 KV_BEN-RIV1:ACTUAL,BENTONHA 138KV - RIVERSIM 138KV (BENTONHA 138 KV BEN-RIV1) BASE
LORETTO 138 KV LORETTO-VIENNA 13780,LORETTO_138 KV_LOR-PIN:L230.IndianRiver-PineyGrove.23002,VIENNA 138KV - LORETTO 138KV (LORETTO 138 KV LOR-VIE) L230.IndianRiver-PineyGrove.23002
TANNERS CREEK-MIAMI FORT 345KV L/O EAST BEND-TERMINAL 345KV,TERMINAL_345 KV_11:L345.Tanners Creek-Miami Fort,Miami Fort 345/138-kV TX9 l/o East Bend-Terminal 345 kV L345.EastBend-Terminal
BURR OAK - PLYMOUTH 138KV 13819 L/O BURR OAK - HIPLE 345KV 34529,BURR_OAK_138 KV_BUR-17P1:Burr Oak - Hiple 345kV,BURR_OAK 138KV - 17PLYMTH 138KV (BURR_OAK 138 KV BUR-17P1) L345.BurrOak-Hiple
PIERCE_345KVPIE-DEA1_1_LN,PIERCE_345 KV_PIE-DEA1:L345.TannersCreek-MiamiFort,DEARBORN 345KV - PIERCE 345KV (PIERCE 345 KV PIE-DEA1) L345.TannersCreek-MiamiFort
QUAD CITIES-CORDOVA 0402 345 L/O QUAD CITIES-CORDOVA 0403 345,4 QUAD C_345 KV_402:Quad Cities-Cordova (0403) 345 kV,4 QUAD C 345KV - 940 CORD 345KV (4 QUAD C 345 KV 0402) Quad Cities-Cordova 0403 345 kV
CARL PN-GARDNERS 1049 B 115 KV,CARL PN_115 KV_CAR-GAR:L115.MiddletownJct-Collins.975 (Sctnlz),CARL PN 115KV - GARDNERS 115KV (CARL PN 115 KV CAR-GAR) L115.MiddletownJct-Collins.975 (Sctnlz)
REDLION 500 KV  50,REDLION_500 KV_51:500/230.Keeney.AT50,REDLION 500KV - REDLION 230KV (REDLION 500 KV 51) 500/230.Keeney.AT50
EASTON-EMUNI 6772 A 69 KV,CHURCH_69 KV_CHU-IBC:L69.Easton-EastonTap-Muni-Longwood-WyeMills.6707,EASTON 69KV - EMUNI 69KV (EASTON 69 KV EAS-EMU) L69.Easton-EastonTap-Muni-Longwood-WyeMills.6707
15518-GARDEN PLAIN 138KV L/O QUADCITY-ROCKCREEK 345KV,15518_138 KV_15518 2:L345.QuadCities-RockCreek.0405,15518 138KV - 132 GARD 138KV (15518 138 KV 15518 2) L345.QuadCities-RockCreek.0405
GLENDON 115 KV GLENDON-HOSENSAC 914,GLENDON_115 KV_GLE-HOS:DBL:230/115.Northwood.6Bank+230/115.Portland.3Bank,HOSENSME 115KV - GLENDON 115KV (GLENDON 115 KV GLE-HOS) TEMP: 230/115.Portland.T3 + LX.PequestRvr&NBangor
112 WILTON CENTER TR93 345/765 KV XFMR L/O 112 WILTON CENTER-23 COLLIN,112 WILT_345 KV_TR93CT-S:L765.Wilton - Collins.11216,112 WILT 345KV - 112 WILT 1KV (112 WILT 345 KV TR93CT-S) L765.Wilton-Collins.11216
BOXWOOD 138 KV  BOX-REU1,BOXWOOD_138 KV_BOX-REU1:L500.Cloverdale-Lexington.566,REUSENS 138KV - BOXWOOD 138KV (BOXWOOD 138 KV BOX-REU1) L500.Cloverdale-Lexington.566
HAVILAND138 KV HAV-TIM,HAVILAND_138 KV_HAV-TIM:ACTUAL,TIMBERRD 138KV - HAVILAND 138KV (HAVILAND 138 KV HAV-TIM) L765.Marysville-Sorenson
MTNEBO  69 KV   FAC-MTNB,MTNEBO_69 KV_FAC-MTNB:ACTUAL,MTNEBO 69KV - FACEROCK 69KV (MTNEBO 69 KV FAC-MTNB) BASE
LOUISACT230 KV  2074A,LOUISACT_230 KV_2074A:L500.Morrisville-Spotsylvania.594,SANNA 230KV - LOUISACT 230KV (LOUISACT 230 KV 2074A) L500.Morrisville-Spotsylvania.594
BCPEP,BCPEP Interface,BCPEP BASE
CEDARCRE230 KV  CED-SIL,CEDARCRE_230 KV_CED-MIL:L230.Cartanza-SilverRun.23032,SILVERUN 230KV - CEDARCRE 230KV (CEDARCRE 230 KV CED-SIL) L230.Cartanza-SilverRun.23032
ERIES_T2_345NO8TX_XF,ERIES_345 KV_NO8 TX:ACTUAL,ERIES 345KV - ERIES 230KV (ERIES 345 KV NO8 TX) L345.HomerCity-PierceBrook
DELVINTA161 KV  GRN-DELV,DELVINTA_161 KV_GRN-DELV:ACTUAL,DELVINTA 161KV - GRNHALLJ 161KV (DELVINTA 161 KV GRN-DELV) BASE
EBERSOLE138 KV  EBE-FOS2,EBERSOLE_138 KV_EBE-FOS1:L138.Ebersole-FostoriaCentral.2,FOSTORIA 138KV - EBERSOLE 138KV (EBERSOLE 138 KV EBE-FOS1) L138.Ebersole-FostoriaCentral.2
TILTONS2 138 KV TILTONSVILLE-WINDSOR APS,TILTONS2_138 KV_TIL-WBE1:WEIRTON-HAMIL-PARKVIEW-BUFFAJCT-CECIL-WINDSOR(APS),TILTONSVILLE-WINDSOR APS   A  138 KV L500.Hatfield-Ronco
11 FISK 138 KV  TR72 12,11 FISK_138 KV_TR72 12:ACTUAL,11 FISK 12KV - 11 FISK 138KV (11 FISK 138 KV TR72 12) 138L1106 Fisk-Quarry-State 138 kV Line
FARMVILL230 KV  TX5,FARMVILL_230 KV_TX5:L230.Clover-Briery-Farmville.235,FARMVILL 230KV - FARMVILL 115KV (FARMVILL 230 KV TX5) L230.Clover-Briery-Farmville.235
ALLEN-RPMONE 345KV L/O MARYSVILLE-SORENSON 765KV,MARQUIS2_345 KV_MAR-DOE2:L765.Marysville-Sorenson,ALLENIM 345KV - RPMONE 345KV (ALLENIM 345 KV ALL-RPM) L765.Marysville-Sorenson
PLEASNTV 230 KV PLEASNTV L3T203 CB,PLEASNTV L3T203 CB L230.PleasantView-DryMill-BKT-Hamilton.2098,PLEASNTV L3T203       CB       230 KV L230.PleasantView-DryMill-BK-H.2098 + Hamilton.SVC
NSALISBU 69 KV NSALISBUR-PEMBERTON 6701-1,NSALISBU_69 KV_NSA-PEM:230/138.PineyGrove.AT20,NSALISBUR-PEMBERTON 6701-1  B  69 KV L230.IndianRvr-PineyGrve.23002+230/138.PinyGr.AT20
DUNEACRE - MICHIGAN CITY 13843 138 KV L/O WILTON CENTER - DUMONT 765 KV,DUNEACRE_138 KV_DUN-MIC1:Dumont-Wilton Center 765kV,Michigan City - DuneAcre 138 kV l/o Dumont - Wilton Center 765 kV L765.Dumont-WiltonCenter.11215
NMESHOPP #3 TX XFORMER L 115 KV,NMESHOPP_230 KV_#3 TX:ACTUAL,NMESHOPP230 KV  #3 TX ETOWANDA230 KV  LCK-NMESCB      OPEN    NMESHOPP115 KV  4TX115CBCB      OPEN    NMESHOPP230 KV  4 TX
MOUN UGI 230 KV MOUN UGI 2 XFORMER,MOUN UGI_69 KV_MOU-PLY2:230/69.Mountain.T3(UGI) w/ 23030 closed,MOUN UGI230 KV  2 230/69.Mountain.T3(UGI) w/ 23030 closed
MESSICRD_138KVMES-RID_1_LN,MESSICRD_138 KV_MES-RID:L500.Bedington-Doubs,RIDGELEY 138KV - MESSICRD 138KV (MESSICRD 138 KV MES-RID) L500.Bedington-BlackOak
HARWOOD 230 KV HARWOOD -SUSQUEHA HAR-SUS2,HARWOOD_230 KV_HAR-SUS2:L500.Juniata-Sunbury.5046,SUSQUEHA 230KV - HARWOOD 230KV (HARWOOD 230 KV HAR-SUS2) L500.Juniata-Sunbury.5046
ELIMA   345 KV  2-P,ELIMA_345 KV_2-P:L345.EastLima-SouthWestLima,ELIMA 345KV - ELIMA 1KV (ELIMA 345 KV 2-P) L345.EastLima-SouthWestLima
NORTHWOO-QUARRY 1 1012 A 230 KV,QUARRY_230 KV_1:L500.Hosensack-SteelCity.5032,QUARRY 230KV - NORTHWOO 230KV (NORTHWOO 230 KV NOR-QUA) L500.Hosensack-SteelCity.5032
SALTSPRG 138 KV SALTSPRG-MASURY,MASURY_138 KV_MAS-CRO1:L345.Hoytdale-McClelland,MASURY 138KV - SALTSPRG 138KV (SALTSPRG 138 KV SAL-MAS1) L345.Hoytdale-McClelland
SUB 85 - ROCK ISLAND 161 KV L/O OAK GROVE - LOUISA 345 KV,SB 71 6_161 KV_62230622:L345.Oakgrove-Louisa (MEC),SB 85 56 161KV - ROCK IS 161KV (ROCK IS 161 KV LN  4447) L345.Oakgrove-Louisa (MEC)
TMI 500 KV TMI 1 BANK XFORMER,TMI_500 KV_1 BANK:ACTUAL,TMI     500 KV  1 BANK CONASTON500 KV  500 B CBCB      OPEN    CONASTON500 KV  500 C CBCB      OPEN    LINE    500 KV  CNS-
CHERRY VALLEY-SILVER LAKE 15616 345KV L/O BYRON-WAYNE 0626 345 KV,151 WOOD_138 KV_12205 2:L345.Cherry Valley-Silver Lake.15616,156 CHER345 KV  TR83CT-P L345.Cherry Valley-Silver Lake.15616
AEP-DOM,AEP-DOM contingency 3 L500.BlackOak-Hatfield.542,TRANSFER INTERFACE: AEP-DOM L500.Bedington-BlackOak
YUKON TRAN 4 XFORMER H 500 KV,CABOT_500 KV_TRAN 4:500/138.Cabot.T2 (Sctnlz),YUKON    TRAN  4  XFORMER   H  500 KV 500/138.Yukon.T2 (Sctnlz)
SALTSPRG 138 KV SALTSPRG-MASURY,SALTSPRG_138 KV_SAL-MAS1:345/138.Hoytdale.T2,MASURY 138KV - SALTSPRG 138KV (SALTSPRG 138 KV SAL-MAS1) 345/138.Hoytdale.T2
7713    -981 CRES 7713 2  L/O CORBIN-OGLESBY 2,CRBN_138 KV_CRB-CRES:L138.Corbin-Putnam (IP/MISO),7713    -981 CRES 7713 2  l/o Corbin-Oglesby 2 SA L138.Corbin-Oglesby 2
JOPPA - SHAWNEE 3 161 KV L/O JOPPA - SHAWNEE 4 161 KV,JOPPA_N_161 KV_JOP-SHA3:L161.Joppa-Shawnee.4,JOPPA_N 161KV - SHAWNEE4 161KV (JOPPA_N 161 KV JOP-SHA3) Joppa - Shawnee 4 161 kV
THELMA 69 KV THE-THE1,THELMA_69 KV_THE-THE1:ACTUAL,THELMA 69KV - THELMAEK 69KV (THELMA 69 KV THE-THE1) L500.Carson-RogersRoad.585
WMOULTON 138 KV WMOULTON-CITYSTMA,WMOULTON_138 KV_WMO-CIT1:ACTUAL,WMOULTON 138KV - CITYSTMA 138KV (WMOULTON 138 KV WMO-CIT1) BASE
KEYSTONE 230 KV KEYSTONE-SHELOCTA KHC 2014,ALLLUD4J_138 KV_ALJ-SPR:L230.HomerCity-Shelocta-Keystone.2014,KEYSTONE-SHELOCTA KHC 2014  A  230 KV L345.ErieWest-Ashtabula-Perry
VALERO  69 KV   VAL-VAPK,VALERO_69 KV_VAL-VAPK:500/230.Orchard.T1,VALERO 69KV - VALEPKTP 69KV (VALERO 69 KV VAL-VAPK) 500/230.Orchard.T1
HIGHLAOE138 KV  HIG-COM1,HIGHLAOE_138 KV_HIG-COM1:L345.Hanna-Juniper,HIGHLAOE 138KV - COMERC 138KV (HIGHLAOE 138 KV HIG-COM1) L345.Hanna-Juniper
LACKAWAN230 KV  LAC-SUM2,LACKAWAN_230 KV_LAC-SUM2:230/69.Lackawanna.T2 (Sctnlz F),LACKAWAN 230KV - SUMMITPL 230KV (LACKAWAN 230 KV LAC-SUM2) 230/69.Lackawanna.T2
HAVILAND J            CB       138 KV,HAVILAND_138 KV_HAV-TIM:L765.Marysville-Sorenson,HAVILAND J            CB       138 KV L765.Marysville-Sorenson
BABCOCK-STILLWELL 345KV L/O WILTON CENTER-DUMONT 765KV,BABCOCK_345 KV_BAB-STI1:Dumont-Wilton Center 765kV,BABCOCK-STILLWELL 345 KV L/O WILTON CENTER-DUMONT 765 KV LINE    765 KV  DUM-WIL1CMPLINE DUMMY
IRONWOOD230 KV  IRO-NLE,IRONWOOD_230 KV_IRO-NLE:ACTUAL,IRONWOOD 230KV - NLEBNON 230KV (IRONWOOD 230 KV IRO-NLE) BASE
ROXBURY 115 KV ROXBURY-SHADEGAP KR 1075,SHADEGAP_115 KV_SHA-THR:L500.Bedington-Black Oak,ROXBURY-SHADEGAP KR 1075    A  115 KV L500.Bedington-BlackOak
MONROE-LALLENDORF 345KV L/O MORROCCO-ALLENJCT 345KV,LALLENDO_345 KV_LAL-MON:L345.AllenJunction-Morocco (ITC) Tie,MONROE 345KV - LALLENDO 345KV (LALLENDO 345 KV LAL-MON) L345.AllenJunction-Morocco (ITC) Tie
ETOWANDA 230 KV ETOWANDA-HILLSIDE 2002 TIE,ETOWANDA_230 KV_ETO-SCO:L345.Mainesburg-Watercure [NYISO],ETOWANDA 230KV - HILLSIDE 230KV (ETOWANDA 230 KV ETO-HIL) L345.Mainesburg-Watercure [NYISO]
81 TOULO 138 KV 3 POWERTON-81 TOULON 0321,74 KEWAN_138 KV_BTIE Z1:L138.Powerton-Toulon.0321,3 POWERTON-81 TOULON 0321   B  138 KV L345.Duck Creek-Tazewell
EELKHART138 KV  EEL-MOT1,COREY_138 KV_COR-MOT1:L138.KenzieCreek-Colby-Valley,EELKHART138 KV  EEL-MOT1 L138.KenzieCreek-Colby-Valley
BOONETWN230 KV  BOO-SRE,BOONETWN_230 KV_BOO-SRE:ACTUAL,BOONETWN 230KV - SREADING 230KV (BOONETWN 230 KV BOO-SRE) TEMP:500/230.Lauschtown T3 + 5012
02FAYET 138 KV  02F-EFY,02FAYET_138 KV_02F-EFY:ACTUAL,02FAYET 138KV - E_FAYET 138KV (02FAYET 138 KV 02F-EFY) BASE
COLLEGEC 138 KV COLLEGEC-COLLINSV,COLLINSV_138 KV_HUS-COL:ACTUAL,COLLEGEC 138KV - COLLINSV 138KV (COLLEGEC 138 KV COL-COL6) L345.Pierce-Foster
EBEND 345 KV EBEND-TERMINAL,EBEND_345 KV_EBE-TER1:ACTUAL,EBEND 345KV - TERMINAL 345KV (EBEND 345 KV EBE-TER1) L345.TannersCreek-Dearborn.1
BRAMBLET-EVRGREEN 2172B     A  230 KV,BRAMBLET_230 KV_BRA-EVRG:L230.Beaumead-Ashburn-PleasantView.274,BRAMBLET 230KV - EVRGREEN 230KV (BRAMBLET 230 KV BRA-EVRG) L230.Beaumead-Ashburn-PleasantView.274
HARWOOD 230 KV HARWOOD 4 XFORMER,HARWOOD_230 KV_4:230/69.Harwood.T6,HARWOOD 230KV - HARWOOD 69KV (HARWOOD 230 KV 4) 230/69.Harwood.T6
TWINBRAN345 KV  T-7,TWINBRAN_345 KV_T-7:ACTUAL,TWINBRAN 345KV - TWINBRAN 138KV (TWINBRAN 345 KV T-7) 345/138.BentonHarbor.T1 (Sctnlz)
EASTON 138 KV EASTON AT-1 XFORMER,EASTON_138 KV_AT-1:230/138.Vienna.AT20,EASTON-TRAPPETP 6716-1      A  69 KV L230.Steele-Vienna.23085 & 230/138.Vienna.AT20
74 KEWAN138 KV L74B1Z1,74 KEWAN_138 KV_7423:L345.Duck Creek-Tazewell,74 KEWAN138 KV  L74B1Z1 L138.Mazon-CrescentRdg-Oglesby.7713 (Oglesby Tap)
MAHANSLA 138 KV MAHANS LANE-TIDD,MAHANSLA_138 KV_MAH-TID:L138.Weirton-Carnegie-Tidd.224,MAHANS LANE-TIDD            B  138 KV WEIRTON-CARNEGIE-TIDD (224) 138 KV (APS)
CRESCENT RIDGE - CORBIN 138 KV L/O KEWANEE EAST - BUREAU 138 KV,3 POWERT_138 KV_POW-TWRL:L138.KewaneeEast-Bureau (Ameren),Crescent Ridge - 7713 138 l/o Kewanee East - Bureau L138.KewaneeEast-Bureau (Ameren)
FARMVILL230 KV  TX5,FARMVILL_230 KV_TX5:230/115.Farmville.TX4,FARMVILL 230KV - FARMVILL 115KV (FARMVILL 230 KV TX5) 230/115.Farmville.TX4
COLLEGE CORNER - COLLINSVILLE 138 KV L/O TANNERS CREEK - MIAMI FORT 345 KV,BECKJORD_138 KV_PIE-BEC4:L345.Tanners Creek-Miami Fort,MIAMIFOR138 KV  MIA-CLI1 L345.Tanners Creek-Miami Fort
ELIMA_138KVELI-HAV1_1_LN,ELIMA_138 KV_ELI-HAV1:L345.EastLima-MaddoxCreek,HAVILAND 138KV - ELIMA 138KV (ELIMA 138 KV ELI-HAV1) L345.EastLima-MaddoxCreek
AUSTIN - TAYLORV 138 KV L/O AUSTIN - PANA 345 KV,AUSTIN_138 KV_AUS-TAY:Pana - Austin 345 kV,AUSTIN 138KV - TAYLORV3 138KV (AUSTIN 138 KV AUS-TAY) L345.Austin-Pana
PREST - TIBBS 138 KV L/O ASTER - COMMODORE 345 KV,PRES_138 KV_PRE-TIBB:Aster - CMDR 345 kV,PRES 138KV - TIBB 138KV (PRES 138 KV PRE-TIBB) Columbus - Prescott 345 kV
BEAUMEAD-DTC 2143B          A  230 KV,BEAUMEAD_230 KV_BEA-DTC:L230.EvergreenMills-Brableton.2172,BEAUMEAD 230KV - DTC 230KV (BEAUMEAD 230 KV BEA-DTC) L230.EvergreenMills-Brableton.2172
NMUSKING138 KV  NMU-PHI,NMUSKING_138 KV_NMU-PHI:L345.OhioCentral-MuskingumRiver,NMUSKING 138KV - PHILO 138KV (NMUSKING 138 KV NMU-PHI) L345.OhioCentral-MuskingumRiver
HINCHMAN_230KVHIN-JAC_1_LN,HINCHMAN_230 KV_HIN-JAC:L230.CedarGrove-Clifton-Athenia.K-2263,JACK PS 230KV - HINCHMAN 230KV (HINCHMAN 230 KV HIN-JAC) L230.CedarGrove-Clifton-Athenia.K-2263
LORETTO_138KVLOR-VIE_1_LN,LORETTO_138 KV_LOR-VIE:230/138.PineyGrove.AT20,VIENNA 138KV - LORETTO 138KV (LORETTO 138 KV LOR-VIE) 230/138.PineyGrove.AT20+L230.PinyGrve-IndinR.23002
ROXBURY NO2 TX XFORMER H 138 KV,ROXBURY_138 KV_NO2 TX:L500.Bedington-Black Oak + L500.Brighton-Conastone,ROXBURY  NO2 TX   XFORMER   L  115 KV (NUKE) L500.Brighton-Conastone.5011
BRUNSCOL500 KV  509,BRUNSCOL_500 KV_509:ACTUAL,BRUNSCOL 500KV - BRUNSSWY 500KV (BRUNSCOL 500 KV 509) BASE
1808    138 KV  1808 5,1808_138 KV_1808 5:ACTUAL,0906    138 KV  0906 5 138L1808 Will Co-1808-Goodings Grove 138 kV Line
112 WILT 765 KV 112 WILTON 65TR93 CT,112 WILT_765 KV_TR93CT-P:765/345.Wilton.TR94,112 WILT345 KV  TR93CT-S DUMONT WILTON CENTER 765KV LINE (L11215)
CEDARGRO_230KVCED-CLIK_1_LN,CEDARGRO_230 KV_CED-CLIK:ACTUAL,LINE    230 KV  CED-CLIK ATHENIA 230 KV  B-2228  CB      OPEN    CEDARGRO230 KV  1-7     CB      OPEN    CEDARGRO230 KV  7-8
HARWOOD 230 KV HARWOOD 4 XFORMER,HARWOOD_230 KV_4:TEMP:230/69.Harwood.T6_Blytheburn1 and 2+HazelFW,HARWOOD 230KV - HARWOOD 69KV (HARWOOD 230 KV 4) TEMP:230/69.Harwood.T6+Blytheburn1&2+HazelFW
20 BRAID345 KV TR2 24,20 BRAID345 KV TR2 24 ACTUAL,20 BRAID 345KV - 66 E FRN 345KV (20 BRAID 345 KV 2001) L345.DvsCrk-Blm.17907+345/138.Blm.TR84 S SPOG2-24
HEBRON1 138 KV  EKH-HEB,HEBRON1_138 KV_EKH-HEB:ACTUAL,HEBRON1 138 KV  EKH-HEB L345.Tanners Creek-Dearborn1
DAUPHIN 230 KV DAUPHIN-JUNIATA 1087,CARL PN_115 KV_CAR-GAR:L230.Dauphin-Juniata.1087 + 230/69.Dauphin.T2,SANDERSO 138KV - SANDERSO 13.8KV (SANDERSO 138 KV GSU1) L230.Dauphin-Juniata.1087 + 230/69.Dauphin.T2
LINCOJCT 115 KV LINCOJCT-LINCOLN 963-1T,LINCOJCT_115 KV_LNJ-LIN:L500.Hunterstown-Conastone.5013+Cap,LINCOJCT-LINCOLN 963-1T     A  115 KV Hunterstown-Lincoln (962) 115 kV line
8810_138KV88102_1_LN,8810_138 KV_8810 1:ACTUAL,8810 138KV - 88 SKOKI 138KV (8810 138 KV 8810 1) BASE
MIDDLJCT 115 KV MIDDLJCT-YORKHAVE 978-1,MIDDLJCT_115 KV_MID-YOR7:L115.MiddletownJct-Collins.975 (Sctnlz),MIDDLJCT 115KV - YORKHAVE 115KV (MIDDLJCT 115 KV MID-YOR8) L115.MiddletownJct-Collins.975 (Sctnlz)
ROCKTONM 115 KV ROCKTONM-SHAWVILL SD 1076,ROCKTONM_115 KV_ROC-SHA:L230.Forest-SquabHollow + SPS.Warren,ROCKTONM-SHAWVILL SD 1076   B  115 KV SHAWVILLE-ELKO 230 LINE
THOMSON - KENZIE CREEK 345 KV L/O E. ELKHART - THOMSON 345 KV,KENZIECR_345 KV_KEN-THOM:L345.EastElkhart-Thomson,THOMSON 345KV - KENZIECR 345KV (KENZIECR 345 KV KEN-THOM) TEMP.L765.Cook-Dumont + L345.EastElkhart-Thomson
CARS DUQ138 KV  CAR-OAK1,CARS DUQ_138 KV_CAR-OAK1:L345.Arsenal-BrunotIsland.305,CARS DUQ 138KV - OAKL DUQ 138KV (CARS DUQ 138 KV CAR-OAK1) L345.Arsenal-BrunotIsland.305
SPRINGCR 138 KV SPRINGCR-WOLFHILL,SPRINGCR_138 KV_SPR-WOL2:ACTUAL,WOLFHILL 138KV - SPRINGCR 138KV (SPRINGCR 138 KV SPR-WOL2) L500.Broadford-Sullivan (TVA) Tie
FACEROCK69 KV   FAC-MAN,FACEROCK_69 KV_FAC-MAN:ACTUAL,FACEROCK 69KV - MANOR 69KV (FACEROCK 69 KV FAC-MAN) BASE
CAYUGA2 345 KV CAYUGA2 9 XFORMER,CAYUGA2_345 KV_9-P:345/230.Cayuga.TX10,CAYUGA2 345KV - CAYUGA2 1KV (CAYUGA2 345 KV 9-P) 345/230.Cayuga.TX10
BREMO4 TX9 XFORMER H 230 KV,BREMO4_230 KV_TX9:L230.Bremo-ForkUnion.2193,BREMO4 230KV - BREMO4 115KV (BREMO4 230 KV TX9) L230.Bremo-ForkUnion.2193
LACKAWAN500 KV  4,LACKAWAN_500 KV_4:L230.Lackawanna-Paupack,LACKAWAN 230KV - LACKAWAN 500KV (LACKAWAN 500 KV 4) L230.lackawanna-Summit2 & Lackawanna-Paupack
MARTINSC 230 KV MARTINSC-QUARRY NO.2,MARTINSC_230 KV_MAR-MRP:L500.Hosensack-SteelCity.5032,MARTINSC-QUARRY NO.2        A  230 KV L500.Hosensack-Steel City.5032
SHERWOOD115 KV  91C,SHERWOOD_115 KV_91C:L500.Dooms-Cunningham.534,TRANSCO 115KV - SHERWOOD 115KV (SHERWOOD 115 KV 91C) L500.Dooms-Cunningham.534
SPORNAEP-KYGERCRE TIE B 345 KV,SPORNAEP_345 KV_SPO-KYG1:L765.Baker-HangingRock,KYGERCRE 345KV - SPORNAEP 345KV (SPORNAEP 345 KV SPO-KYG1) L765.Baker-HangingRock
HOPECREE230 KV  HOP-SIL,HOPECREE_230 KV_HOP-SIL:L500.Keeney-RockSprings.5025,HOPECREE 230KV - SILVERUN 230KV (HOPECREE 230 KV HOP-SIL) L500.Keeney-RockSprings.5025
BIGPINET138 KV  BIG-GAR,BIGPINET_138 KV_BIG-GAR:L138.Springdale-All4Jct-All4Tap-All6-Brackenridge,BIGPINET 138KV - GARRNJCT 138KV (BIGPINET 138 KV BIG-GAR) L138.Springdale-All4Jct-All4Tap-All6-Brackenridge
NUCOR 345 KV NUCOR-WHITESTO,NUCOR_345 KV_NUC-WHI1:L765.Jefferson-Rockport,NUCOR 345KV - WHITESTO 345KV (NUCOR 345 KV NUC-WHI1) L765.Jefferson-Rockport
ETOWANDA 230 KV ETOWANDA-HILLSIDE 2002 TIE,ETOWANDA_230 KV_ETO-HIL:L500.Shickshinny-Susquehanna.5067,ETOWANDA 230KV - HILLSIDE 230KV (ETOWANDA 230 KV ETO-HIL) L500.Shickshinny-Susquehanna.5067
ETOWANDA-HILLSIDE 2002 TIE  A   230 KV,ETOWANDA_230 KV_3 TX:L230.EastTowanda-Canyon-NMeshoppen + 230/115.NM.T4,ETOWANDA 230KV - HILLSIDE 230KV (ETOWANDA 230 KV ETO-HIL) L230.EastTowanda-Canyon-NMeshoppen + 230/115.NM.T4
EDGEWOOD 115 KV EDGEWOOD-SHELOCTA LSH 1036,SHAWVILL_230 KV_BNK 1A-P:L115.Edgewood.Shelocta.1036 (Sctnlz),EDGEWOOD-SHELOCTA LSH 1036  B  115 KV Glory - Seward 115 kV line
CHURCH 69 KV CHURCH-NEWMERED 6704-1,CHURCH_69 KV_CHU-NME:230/138.Milford.AT20,CHURCH 69KV - NEWMERED 69KV (CHURCH 69 KV CHU-NME) 230/138.Milford.AT20
MARDELA-VIENNA 6708-1 A 69 KV,MARDELA_69 KV_MAR-VIE:L230.IndianRiver-PineyGrove.23002,MARDELA-VIENNA 6708-1      B  69 KV 230/138.PineyGrove.AT20+L230.PinyGrve-IndinR.23002
ELDRED 230 KV ELDRED-SUNBURY,GLENBROO_69 KV_GLE-SAL1:L230.Columbia-Montour+230/69.Columbia.T2,SUNBURY 230KV - ELDRED 230KV (ELDRED 230 KV ELD-SUN) L230.Columbia-Montour+230/69.Columbia.T2
MESSICRD 138 KV MESSICRD-RIDGELEY WC4,MESSICRD_138 KV_MES-RID:L500.Bedington-Doubs,MESSICRD-MORGAN WC3         A  138 KV L500.Bedington-BlackOak
3 POWERT-TWRL POW-TWRL      A  138 KV,81 TOULO_138 KV_0321X:L138.Keemin(MISO/Ameren)-Kewanee.7411,3 POWERT 138KV - TWRL 138KV (3 POWERT 138 KV POW-TWRL) L138.Keemin(MISO/Ameren)-Kewanee.7411
RORAPIDS115 KV  77A,RORAPIDS_115 KV_77A:ACTUAL,RORAPIDS 115KV - CAROLINA 115KV (RORAPIDS 115 KV 77A) BASE
JUNIATA 230 KV JUNIATA-LEWISTOW LJ 2015,LEWISTOW_230 KV_LEW-RAY:Keystone-Juniata 500kV,LINE    115 KV  ROX-SHA JUNIATA 230 KV  LEWI    CB      OPEN    LEWISTOW230 KV  JUNIATSFCB      OPEN    LINE    230 KV  JUN-
127 MATT138 KV 6603 2,127 MATT_138 KV_6603 2:ACTUAL,6603 138KV - 127 MATT 138KV (127 MATT 138 KV 6603 2) L345.DvsCrk-Blm.17907+345/138.Blm.TR84 S SPOG2-24
18 WILL 138 KV 18 WILL -1808 1808 1,18 WILL_138 KV_1808 1:138L1802 Will Co-1802-Willow S 138 kV Line,18 WILL 138KV - 1808 138KV (18 WILL 138 KV 1808 1) 138L1802 Will Co-1802-Willow S 138 kV Line
MAPLTNDP115 KV  108B,MAPLTNDP_115 KV_108B:L115.Pecan-Carolina.1010,MURPHY 115KV - MAPLTNDP 115KV (MAPLTNDP 115 KV 108B) DBL:L115.Pecan-Carolina.1010+UnionCamp-Franklin
NMESHOPP-OXBOW ETL A 230 KV,NMESHOPP_230 KV_4 TX:Lackawanna-Oxbow-North Meshoppen & N. Mesh #3 tx,NMESHOPP 230KV - OXBOW 230KV (NMESHOPP 230 KV NME-OXB) L230.ETowanda-Hillside.2002 [NYISO]
FALLS   138 KV  FALL2TR,FALLS_138 KV_FALL2TR:L138.Emilie-Falls + 138/35.Falls.T1,FALLS 138KV - FALLS 35KV (FALLS 138 KV FALL2TR) L138.Emilie-Falls + 138/35.Falls.T1
GERMANTO 115 KV GERMANTO-STRABAN 998,GERMANTO_138 KV_GER-TAN:L500.Brighton-Conastone.5011,GERMANTO-STRABAN 998        B  115 KV TEMP:L500.Brighton-Conastone + Germantwn B1 closed
CLBHOUSE 230 KV CLBHOUSE TX1 XFORMER,CLBHOUSE_230 KV_TX1:ACTUAL,CLBHOUSE 115KV - CLBHOUSE 230KV (CLBHOUSE 230 KV TX1) L500.BurchesHill-PossumPoint.560
LINCOLN 115 KV LINCOLN-STRABAN 998,LINCOLN_115 KV_LIN-STR:L500.Hunterstown-Conastone.5013,LINCOLN 115KV - STRABAN 115KV (LINCOLN 115 KV LIN-STR) L500.Hunterstown-Conastone.5013
GARDNERS 115 KV GARDNERS-TEXSEAST GAR-TEX,GARDNERS_115 KV_GAR-TEX:L500.Brighton-Conastone,TEXSEAST 115KV - GARDNERS 115KV (GARDNERS 115 KV GAR-TEX) L500.Brighton-Conastone.5011
BUTL APS 138 KV BUTL APS-KARNSCIT KC-BT,BUTL APS_138 KV_BUT-KAR:345/138.Ashtabula.TR4,BUTL APS-KARNSCIT KC-BT     A  138 KV L345.ErieWest-Ashtabula-Perry + SPS.Warren
64_BELLW_138KV51172_1_LN,64 BELLW_138 KV_5117 2:ACTUAL,5118 138KV - 64 BELLW 138KV (64 BELLW 138 KV 5118 4) BASE
CRETE-ST JOHNS 345 KV,Crete - St Johns Tap 345 kV SPS ARMED SPS Armed: DUM-WIL 11215 w/ PO-5 JO-7 Trip,Crete - St Johns  Tap  345 kV  SPS ARMED SPS Armed: DUM-WIL 11215 w/ PO-5 & JO-7 Trip
MAYWOOD 230 KV MAYWOOD-SADDLEBR G-2259,MAYWOOD_230 KV_MAY-SAD:L230.Bergenfield-Leonia.P-2294,SADDLEBR 230KV - MAYWOOD 230KV (MAYWOOD 230 KV MAY-SAD) L230.Bergenfield-Leonia.P-2294
NBRISTOL 138 KV NBRISTOL-WOLFHILL,NBRISTOL_138 KV_NBR-WOL1:Broadford-Keywood-WolfHill 138kV line,WOLFHILL 138KV - NBRISTOL 138KV (NBRISTOL 138 KV NBR-WOL1) Temp: L138.Abingdon-ClinchRiver
PRES-TIBB L/O ST-FRANCIS-LUTESVILLE 345KV,PRES_138 KV_PRE-TIBB:St. Francis-Lutesville 345kV,PRES 138KV - TIBB 138KV (PRES 138 KV PRE-TIBB) St. Francis-Lutesville 345kV
STAFFORD_230KV2104B_1_LN,STAFFORD_230 KV_2104B:L500.Midlothian-NorthAnna.576,CRANESCR 230KV - STAFFORD 230KV (STAFFORD 230 KV 2104B) L500.Midlothian-NorthAnna.576
SMITHTON 138 KV SMITHTON-YUKON SLJ-YU,SMITHTON_138 KV_SMI-YUK:L138.Charleroi-Yukon,SMITHTON-YUKON SLJ-YU       B  138 KV L500.Hatfield-Ronco
SILVERGR 345 KV SILVERGR 23 XFORMER,SILVERGR_138 KV_BEC-SIL:L345.Zimmer-PortUnion.4544,SILVERGR 23       XFORMER   H  345 KV L345.Zimmer-PortUnion.4544
BEDINGTON - BLACK OAK REACTIVE TRANSFER INTERFACE,Black Oak - Bedington Interface,TRANSFER INTERFACE: APSOUTH L500.Bedington-Black Oak
BED-BLA CONTINGENCY 55,BED-BLA contingency 55 500/138.BlackOak.T3 + BlackOak.SVC + BlackOak.Caps,TRANSFER INTERFACE: BED-BLA 500/138.BlackOak.T3 + BlackOak.SVC + BlackOak.Caps
ASHTABUL138 KV  ASH-04S2,ASHTABUL_138 KV_ASH-04S2:L345.Ashtabula-Perry,SANBORN 138KV - ASHTABUL 138KV (ASHTABUL 138 KV ASH-04S2) L345.Ashtabula-Perry
CUMB APS 138 KV CUMB APS-RIDGELEY RCU,CUMB APS_138 KV_CUM-RID:L500.Black Oak-Hatfield,RIDGELEY 138KV - CUMB APS 138KV (CUMB APS 138 KV CUM-RID) L500.BlackOak-Hatfield
PASSYUNK69 KV   PAS-SWA,PASSYUNK_69 KV_PAS-SWA:230/69.Schuylkill.7TR,PASSYUNK 69KV - SWARK 69KV (PASSYUNK 69 KV PAS-SWA) 230/69.Schuylkill.7TR
BEKAERT 69 KV   BEK-WSHE,BEKAERT_69 KV_BEK-WSHE:ACTUAL,WSHELBY2 69KV - BEKAERT 69KV (BEKAERT 69 KV BEK-WSHE) BASE
DUNEACRE - MICHIGAN CITY 39 138 KV L/O DUNEACRE - MICHIGAN CITY 43 138 KV,DUNEACRE_138 KV_DUN-MIC1:Dune Acre-Michigan City #2,DUNEACRE 138KV - MICHIGA2 138KV (DUNEACRE 138 KV DUN-MIC1) L138.Dune Acres-Michigan City.43
PIERC_DK345 KV  BK18,PIERC_DK_345 KV_BK18:ACTUAL,PIERC_DK 345KV - PIERC_DK 138KV (PIERC_DK 345 KV BK18) L345.EastBend-Terminal
JACKSNVL138 KV  PAR-JACK,JACKSNVL_138 KV_PAR-JACK:L345.Spurlock-NorthClark,JACKSNVL 138KV - PARISTAP 138KV (JACKSNVL 138 KV PAR-JACK) L345.Spurlock-NorthClark
NEW LONDON-KOKOMO 230KV L/O CAYUGA-NUCOR 345KV FG,GREENTO2_765 KV_2-P:Kokomo Highland Park - New London 230,LINE    230 KV  New London-Kokomo 230 l/o Jefferson-Rockport 765+Jefferson 765/345 FG JEFFERSO765 KV  .  1    CMPTRAFODUMMY   LINE    765 KV  JEF-ROC1CMPLINE DUMMY
MITCHELL138 KV  MIT-WIL,MITCHELL_138 KV_MIT-WIL:ACTUAL,MITCHELL 138KV - WILSON 138KV (MITCHELL 138 KV MIT-WIL) HARR APS-WYLIERID (APS)
MILLWDPL230 KV  MIL-SAK,MILLWDPL_230 KV_MIL-SAK:L500.Hunterstown-Conastone.5013,SAKRON 230KV - MILLWDPL 230KV (MILLWDPL 230 KV MIL-SAK) L500.Hunterstown-Conastone.5013
PLEASNTV-ASHBURN 274D A 230 KV,PLEASNTV_230 KV_274D:L230.Brambleton-PolandRoad.2183,PLEASNTV 230KV - ASHBURN 230KV (PLEASNTV 230 KV 274D) L230.Brambleton-PolandRoad.2183
TAZEWELL XF2 138/345KV L/O NELSON-ELECTRICJCT 345KV,155 NELS_138 KV_15511 2:L345.Nelson-ElectricJunction.15502,12204 138KV - 141 PLEA 138KV (12204 138 KV 12204 2) L345.Nelson-ElectricJunction.15502
BOYKINS 115 KV  108A,BOYKINS_115 KV_108A:L115.Pecan-Carolina.1010,BOYKINS 115KV - MURPHY 115KV (BOYKINS 115 KV 108A) L115.Pecan-Carolina.1010
CEDARCRE 138 KV CEDARCRE-CLAYTON 13832,CHURCH_69 KV_CHU-NME:L138.CedarCreek-Clayton.13832,CHURCH  69 KV   CHU-NME Cedar Creek-Clayton (13832) 138 kV line
FIVEFORK 115 KV FIVEFORK-ROCKRIDG 110511,FIVEFORK_115 KV_FIV-ROC1:L230.Graceton-Bagley-RaphaelRoad.2313,FIVEFORK 115KV - ROCKRIDG 115KV (FIVEFORK 115 KV FIV-ROC1) L230.Graceton-Bagley-RaphaelRoad.2313
IDYLWOO4 230 KV IDYLWOO4-CLARK4 202A,IDYLWOO4_230 KV_202A:L230.Beaumead-Ashburn-PleasantView.274,IDYLWOO4 230KV - CLARK4 230KV (IDYLWOO4 230 KV 202A) L230.Beaumead-Ashburn-PleasantView.274
LINCOLN_115KVLIN-STR_1_LN,LINCOLN_115 KV_LIN-ORRT:L500.Brighton-Conastone.5011,LINCOLN 115KV - STRABAN 115KV (LINCOLN 115 KV LIN-STR) L500.Brighton-Conastone.5011
WILTON TR93 345/765 L/O WILTON 765/345 TR 94,112 WILT_765 KV_TR93CT-P:765/345.Wilton.TR94,112 WILT 345KV - 112 WILT 1KV (112 WILT 345 KV TR93CT-S) 765/345.Wilton.TR94
TODD HUNTER 345/138 17 L/O GARVER-TODD HUNTER 345,TODDHUNT_345 KV_17:L345.Garver-ToddHunter,TODDHUNT 345KV - TODDHUNT 138KV (TODDHUNT 345 KV 17) L345.Garver-ToddHunter
MITCHELL138 KV  MIT-WIL,MITCHELL_138 KV_MIT-WIL:L500.Cabot-Keystone.5002,MITCHELL 138KV - WILSON 138KV (MITCHELL 138 KV MIT-WIL) L500.Cabot-Keystone.5002
74 KEWAN B1Z1 DIS             138 KV,74 KEWAN_138 KV_BTIE Z1:L345.Nelson-ElectricJunction.15502,74 KEWAN 138KV - KEWANEE 138KV (74 KEWAN 138 KV BTIE Z1) L345.Nelson-ElectricJct.15502
STAFFORD 230 KV 2104B,STAFFORD_230 KV_2104B:L500.Ladysmith-Possum Point.568,CRANESCR 230KV - STAFFORD 230KV (STAFFORD 230 KV 2104B) L500.Ladysmith-Possum Point.568
AEP-DOM,AEP-DOM Interface:L500.JacksonsFerry-Antioch(DUKE)Tie+765/500.JF.T1,TRANSFER INTERFACE: AEP-DOM L765.JacksonsFerry-Cloverdale + 138CB.JF.L
GARRETAP-GARRETT B 115 KV,GARRETAP_115 KV_GAR-GAR:L500.BlackOak-Hatfield,GARRETAP 115KV - GARRETT 115KV (GARRETAP 115 KV GAR-GAR) L500.BlackOak-Hatfield
SAPONY  115 KV  69B,SAPONY_115 KV_69B:L115.Carolina-Sockman-PleasantHillTap-Skippers.130,SAPONY 115KV - REAMSDP 115KV (SAPONY 115 KV 69B) L115.Carolina-Sockman-PleasantHillTap-Skippers.130
NEWCARLI-PLETCHER NEW-PLE   A  138 KV,NEWCARLI_138 KV_NEW-PLE:L345.Cook-Segreto,NEWCARLI 138KV - PLETCHER 138KV (NEWCARLI 138 KV NEW-PLE) L345.Cook-Segreto
BUTL APS 138 KV BUTL APS-KARNSCIT KC-BT,BUTL APS_138 KV_BUT-KAR:L500.Cabot-Keystone.5002,BUTL APS-KARNSCIT KC-BT     A  138 KV MAXCR: 500/230.Keystone.T4 + U1 + U2 + 5003 + 5004
ETOWANDA 230 KV ETOWANDA-HILLSIDE 2002 TIE,ETOWANDA_230 KV_3 TX:L230.EastTowanda-Canyon-NMeshoppen + 230/115.NM.T4,ETOWANDA 230KV - HILLSIDE 230KV (ETOWANDA 230 KV ETO-HIL) L230.EastTowanda-Canyon-NMeshoppen + 230/115.NM.T4
LAUSCHTO500 KV  T3,LAUSCHTO_500 KV_T3:ACTUAL,LAUSCHTO 500KV - LAUSCHTO 230KV (LAUSCHTO 500 KV T3) L500.Conastone-PeachBottom.5012
HAVILAND138 KV HAV-TIM,HAVILAND_138 KV_HAV-TIM:L345.EastLima-MaddoxCreek,TIMBERRD 138KV - HAVILAND 138KV (HAVILAND 138 KV HAV-TIM) L345.EastLima-MaddoxCreek
COLLEGE CORNER - COLLINSVILLE 138 KV L/O MARYSVILLE - SORENSON 765 KV,COLLEGEC_138 KV_COL-DRE1:TANNERSCREEK COLLEGE CORNER2 138KV LINE,COLLEGEC138 KV  COL-DRE1 TANNERSCREEK COLLEGE CORNER2 138KV LINE
LALLENDO345 KV  LAL-ORE,LALLENDO_345 KV_LAL-ORE:ACTUAL,OREGONEN 345KV - LALLENDO 345KV (LALLENDO 345 KV LAL-ORE) Tidd.Cardinal.U1
YUKON TRAN 4 XFORMER H 500 KV,MEADOWBR_500 KV_TRAN 4:500/138.MeadowBrook.T1&T3 (Sctnlz F),YUKON    TRAN  4  XFORMER   H  500 KV 500/138.Yukon.T1 & T3 (Sctnlz F)
111 ELEC 345 KV 111 ELEC-120 LOMB 11124,111 ELEC_345 KV_11124:ACTUAL,111 ELEC 345KV - 120 LOMB 345KV (111 ELEC 345 KV 11124) 345L11120 Electric Jct-11120-W407-Lombard 345 kV
ARSENAL 138 KV  ARS-RIAZ,ARSENAL_138 KV_ARS-RIAZ:ACTUAL,ARSENAL 138KV - RIAZZI 138KV (ARSENAL 138 KV ARS-RIAZ) BASE
CLBHOUSE 230 KV CLBHOUSE TX1 XFORMER,CLBHOUSE_230 KV_TX1:L500.Elmont-Cunningham.553,CLBHOUSE 115KV - CLBHOUSE 230KV (CLBHOUSE 230 KV TX1) L500.Elmont-Cunningham.553
BED-BLA CONTINGENCY 61,AEP-DOM for l/o Front Royal-Warren County:L500.FrontRoyal-WarrenCo.592 + FrontRoyal.CC,TRANSFER INTERFACE: BED-BLA L500.FrontRoyal-WarrenCo.592 + FrontRoyal.CC
KEYSTONE 230 KV KEYSTONE-SHELOCTA KHC 2014,SHELOCTA_230 KV_NO2:L500.Cabot-Keystone.5002,KEYSTONE-SHELOCTA KHC 2014  A  230 KV L500.Juniata-Keystone.5004
W FRANKFORT W FRANKFORT E 138KV L/O WEST FRANKFORT E MT VERNON 345KV,E W FKF3_138 KV_EWF-JORD:Mt Vernon-EWFKF3 345 kV,W Frankfort W Frankfort E 138kV l/o West Frankfort E Mt Vernon 345kV Mt Vernon-EWFKF3 345 kV
POSSUMP4500 KV  TX1,POSSUMP4_500 KV_TX1:L500.Possum Point-Ox.571,POSSUMP4 500KV - POSSUMP4 230KV (POSSUMP4 500 KV TX1) L500.Possum Point-Ox.571
CONCORD 138 KV  CON-TWI,CONCORD_138 KV_CON-TWI:ACTUAL,TWINBRAN 138KV - CONCORD 138KV (CONCORD 138 KV CON-TWI) BASE
HOOPERDP115 KV  1007A,HOOPERDP_115 KV_1007A:ACTUAL,LONEPINE 115KV - HOOPERDP 115KV (HOOPERDP 115 KV 1007A) BASE
945 CRET 345 KV CRETEIPP-STJOHNS,945 CRET_345 KV_CRE-STJ1:Lake George - Munster 345 kV + Munster Xfmr,CRETEIPP-STJOHNS TIE        B  345 KV L345.Burnham-Munster.17703 Tie
PRUNTYTO B122 CB               500 KV,PRUNTYTO B122 CB 500 KV:L500.502JUNCTION-MTSTORM (TRAIL),PRUNTYTO B122 CB               500 KV L500.502Junction-MtStorm (TRAIL)
GLASGOW 138 KV  GLA-KEE,GLASGOW_138 KV_GLA-KEE:L138.LumsPond-Reybold.13841,KEENEY 138KV - GLASGOW 138KV (GLASGOW 138 KV GLA-KEE) L138.LumsPond-Reybold.13841
FREMNT-FREMONTC A 138 KV,FREMNT_138 KV_FRE-WFR1:345/138.FostoriaCentral.T1,FREMNT 138KV - FREMONTC 138KV (FREMNT 138 KV FRE-FRE1) 345/138.FostoriaCentral.T1
REMNTNCT230 KV  299A,REMNTNCT_230 KV_299A:L230.Remington-MarshRun.280,MARSHRUN 230KV - REMNTNCT 230KV (REMNTNCT 230 KV 299A) L230.Remington-MarshRun.280
DOEX530 345 KV  DOE-PIE1,DOEX530_345 KV_DOE-PIE1:L765.Marysville-Sorenson,DOEX530 345KV - PIERCE 345KV (DOEX530 345 KV DOE-PIE1) L765.Marysville-Sorenson
ETOWANDA-HILLSIDE 2002 TIE  A  230 KV,ETOWANDA_115 KV_ETO-NME:L230.Moshannon-Chapman-Lobo-Marshall,ETOWANDA 230KV - HILLSIDE 230KV (ETOWANDA 230 KV ETO-HIL) L230.Moshannon-Chapman-Lobo-Marshall
HAVILAND-NVANWERT HAV-NVA   A  69 KV,HAVILAND_69 KV_HAV-NVA:138/69.Haviland.T4 (Sctnlz),HAVILAND 69KV - NVANWERT 69KV (HAVILAND 69 KV HAV-NVA) 138/69.Haviland.T4 (Sctnlz)
DAUPHIN 230 KV DAUPHIN-JUNIATA 1087,CARL PN_115 KV_CAR-GAR:L230.Dauphin-Juniata.1087 + 230/69.Dauphin.T2,JUNIATA 230KV - CUMB PL 230KV (CUMB PL 230 KV CUM-JUN) 500/230.TMI.T1 & Juniata-Dauphin 230
TANNERSC-DEARBORN1 TIE A 345 KV,TANNERSC_345 KV_TAN-EBE1:L765.Marysville-Sorenson,TANNERSC 345KV - DEARBORN 345KV (TANNERSC 345 KV TAN-DEA1) L765.Marysville-Sorenson
MOUN UGI 230 KV MOUN UGI 3 XFORMER,MOUN UGI_230 KV_3:230/66.Mountain.T1 (Sctnlz),MOUN UGI 230KV - MOUN UGI 69KV (MOUN UGI 230 KV 3) 230/66.Mountain.T1 (Sctnlz)
ELDRED 230 KV ELDRED-SUNBURY,ELDRED_230 KV_ELD-SUN:L230.Columbia-Montour,SUNBURY 230KV - ELDRED 230KV (ELDRED 230 KV ELD-SUN) L230.Columbia-Montour
MALISZEW_MAL138ORANGE_1_LN,MALISZEW_138 KV_ORANGE:765/345.Marysville.T2,MALISZEW_MAL138ORANGE_1_LN 765/345.Marysville.T2
GARDNERS_115KVGAR-TEX_1_LN,GARDNERS_115 KV_GAR-TEX:230/115.Lewistown.T3,TEXSEAST 115KV - GARDNERS 115KV (GARDNERS 115 KV GAR-TEX) 230/115/46.Lewistown.T2&T3
LIMERTAP-MOSER LIM-MOS A 69 KV,LIMERTAP_69 KV_LIM-MOS:L69.Cromby - Moser.6681,LIMERTAP 69KV - MOSER 69KV (LIMERTAP 69 KV LIM-MOS) L69.Cromby-Moser.6681
CONESVIL138 KV  CVD,CONESVIL_138 KV_CVD:ACTUAL,CONESVIL 4KV - CONESVIL 138KV (CONESVIL 138 KV CVD) BASE
TANNERSC-DEARBORN1 TIE A 345 KV,TANNERSC_345 KV_TAN-MIA1:L345.EastBend-Terminal,TANNERSC 345KV - MIAMIFOR 345KV (TANNERSC 345 KV TAN-MIA1) EastBend-Terminal + Dearborn-Pierce
CEDARCR2138 KV  1-P,CEDARCR2_138 KV_1-P:ACTUAL,CEDARCR2 138KV - CEDARCR2 1KV (CEDARCR2 138 KV 1-P) BASE
BUTLER-BLUEMOUND 138KV 5061 L/O ARCADIAN-GRANVIL 345KV,BUTLER 3_138 KV_38864392:Arcadian-Granvil 345,BUTLER 3 138KV - BLUMND23 138KV (BUTLER 3 138 KV 38865392) Arcadian-Granvil 345
ASHBURN 230 KV  227A,ASHBURN_230 KV_227B:L230.EvergreenMills-YarleyRidge.2209,ASHBURN 230 KV  227A L230.EvergreenMills-YarleyRidge.2209
MIDDLJCT 115 KV MIDDLJCT-YORKHAVE 977-1,MIDDLJCT_115 KV_MID-YOR8:L500.Conastone-PeachBottom.5012,MIDDLJCT 115KV - YORKHAVE 115KV (MIDDLJCT 115 KV MID-YOR8) L500.Conastone-PeachBottom.5012
REYNOLDS MAGNETATION 138 KV L/O BURR OAK REYNOLDS 345 KV,BURR_OAK_138 KV_BUR-17P1:Burr Oak-Leesburg 345 kV,BURR_OAK 138KV - 17PLYMTH 138KV (BURR_OAK 138 KV BUR-17P1) L345.BurrOak-Hiple
ROCK CREEK - DEWITT2 161 KV L/O QUADCITY - SUB91 - SUB56 345 KV,ROCK CRE_161 KV_62081625:L345.QuadCities-Sub91.0401,ROCK CRE 161KV - DEWITT 6 161KV (ROCK CRE 161 KV 62081625) L345.QuadCities-Sub91.0401
AUBURN  138 KV  AUB-VARN,AUBURN_138 KV_AUB-VARN:ACTUAL,AUBURN 138KV - VARNRAEP 138KV (AUBURN 138 KV AUB-VARN) BASE
PETERS 138 KV PETERS-UNIONJCT UNNJ-PTR,PETERS_138 KV_PET-UNI:L500.Cabot-Keystone.5002,UNIONJCT 138KV - PETERS 138KV (PETERS 138 KV PET-UNI) L500.Cabot-Keystone.5002
ST.JOHN - GREENACRES 345KV L/O WILTON CENTER - DUMONT 765KV,RISING_345 KV_45TR1:Dumont-Wilton Center 765kV,St.John - GreenAcres 345kV l/o Wilton Center - Dumont 765kV Dumont-Wilton Center 765kV
HARWOOD 230 KV HARWOOD -SUSQUEHA HAR-SUS2,HARWOOD_230 KV_HAR-SUS2:L500.Hopatcong-Lackawanna.5063,SUSQUEHA 230KV - HARWOOD 230KV (HARWOOD 230 KV HAR-SUS2) Temp:L500.Hopatcong-Lackawanna.5063+ Susq-Har #1
111 ELEC 138 KV 111 ELEC-951 AURO 11103,111 ELEC_138 KV_11103:ACTUAL,111 ELEC 138KV - 951 AURO 138KV (111 ELEC 138 KV 11103) BASE
CRESCENT RIDGE - CORBIN 138 KV L/O KEWANEE - PUTNAM 138 KV,CRBN_138 KV_CRB-CRES:L138.Corbin-Putnam (IP/MISO),6101-Hennepin 138 l/o Kewanee-Crescent Ridge 138 Kewanee (CE) - Cresent 138 kV
ESAYRE 115 KV ESAYRE-ETOWANDA ETS 1056,EVERTSUB_115 KV_EVE-STR:L230.ETowanda-Hillside.2002 [NYISO] + SPS.ESayre,ESAYRE-ETOWANDA ETS 1056    B  115 KV L345.HomerCity-Watercure [NYISO]
ROXBURY 115 KV ROXBURY-SHADEGAP KR 1075,GARDNERS_115 KV_GAR-TEX:L115.MidltwnJct-Collins + ShadeGap-Roxbury,ROXBURY-SHADEGAP KR 1075    A  115 KV L500.Bedington-BlackOak
LENOX 115 KV LENOX-NMESHOPP NML 1090,LENOX_115 KV_LEN-NME:Lenox-NMeshopp 1090 & Lackawanna-OXBOW DBL,NMESHOPP 115KV - LENOX 115KV (LENOX 115 KV LEN-NME) L230.Oxbow-NMeshoppen (Sctnlz)
EWOOSTER 138 KV EWOOSTER-CLOVEROE TIE,EWOOSTER_138 KV_EWO-MINE:ACTUAL,CLOVEROE 138KV - EWOOSTER 138KV (EWOOSTER 138 KV EWO-CLO1) L138.SouthCanton-Canal-EastWooster
MAYWOOD 230 KV MAYWOOD-SADDLEBR G-2259,MAYWOOD_230 KV_MAY-SAD:Hopatcong-Ramapo 500+Ramapo PARs,MAYWOOD-SADDLEBR G-2259     A  230 KV L500.Hopatcong-Ramapo.5018
PLYWOOD 115 KV  151A,PLYWOOD_115 KV_151A:L500.Carson-RogersRoad.585,SEDGEHIL 115KV - PLYWOOD 115KV (PLYWOOD 115 KV 151A) L500.Carson-RogersRoad.585
PINEYGRO AT20 XFORMER H 230 KV,PINEYGRO_230 KV_AT20:L138.Loretto-Vienna.13780,PINEYGRO 230KV - PINEYGRO 138KV (PINEYGRO 230 KV AT20) 230/138.Vienna.AT20
DICKERSH 230 KV DICKERSH-DICKERSO 23104,DICKERSH_230 KV_DIC-DIC3:DICKERSON H-DICKERSON 23104,DICKERSH-DICKERSO 23104     A  230 KV Dickerson H-Dickerson (23103) 230 kV line
BAGLEY 230 KV BAGLEY -GRACETON BAG-GRA,BAGLEY_230 KV_BAG-GRA:L230.Graceton-Bagley-RaphaelRoad.2313,GRACETON 230KV - BAGLEY 230KV (BAGLEY 230 KV BAG-GRA) 500/230.WaughChapel.500-1
PLYMOUTH 230 KV PLYMOUTH-WHITPAIN 220-13,PLYMOUTH_230 KV_PLY-WHI5:L230.Limerick-Lock.220-61,WHITPAIN 230KV - PLYMOUTH 230KV (PLYMOUTH 230 KV PLY-WHI4) L230.Limerick-Lock.220-61
BUTL_APS_138KVBUT-KAR_1_LN,BUTL APS_138 KV_BUT-KAR:ACTUAL,BUTL APS138 KV  BUT-KAR L345.ErieSouth-ErieWest.3001 + Seneca.1.Pump
ALLLUD4J 138 KV ALLLUD4J-ALLDAM6 ALJ-ALL,ALLLUD4J_138 KV_ALJ-ALL:L345.Armstrong-HomerCity,ALLLUD4J 138KV - ALLDAM6 138KV (ALLLUD4J 138 KV ALJ-ALL) L345.Armstrong-HomerCity
ASPENSLR115 KV  ASP-ROXB,ASPENSLR_115 KV_ASP-ROXB:L115.Hunterstown-TexasEastern-Gardners.991,ASPENSLR 115KV - ROXBURY 115KV (ASPENSLR 115 KV ASP-ROXB) L115.Hunterstown-TexasEastern-Gardners.991
NEWBERRY-ROUNDTOP 975-1 A 115 KV,NEWBERRY_115 KV_NEW-ROU:230/115.Lewistown.T3,NEWBERRY 115KV - ROUNDTOP 115KV (NEWBERRY 115 KV NEW-ROU) 230/115.Lewistown.T3
LACKAWAN-SUMMITPL LAC-SUM2       A 230 KV,LACKAWAN_230 KV_LAC-SUM2:230/69.Lackawanna.T1 (Sctnlz F),LACKAWAN 230KV - SUMMITPL 230KV (LACKAWAN 230 KV LAC-SUM2) 230/69.Lackawanna.T1 (Sctnlz F)
MEADOWBR-STRASBUR MST A 138 KV,MOSELEY_138 KV_MOS-ROA1:L500.Cloverdale-Lexington.566 + 500/230.Lexgtn.TX3,MEADOWBR-STRASBUR MST       A  138 KV L500.Cloverdale-Lexington.566
SBENDAEP138 KV  SBE-TWI1,SBENDAEP_138 KV_SBE-TWI1:345/138.Olive.T2(Sctnlz),TWINBRAN 138KV - SBENDAEP 138KV (SBENDAEP 138 KV SBE-TWI1) 345/138.Olive.T2
BRUNSWIC_230KVBRU-MEA_1_LN,BRUNSWIC_230 KV_BRU-MEA:L500.Hopatcong-Roseland.5061,BRUNSWIC 230KV - MEADOWRD 230KV (BRUNSWIC 230 KV BRU-MEA) L500.Hopatcong-Roseland.5061
179 BLOOM  45TR84 CT        H  345 KV,179 BLOO_345 KV_TR84CT-P:17704 Burnham-Davis & 17908 Burnham-Bloom,179 BLOO 345KV - 179 BLOO 1KV (179 BLOO 345 KV TR84CT-P) 17704 Burnham-Davis & 17908 Burnham-Bloom
MIAMI FORT 9 345/138 L/O WEST MILTON - MIAMI FORT 345 KV,SWLIMA_138 KV_SWL-WMO1:L345.Miami-WestMilton-MiamiFort,TERMINAL 11       XFORMER   H  345 KV TEMP:Miami Fort-West Milton & Terminal-Port Union
MANOR   230 KV  MAN-WHE2,MANOR_230 KV_MAN-WHE2:L500.Conastone-PeachBottom.5012,WHEMPFIE 230KV - MANOR 230KV (MANOR 230 KV MAN-WHE2) L500.Conastone-PeachBottom.5012
FACEROCK69 KV   FAROZBR,FACEROCK_69 KV_FAROZBR:ACTUAL,FACEROCK69 KV   FAROZBR L230.Graceton-Bagley-RaphaelRoad.2305
PARADISE-BR TAP 161KV L/O PHIPPS BEND - VOLUNTEER 500KV,RUSSELJC_161 KV_20R-5WO1:L500.Phippsbend-Volunteer (TVA),PARADIS 161KV - BR_TAP 161KV (BR_TAP 161 KV BRT-PAR) L500.Phippsbend-Volunteer (TVA)
GORE_APS_138KVGOR-STO_1_LN,GORE APS_138 KV_GOR-STO:L500.Bedington-Doubs,GORE APS 138KV - STONEWAL 138KV (GORE APS 138 KV GOR-STO) L500.Bedington-BlackOak
YUKON 500 KV YUKON TRAN 2 XFORMER,YUKON_500 KV_TRAN 7:500/138.Yukon.TR5,YUKON    TRAN  2  XFORMER   H  500 KV 500/138.Yukon.TR5
LINE 69 KV MONR AE-VINELAND 0711-1,MONR AE_69 KV_MON-VINE:500/230.Orchard.T1,MONR AE-VINELAND 0711-1     A  69 KV L230.Churchtown-Orchard-Cumberland
37_NATOM_138KV3706_1_LN,37 NATOM_138 KV_3706:ACTUAL,37 NATOM 138KV - 71 HIGGI 138KV (37 NATOM 138 KV 3706) BASE
BERYL   138 KV  BER-MTZ,BERYL_138 KV_BER-MTZ:L500.BlackOak-Hatfield,MTZI APS 138KV - BERYL 138KV (BERYL 138 KV BER-MTZ) L500.BlackOak-Hatfield.542
HARWOOD 230 KV HARWOOD-SUSQUEHA,HARWOOD_230 KV_HAR-SIE:L500.Hopatcong-Lackawanna.5063,SUSQUEHA 230KV - HARWOOD 230KV (HARWOOD 230 KV HAR-SUS2) Temp:L500.Hopatcong-Lackawanna.5063+ Susq-Har #1
MINUEST 230 KV MINUEST-SEWAREN R-2218,MINUEST_230 KV_MIN-SEW2:L230.Sewaren-MinueStreet-Linden.R-2218,SEWAREN 230KV - MINUEST 230KV (MINUEST 230 KV MIN-SEW2) L230.Sewaren-MinueStreet-Linden.R-2218
BUTLER  69 KV   BUT-SHE,BUTLER_69 KV_BUT-SHE:L69.Monroe-Vineland.0711,SHERMAN 69KV - BUTLER 69KV (BUTLER 69 KV BUT-SHE) L69.Monroe-Vineland.0711
EELKHART138 KV  EEL-MOT1,EELKHART_138 KV_EEL-ELC1:345/138.RobisonPark.T5,EELKHART138 KV  EEL-MOT1 345/138.KenzieCreek.T1
VIENNA 138 KV VIENNA 8110 CB,VIENNA_230 KV_AT20:L230.IndianRiver-PineyGrove.23002,VIENNA 138KV - LORETTO 138KV (LORETTO 138 KV LOR-VIE) L230.IndianRiver-PineyGrove.23002
AQUAHAR_230KVAQU-GAR1_1_LN,AQUAHAR_230 KV_AQU-GAR1:L500.Midlothian-NorthAnna.576,AQUAHAR 230KV - GARRSNV 230KV (AQUAHAR 230 KV AQU-GAR1) L500.Midlothian-NorthAnna.576
MOUN UGI 230 KV MOUN UGI 1 XFORMER,MOUN UGI_230 KV_1:230/66.Mountain.T2 (Sctnlz),MOUN UGI 230KV - MOUN UGI 69KV (MOUN UGI 230 KV 1) 230/66.Mountain.T2 (Sctnlz)
FIVEFORK 115 KV FIVEFORK-ROCKRIDG 110511,FIVEFORK_115 KV_FIV-ROC2:WINDY EDGE-GLENARM-COLON-FIVEFORKS 110511,FIVEFORK-ROCKRIDG 110511    A  115 KV Temp Dbl:110512 and 5011
BRAMBLET230 KV  BRA-EVRG,BRAMBLET_230 KV_BRA-EVRG:L230.GooseCreek-Ashburn-Beaumeade.227,BRAMBLET 230KV - EVRGREEN 230KV (BRAMBLET 230 KV BRA-EVRG) L230.GooseCreek-Ashburn-Beaumeade.227
HOWARD2-MELMORE B 138 KV,HOWARD2_138 KV_HOW-MEL1:L138.Melmore-ChatField,MELMORE 138KV - HOWARD2 138KV (HOWARD2 138 KV HOW-MEL1) L138.Melmore-ChatField
BRIDGEWA 230 KV BRIDGEWA-MIDDLESE I-1023,BRIDGEWA_230 KV_BRI-MID:L500.Hopatcong-Roseland.5061,BRIDGEWA 230KV - MIDDLESE 230KV (BRIDGEWA 230 KV BRI-MID) L500.Hopatcong-Roseland.5061
HENKEL 138 KV HEN-TER,HENKEL_138 KV_HEN-TER:ACTUAL,TERMINAL 138KV - HENKEL 138KV (HENKEL 138 KV HEN-TER) BASE
CARL PN-GARDNERS 1049 B 115 KV,CARL PN_115 KV_CAR-GAR:L115.CarlislePike-Roxbury.1049,CARL PN-GARDNERS 1049       B  115 KV TEMP 5011 - 2304 -110511-110512
WILSON  138 KV  WIL-WMI2,WILSON_138 KV_WIL-WMI2:L138.Dravosburg-Wilson.Z-72,WILSON 138KV - WMIFFLIN 138KV (WILSON 138 KV WIL-WMI) L138.Dravosburg-Wilson.Z-72
MAP - LNG 138 KV L/O WILTON CTR - DUMONT 765 KV,MAPLNIPS_138 KV_MAP-LNG1:L765.Dumont-WiltonCenter.11215,MAPLNIPS 138KV - LNGPLNTP 138KV (MAPLNIPS 138 KV MAP-LNG1) Wilton Ctr - Dumont 765 kV
BAIR 115 KV BAIR-JACK ME 969-2,BAIR_115 KV_BAI-HIL:L115.Yorkana-Yoe-Windsor.989,JACK ME 115KV - BAIR 115KV (BAIR 115 KV BAI-JAC) L115.Yorkana-Yoe-Windsor.989
8810_138KV88101_1_LN,8810_138 KV_8810 1:ACTUAL,8810 138KV - 88 SKOKI 138KV (8810 138 KV 8810 1) BASE
ALLLUD4J 138 KV ALLLUD4J-ALLDAM6 ALJ-ALL,ALLLUD4J_138 KV_ALJ-ALL:L345.ErieWest-Ashtabula-Perry,ALLLUD4J 138KV - ALLDAM6 138KV (ALLLUD4J 138 KV ALJ-ALL) L345.ErieWest-Ashtabula-Perry
ESSEX   230 KV  ESS-MCC,ESSEX_230 KV_ESS-MCC:L230.CedarGrove-CedarSub-Roseland.Y-2277,MCCARTER 230KV - ESSEX 230KV (ESSEX 230 KV ESS-MCC) L230.CedarGrove-CedarSub-Roseland.Y-2277
02RDGVL 138 KV  02R-STRY,02RDGVL_138 KV_02R-STRY:L765.Marysville-Sorenson,02RDGVL 138KV - STRYKER 138KV (02RDGVL 138 KV 02R-STRY) L138.Richland-Naomi-Midway-Wauseon
POWERTON - TAZEWELL 345KV 0304 L/O DRESDEN - MULBERRY 345KV 1202,3 POWERT_345 KV_0304:L345.12Dresden-939Mulberry.1202,3 POWERT 345KV - TAZEWEL2 345KV (3 POWERT 345 KV 0304) L345.12Dresden-939Mulberry.1202
SNYDER - SULLIVAN 345 KV L/O KANSAS - SUGAR CREEK 345 KV,EUGENE_345 KV_EUG-CAY1:Kansas - Sugar Creek 345 kV,CAYUGA3 345KV - CAYUGA2 345KV (CAYUGA2 345 KV CAY-CAY2) Kansas - Sugar Creek 345 kV
STATE LINE-ROXANA 138 KV 1/O STATE LINE-WOLF LAKE 138 KV,7 STATE_138 KV_STA-17R1:138L13803 State Line-Wolf Lake 138 kV Line,7 STATE 138KV - 17ROXANA 138KV (7 STATE 138 KV STA-17R1) 138L13803 State Line-Wolf Lake 138 kV Line
CAPITOLH 138 KV CAPITOLH-CHEMICAL,CHEMICAL_138 KV_CHE-UNI1:ACTUAL,CAPITOLH-CHEMICAL           B  138 KV L138.Amos-Tackett-Turner.2
ALLDAM6 138 KV ALLDAM6-KITTANNI SP-KT,ALLDAM6_138 KV_ALL-KIT:L345.ErieSouth-ErieWest.3001,ALLDAM6-KITTANNI SP-KT      A  138 KV 345/115.ErieWest.T1
EWAYNESB 138 KV EWAYNESB-RINGGOLD RWA1,EWAYNESB_138 KV_EWA-RIN:L138.Reid-Antrim (Sctnlz),RINGGOLD 138KV - EWAYNESB 138KV (EWAYNESB 138 KV EWA-RIN) L138.Reid-Antrim (Sctnlz)
NEWBERRY-ROUNDTOP 975-1 A 115 KV,NEWBERRY_115 KV_NEW-ROU:Hunterstown-TexasEastern-Gardners (991) 115 kV lin,NEWBERRY 115KV - ROUNDTOP 115KV (NEWBERRY 115 KV NEW-ROU) L115.Hunterstown-TexasEastern-Gardners.991
66 E FRN 345 KV 66 E FRN-116 GOOD 11602,66 E FRN_345 KV_11602:ACTUAL,LINE    345 KV  2004 116 GOOD345 KV  L11602CBCB      OPEN    66 E FRN138 KV  TR83 CB CB      OPEN    66 E FRN138 KV  TR83
JUNIATA_T4_5002_XF,HUMMETAP_230 KV_HUM-STE:500/230.Juniata.T1,JUNIATA 230KV - JUNIATA 69KV (JUNIATA 230 KV 4) 500/230.TMI.T1
RISING XMFR1 L/O RISING SIDNEY 345KV,RISING_345 KV_45TR1:Sidney-Rising 345 kV,RISING 345KV - RISING 138KV (RISING 345 KV 45TR1) L345.Rising-Sidney
NEWBERRY-ROUNDTOP 975-1 A 115 KV,CARL PN_115 KV_CAR-ROX:L115.RoundTop-Newberry-Cly,ROXBURY-SHADEGAP KR 1075    B  115 KV L115.RoundTop-Newberry.975 (Sctnlz)
LOCKWOOD_138KVLOC-RIC1_1_LN,LOCKWOOD_138 KV_LOC-RIC1:L345.EastLima-MaddoxCreek,LOCKWOOD 138KV - RICHLND 138KV (LOCKWOOD 138 KV LOC-RIC1) L345.EastLima-MaddoxCreek
GRACETON 230 KV GRACETON-SAFEHARB 2303,SAFEHARB_230 KV_2303:ACTUAL,GRACETON-SAFEHARB 2303      A  230 KV L500.Brighton-Conastone
BOONETWN230 KV  BOO-SRE,BOONETWN_230 KV_BOO-SRE:L500.Conastone-PeachBottom.5012,BOONETWN 230KV - SREADING 230KV (BOONETWN 230 KV BOO-SRE) L500.Conastone-PeachBottom.5012
DICKERSO230 KV  STADC1T,BOWIE_230 KV_162-1T:ACTUAL,DICKERSO230 KV  STADC1T BASE
ALLDAM6 138 KV ALLDAM6-KITTANNI SP-KT,ALLDAM6_138 KV_ALL-KIT:L345.ErieWest-Ashtabula-Perry,ALLDAM6-KITTANNI SP-KT      A  138 KV (NUKE) L345.ErieWest-Ashtabula-Perry
DICKERSH 230 KV DICKERSH-DICKERSO 23103,DICKERSH_230 KV_DIC-DIC4:Dickerson H-Dickerson (23103) 230 kV line,DICKERSH-DICKERSO 23104     A  230 KV Dickerson H-Dickerson (23103) 230 kV line
MTVERPEP230 KV  MTV-WAT2,MTVERPEP_230 KV_MTV-WAT2:ACTUAL,MTVERPEP 230KV - WATERFRO 230KV (MTVERPEP 230 KV MTV-WAT2) BASE
DOUBS   500 KV  DOU-GOO,DOUBS_500 KV_DOU-GOO:L500.FrontRoyal-Morrisville.541,DOUBS 500KV - GOOSECRE 500KV (DOUBS 500 KV DOU-GOO) L500.FrontRoyal-Morrisville.541
BIGPINET138 KV  BIG-KIS,BIGPINET_138 KV_BIG-KIS:L345.Ashtabula-ErieWest,KISKIVAL 138KV - BIGPINET 138KV (BIGPINET 138 KV BIG-KIS) L345.ErieWest-Ashtabula-Perry
SHAWVILL115 KV  BNK 1A-S,SHAWVILL_115 KV_BNK 1A-S:L115.Glory-Garman.992,SHAWVILL 1KV - SHAWVILL 115KV (SHAWVILL 115 KV BNK 1A-S) L115.Glory-Garman.992
AQUAHAR 230 KV  2119,AQUAHAR_230 KV_AQU-GAR1:L500.Morrisville-Spotsylvania.594,AQUAHAR 230 KV  2119 L500.Morrisville-Spotsylvania.594
LICKRUN 115 KV LICKRUN -ROCKWOOD LIC-ROC,LICKRUN_115 KV_LIC-ROC:L115.Rockwood-Somerset,LICKRUN 115KV - ROCKWOOD 115KV (LICKRUN 115 KV LIC-ROC) L115.Rockwood-Somerset
CONASTON 5012/500-4 GCB C     500 KV,CONASTON_230 KV_CNS-OTT:L500.Hunterstown-Conastone.5013+Cap,CONASTON 5012/500-4 GCB C      500 KV L500.Hunterstown-Conastone.5013
VOLUNTEER-PHIPPS BEND 500 L/O HANGING ROCK - CORNU 765,PHIPPB_500 KV_32200A:05CORNU 765kV-05HANGR 765kV,VOLUNTE 500KV - PHIPPB 500KV (PHIPPB 500 KV 32200A) 05CORNU 765kV-05HANGR 765kV
BARTONVI 138 KV BARTONVI-MEADOWBR MSW1,BARTONVI_138 KV_BAR-LONG:L500.Bedington-BlackOak,BARTONVI-MEADOWBR MSW1      B  138 KV L500.Loudoun-Meadowbrook.5535
08FRFLD1138 KV 08L-WILL,08FRFLD1_138 KV_08L-WILL:L138.Miami Fort-Morgan,WILLEY 138KV - 08FRFLD1 138KV (08FRFLD1 138 KV 08L-WILL) L138.Miami Fort-Morgan
HOPEWEL4230 KV  228A,HOPEWEL4_230 KV_228A:L230.Chesterfield-Hopewell.211,HOPEWEL4 230KV - CHESTER4 230KV (HOPEWEL4 230 KV 228A) L230.Chesterfield-Hopewell.211
MICHIGAN CITY-MAPLE 138 KV L/O DUMONT-WILTON CENTER 765 KV,Dune Acres-Michigan Cty 1 138 kV Dumont-Wilton Center 765kV + Powerton 5 + Joliet 7,Michigan City-Maple 138 kV l/o Dumont-Wilton Center 765 kV L765.Dumont-WiltonCenter.11215
GOOSECRE TX1 XFORMER H 500 KV,GOOSECRE_500 KV_TX1:500/230.PleasantView.T3,GOOSECRE 500KV - GOOSECRE 230KV (GOOSECRE 500 KV TX1) 500/230.PleasantView.T3
WMILTON 345 KV  BK-E,WMILTON_345 KV_BK-E:L345.Bath-Greene,WMILTON 345KV - WMILTON 138KV (WMILTON 345 KV BK-E) L345.Bath-Greene
ABINGDON-SABINGDN ABI-SAB   A  138 KV,ABINGDON_138 KV_ABI-SAB:L138.Nagel-WestKingsport,ABINGDON 138KV - SABINGDN 138KV (ABINGDON 138 KV ABI-SAB) TEMP:L138.Nagel-WestKingsport+138/34WkingXtr.VS
HARWOOD 230 KV HARWOOD-SUSQUEHA,SUSQUEHA_500 KV_21:L230.Harwood-Susquehanna.2,SUSQUEHA 230KV - HARWOOD 230KV (HARWOOD 230 KV HAR-SUS) Harwood and Wescosville T3
TANNERS CREEK - DEARBORN 345KV L/O L345.TANNERSCREEK-MIAMI FORT 345KV,TANNERSC_345 KV_TAN-DEA1:L345.Tanners Creek-Miami Fort,LINE    138 KV  Miami Fort-Hebron 138 kv l/o Tanners Creek-Dearborn 345 kV FG LINE    345 KV  TAN-DEA1CMPLINE DUMMY
ETOWANDA 230 KV ETOWANDA-HILLSIDE 2002 TIE,ETOWANDA_230 KV_ETO-HIL:NineMile.U2 (NYISO),ETOWANDA 230KV - HILLSIDE 230KV (ETOWANDA 230 KV ETO-HIL) NineMile.U2 (NYISO)
HIGHLAOE_138KVHIG-COM1_1_LN,HIGHLAOE_138 KV_HIG-COM1:L345.Hanna-Juniper,HIGHLAOE 138KV - COMERC 138KV (HIGHLAOE 138 KV HIG-COM1) L345.Hanna-Juniper
NOTTINGH 230 KV NOTTINGHM 2-3 SER DEV,NOTTINGHM 2-3 SER DEV A 230 KV:TEMP.DBL.500/230.CONASTONE.500-4 + Peach Bot - Conaston,NOTTINGHM 2-3 SER DEV       A  230 KV L500.PeachBottom.BusTie.1
CHURCH 69 KV CHURCH-NEWMERED 6704-1,CHURCH_69 KV_CHU-NME:L230.CedarCreek-SilverRun.23030,CHURCH 69KV - NEWMERED 69KV (CHURCH 69 KV CHU-NME) L230.CedarCreek-SilverRun.23030
HOOPERDP115 KV  HOO-JET,HOOPERDP_115 KV_HOO-JET:ACTUAL,HOOPERDP 115KV - JETERSVL 115KV (HOOPERDP 115 KV HOO-JET) BASE
COLONIAL 115 KV COL.PIPE-RRIDGE2 110512,COLONIAL_115 KV_COL-ROC2:L230.Graceton-Bagley-RaphaelRoad.2313,ROCKRIDG 115KV - COLONIAL 115KV (COLONIAL 115 KV COL-ROC2) L230.Graceton-Bagley-RaphaelRoad.2313
COLLEGEC 138 KV COLLEGEC-COLLINSV,COLLINSV_138 KV_HUS-COL:L345.EastBend-Terminal,COLLEGEC 138KV - COLLINSV 138KV (COLLEGEC 138 KV COL-COL6) L345.EastBend-Terminal
DAUPHIN 230 KV DAUPHIN-JUNIATA 1087,DAUPHIN_230 KV_DAU-JUN:DBL: L500.Alburtis-Juniata5009+L500.Juni-TMI.5008,JUNIATA 230KV - DAUPHIN 230KV (DAUPHIN 230 KV DAU-JUN) L500.Juniata-TMI.5008
WEEDMAN - MAHOMET 138KV FLO PONTIAC - MCLEAN 345KV,WEEDMAN3_138 KV_1592 4:L345.McLean-PontiacMidpoint.8001,WEEDMAN3 138KV - MAHOMET 138KV (WEEDMAN3 138 KV 1592   4) L345.McLean-PontiacMidpoint.8001
GIBSON - FRANCISCO 345 KV L/O AB BROWN - GIBSON 345 KV,BR_TAP_161 KV_BRT-PAR:Gibson-AB Brown 345 kV,Gibson-Francisco-345 kV l/o Gibson-Abbrown-345 kV Gibson-AB Brown 345 kV
46_DESPL_46_138I4607_1_LN,46 DESPL_345 KV_TR84CT-P:ACTUAL,46 DESPL 138KV - 46 DESPL 1KV (46 DESPL 138 KV TR84CT-S) BASE
MERIDIAN345 KV  MER-SOR1,MERIDIAN_345 KV_MER-SOR1:L765.Dumont-Sorenson,MERIDIAN 345KV - SORENSON 345KV (MERIDIAN 345 KV MER-SOR1) L765.Cook-Dumont
HARWGATE 115 KV HARWGATE-LOCKS 100J,HARWGATE_115 KV_100J:L500.Carson-Midlothian.563,LOCKS 115KV - HARWGATE 115KV (HARWGATE 115 KV 100J) L500.Carson-Midlothian.563
CROMBY 69 KV CROMBY -LIMERTAP CRO-LIM,LIMERTAP_69 KV_LIM-MOS:L69.Cromby - Moser.6681,CROMBY 69KV - LIMERTAP 69KV (CROMBY 69 KV CRO-LIM) L69.Cromby-Moser.6681
CARL PN-ROXBURY KRG 1049 B 115 KV,CARL PN_115 KV_CAR-ROX:Hunterstown-TexasEastern-Gardners (991) 115 kV lin,ROXBURY 115KV - CARL PN 115KV (CARL PN 115 KV CAR-ROX) L115.Hunterstown-TexasEastern-Gardners.991
RICHLND 138 KV  TR-5,RICHLND_138 KV_TR-5:ACTUAL,RICHLND 138KV - RICHLND 13.8KV (RICHLND 138 KV TR-5) L345.Burnham-Munster.17703
51 MC CO 34.5 KV 51 MC COOK 34TR84 CT,51 MC CO_345 KV_TR84CT-P:345L2913 Joliet-Lockport 345 kV Line,51 MC COOK  45TR84 CT       H  345 KV 138L5117 McCook-5117-Bellwood 138 kV Line
BERGENFI 230 KV BERGENFI-LEONIA BER-LEOO,BERGENFI_230 KV_BER-LEOO:L500.Hopatcong-Ramapo.5018,LEONIA 230KV - BERGENFI 230KV (BERGENFI 230 KV BER-LEOO) L500.Hopatcong-Ramapo.5018
EELKHART138 KV  EEL-MOT1,EELKHART_138 KV_EEL-ELC1:345/138.RobisonPark.T5,EELKHART138 KV  EEL-MOT1 L345.EastLima-MaddoxCreek
CLOUD_T2_230TX1_XF,CLOUD_230 KV_TX1:230/115.Cloud.T2,CLOUD 115KV - CLOUD 230KV (CLOUD 230 KV TX1) 230/115.Cloud.T2
SEWARD 115 KV SEWARD-TOWER51 H1H2 1097,COOPER_115 KV_COO-ROS:L230.Johnstown-Seward.2018,TOWER51 115KV - HOOVERSV 115KV (HOOVERSV 115 KV HOO-TOW) L230.Johnstown-Seward.2018
CROZET 230 KV CROZET -BARRCKRD 291B,CROZET_230 KV_291B:L500.Elmont-Cunningham.553,BARRCKRD 230KV - CROZET 230KV (CROZET 230 KV 291B) L500.Elmont-Cunningham.553
CAYUGA 345-230 KV XFMR 9 L/O DRESSER-SUGARCREEK 345 KV,CAYUGA2_345 KV_9-P:L345.Dresser-SugarCreek,SugarCreek-Dresser 345kV l/o Cayuga-BK10 345-230kV Cayuga 345/230 xfmr 10
JUNIATA 2 XFORMER H 500 KV,JUNIATA_500 KV_2:500/230.TMI.T1,JUNIATA 500KV - JUNIATA 230KV (JUNIATA 500 KV 2) 500/230.TMI.T1
HAYES   115 KV  89C,HAYES_115 KV_89C:L230.Fredericksburg-Birchwood.2083,HAYES 115KV - WHTMARDP 115KV (HAYES 115 KV 89C) L230.Fredericksburg-Birchwood.2083
MILLWDPL230 KV  MIL-SAK,MILLWDPL_230 KV_MIL-SAK:500/230.Conastone.500-4,SAKRON 230KV - MILLWDPL 230KV (MILLWDPL 230 KV MIL-SAK) 500/230.Conastone.500-4
ASYLUM  230 KV  ASY-ETOW,ASYLUM_230 KV_ASY-ETOW:ACTUAL,ASYLUM 230KV - ETOWANDA 230KV (ASYLUM 230 KV ASY-ETOW) BASE
LAYTOJCT138 KV  LAY-SMI,LAYTOJCT_138 KV_LAY-SMI:ACTUAL,SMITHTON 138KV - LAYTOJCT 138KV (LAYTOJCT 138 KV LAY-SMI) L500.Keystone-SouthBend.5001(513)
EVERTSUB-STROY EVE-STR A 115 KV,EVERTSUB_115 KV_EVE-STR:ACTUAL,EVERTSUB 115KV - STROY 115KV (EVERTSUB 115 KV EVE-STR) L230.AsylumTwp-EastTowanda
HOPECREE230 KV  HOP-SIL,HOPECREE_230 KV_HOP-SIL:Wildcat.CC,HOPECREE 230KV - SILVERUN 230KV (HOPECREE 230 KV HOP-SIL) Wildcat.CC
BUTL APS 138 KV BUTL APS-KARNSCIT KC-BT,BUTL APS_138 KV_BUT-KAR:L345.Armstrong-HomerCity,BUTL APS-KARNSCIT KC-BT     A  138 KV L138.Armstrong-Garrn Jct-Kiski Valley-Kittanning
CARL PN-ROXBURY KRG 1049 B 115 KV,CARL PN_115 KV_CAR-GAR:L115.CarlislePike-Roxbury.1049,CARL PN-ROXBURY KRG 1049    B  115 KV L115.MiddletownJct-Collins (Sctnlz)
SNYDER-SULLIVAN 345 KV L/O BUNSONVIL-EUGENE 345 KV,REYNOLD2_138 KV_REY-17G1:Eugene-Bunsonville 345,CasyW-Sullivan 345 kV l/o Bunsonvil-Eugene 345 kV Eugene-Bunsonville 345
PETERS 138 KV PETERS-UNIONJCT UNNJ-PTR,PETERS_138 KV_PET-UNI:L500.Cabot-Cranberry,UNIONJCT 138KV - PETERS 138KV (PETERS 138 KV PET-UNI) L500.Cabot-Cranberry
FREMNT-FREMONTC A 138 KV,FREMNT_138 KV_FRE-FRE1:L345.EastLima-FostoriaCentral,FREMNT 138KV - FREMONTC 138KV (FREMNT 138 KV FRE-FRE1) L345.EastLima-FostoriaCentral
KEENEY 230 KV KEENEY-STEELE 23009,KEENEY_230 KV_KEE-STE1:L230.CedarCreek-SilverRun.23030,KEENEY 230KV - STEELE 230KV (KEENEY 230 KV KEE-STE1) L230.CedarCreek-SilverRun.23030
POWERTON - TOWERLINE 138 KV L/O KEWANEE - PUTNAM 138 KV,3 POWERT_138 KV_POW-TWRL:L138.Kewanee-Putnam,74 KEWAN-6101     6101 3    A  138 KV L138.Powerton-TowerLine.L1404 Tie Line
TMI 500 KV TMI 1 BANK XFORMER,TMI_500 KV_1 BANK:500/230.Lauschtown.T3,TMI 500KV - TMI 230KV (TMI 500 KV 1 BANK) 500/230.Lauschtown.T3
CROMBY 230 KV CROMBY CROM5TR XFORMER,LIMERICK_230 KV_LIM 4B-S:L230.Limerick-Cromby-UpperProvidence.220-60/62,CROMBY 230KV - CROMBY 69KV (CROMBY 230 KV CROM5TR) L230.Limerick-Cromby-UpperProvidence.220-60/62
SAXTON-THREESPR 2K 1062 A 115 KV,SAXTON_115 KV_SAX-THR:230/115.Lewistown.T3,SAXTON-THREESPR 2K 1062     A  115 KV L500.Brighton-Conastone
FREMNT-FREMONTC A 138 KV,FREMNT_138 KV_FRE-WFR1:L345.SouthBerwick-FostoriaCentral,FREMNT 138KV - FREMONTC 138KV (FREMNT 138 KV FRE-FRE1) L345.SouthBerwick-FostoriaCentral
COLLEGE CORNER - COLLINSVILLE 138 KV L/O COLLEGE CORNER-TRENTON-HUTCHING 138 KV,COLLEGEC_138 KV_COL-COL6:L138.CollegeCorner-Trenton-Hutching,COLLEGEC 138KV - COLLINSV 138KV (COLLEGEC 138 KV COL-COL6) L138.CollegeCorner-Trenton-Hutching
CONEMAUG500 KV TX3,CONEMAUG_500 KV_TX3:500/230.Keystone.T4,CONEMAUG TX3      XFORMER   L  230 KV MAXCR: 500/230.Keystone.T4+U1+U2+5003+5004
CEDARCRE_230KVCED-SIL_1_LN,CEDARCRE_230 KV_CED-MIL:L230.Cartanza-SilverRun.23032,SILVERUN 230KV - CEDARCRE 230KV (CEDARCRE 230 KV CED-SIL) L230.Cartanza-SilverRun.23032
COLLEGEC 138 KV COLLEGEC-COLLINSV,COLLEGEC_138 KV_COL-COL6:138/69.Hutching.T7A,COLLEGEC 138KV - COLLINSV 138KV (COLLEGEC 138 KV COL-COL6) 138/69.Hutching.T7A
LACKAWAN-OXBOW ETP 2004 A 230 KV,LACKAWAN_230 KV_LAC-OXB:L500.Hopatcong-Lackawanna.5063,LACKAWAN 230KV - OXBOW 230KV (LACKAWAN 230 KV LAC-OXB) L500.Hopatcong-Lackawanna.5063
QUARRY 230 KV QUARRY-STEELCITY 230 KV 2,QUARRY_230 KV_1:L500.Hosensack-SteelCity.5032,STEELCTY 230KV - QUARRY 230KV (QUARRY 230 KV QUA-STE2) L500.Hosensack-SteelCity.5032
GOOSECRE TX1 XFORMER H 500 KV,GOOSECRE_500 KV_TX1:L230.Belmont-Stonewater.2178,GOOSECRE 500KV - GOOSECRE 230KV (GOOSECRE 500 KV TX1) L230.Belmont-Stonewater.2178
HARWOOD 230 KV HARWOOD-SUSQUEHA,HARWOOD_230 KV_HAR-SUS:L500.Juniata-Sunbury.5046,SUSQUEHA 230KV - HARWOOD 230KV (HARWOOD 230 KV HAR-SUS) L500.Juniata-Sunbury.5046
SAMMISFE345 KV  SAM-WELL,SAMMISFE_345 KV_SAM-WELL:L345.Lordstown-Highland.1,WELLSVIL 345KV - SAMMISFE 345KV (SAMMISFE 345 KV SAM-WELL) L345.Lordstown-Highland.1
GLENBROO_69KVGLE-KOON_1_LN,GLENBROO_69 KV_GLE-KOON:ACTUAL,GLENBROO 69KV - KOONSVIL 69KV (GLENBROO 69 KV GLE-KOON) L69.Hunlock-Lincoln
THELMA  138 KV  THE-BUS1,THELMA_138 KV_THE-BUS1:L138.BigSandy-Inez,BUSSEYVI 138KV - THELMA 138KV (THELMA 138 KV THE-BUS1) L138.BigSandy-Inez
ALTAVSTA_T3_138TX3_XF,ALTAVSTA_138 KV_TX3:138/115.Altavista.T4 (Sctnlz),ALTAVSTA 138KV - ALTAVSTA 115KV (ALTAVSTA 138 KV TX3) 138/115.Altavista.T4 (Sctnlz)
FACEROCK69 KV   FAROZBR,FACEROCK_69 KV_FAROZBR:500/230.Conastone.500-4,FACEROCK FAROZBR  SER DEV   A  69 KV 500/230.Conastone.500-4
ALLENIM-RPMONE ALL-RPM A 345 KV,ALLENIM_345 KV_ALL-RPM:L765.Marysville-Sorenson,RPMONE 345KV - ALLENIM 345KV (ALLENIM 345 KV ALL-RPM) L765.Marysville-Sorenson
02FAYET_138KV02F-EFY_1_LN,02FAYET_138 KV_02F-EFY:ACTUAL,02FAYET 138KV - E_FAYET 138KV (02FAYET 138 KV 02F-EFY) BASE
LENOX_115KVLEN-MAC_1_LN,LENOX_115 KV_LEN-MAC:ACTUAL,LENOX 115KV - MACNEW_T 115KV (LENOX 115 KV LEN-MAC) L230.ETowanda-Hillside.2002 [NYISO]
HAVILAND69 KV   HAV-NVA,HAVILAND_69 KV_HAV-NVA:L138.AllenIM-Logtown,HAVILAND 69KV - NVANWERT 69KV (HAVILAND 69 KV HAV-NVA) L138.AllenIM-Logtown
ELKRUNDP230 KV  2114A,ELKRUNDP_230 KV_2114A:L500.Loudoun-Morrisville.569,REMNTNCT 230KV - ELKRUNDP 230KV (ELKRUNDP 230 KV 2114A) L500.Loudoun-Morrisville.569
YORKANA B43 CB,JUNIATA_230 KV_JUN-LEW:L500.Conastone-PeachBottom.5012,BRUNNERI 230KV - YORKANA 230KV (BRUNNERI 230 KV BRU-YOR) (NUKE) L500.PeachBottom-Conastone.5012
LOCKWOOD 138 KV LOCKWOOD-RICHLND TIE,LOCKWOOD_138 KV_LOC-RIC1:L345.EastLima-FostoriaCentral,LOCKWOOD 138KV - RICHLND 138KV (LOCKWOOD 138 KV LOC-RIC1) L345.EastLima-FostoriaCentral
HOOVERSV 115 KV HOOVERSV-TOWER51 H1H2 1071,HOOVERSV_115 KV_HOO-TOW:L115.Hilltop-RachelHill-Salix (Sctnlz),TOWER51 115KV - HOOVERSV 115KV (HOOVERSV 115 KV HOO-TOW) L115.Hilltop-RachelHill-Salix (Sctnlz)
SHAWVILL 230 KV SHAWVILL BNK 2A-P XFORMER,SHAWVILL_230 KV_BNK 2A-P:Actual,SHAWVILL BNK 2A-P XFORMER   L  1 KV Altoona-Raystown.2001 230kv
BECO-PARAGNPK 2207A         B  230 KV,BECO_230 KV_BEC-PARA:L230.Buttermilk-Beaumeade.2152,PARAGNPK 230KV - BECO 230KV (BECO 230 KV BEC-PARA) L230.Buttermilk-Beaumeade.2152
DOEX530 345 KV  DOE-PIE2,DOEX530_345 KV_DOE-PIE2:L765.Marysville-Sorenson,DOEX530 345KV - PIERCE 345KV (DOEX530 345 KV DOE-PIE2) L765.Marysville-Sorenson
SALTSPRG 138 KV SALTSPRG-MASURY,SALTSPRG_138 KV_SAL-MAS1:L138.Masury-Shenango,SALTSPRG 138KV - MASURY 138KV (SALTSPRG 138 KV SAL-MAS1) 345/138.Shenango.T1
HARWICK 138 KV  HAR-HOU,HARWICK_138 KV_HAR-HOU:L500.Cabot-Keystone.5002,HARWICK 138KV - HOUSEVIL 138KV (HARWICK 138 KV HAR-HOU) L500.Cabot-Keystone.5002
NMESHOPP #3 TX XFORMER L 115 KV,NMESHOPP_230 KV_#3 TX:L230.EastTowanda-Canyon-NMeshoppen + 230/115.NM.T4,NMESHOPP 230KV - NMESHOPP 115KV (NMESHOPP 230 KV #3 TX) L230.EastTowanda-Canyon-NMeshoppen + 230/115.NM.T4
ETOWANDA-HILLSIDE 2002 TIE  A   230 KV,ETOWANDA_115 KV_ETO-NME:L230.Moshannon-Chapman-Lobo-Marshall,ETOWANDA 230KV - HILLSIDE 230KV (ETOWANDA 230 KV ETO-HIL) L230.Moshannon-Chapman-Lobo-Marshall
MALISZEW 1        XFORMER   H  765 KV,MALISZEW_765 KV_1:765/345.Vassell.T1,MALISZEW 765KV - MALISZEW 138KV (MALISZEW 765 KV 1) 765/345.Vassell.T1
SEDGEHIL230 KV  TX1,SEDGEHIL_230 KV_TX1:230/115.SedgeHill.TX2,SEDGEHIL 230KV - SEDGEHIL 115KV (SEDGEHIL 230 KV TX1) 230/115.SedgeHill.TX2
POWERTON-TOWERLINE 138 KV L/O KEWANEE EAST-BUREAU 138 KV,3 POWERT_138 KV_POW-TWRL:L138.KewaneeEast-Bureau (Ameren),Crescent Ridge - 7713 138 l/o Kewanee East - Bureau L138.KewaneeEast-Bureau (Ameren)
BIGPINET138 KV  BIG-KIS,BIGPINET_138 KV_BIG-KIS:L345.ErieWest-Ashtabula-Perry,KISKIVAL 138KV - BIGPINET 138KV (BIGPINET 138 KV BIG-KIS) L345.ErieWest-Ashtabula-Perry
TANNERS CREEK - DEARBORN 345KV L/O L765.MARYSVILLE-SORENSON,MIAMIFOR_138 KV_MIA-08G1:L345.Tanners Creek-Dearborn1,TANNERSC 345KV - DEARBORN 345KV (TANNERSC 345 KV TAN-DEA1) L765.Marysville-Sorenson
TIMBERRD138 KV  TIL-TIM,TIMBERRD_138 KV_TIL-TIM:ACTUAL,TIMBERRD 138KV - TILLMAN 138KV (TIMBERRD 138 KV TIL-TIM) BASE
BUTLER  69 KV   BUT-VIN,BUTLER_69 KV_BUT-VIN:L69.Sherman-Vineland.0761,BUTLER 69KV - VINELAND 69KV (BUTLER 69 KV BUT-VIN) L69.Sherman-Vineland.0761
BULLRUN 230 KV  BUL-CLIF,BULLRUN_230 KV_BUL-CLIF:L230.Clifton-Pender.2051,CLIFTON 230KV - BULLRUN 230KV (BULLRUN 230 KV BUL-CLIF) L230.Clifton-Pender.2051
CONASTON 500 KV CONASTON 500-4 XFORMER,CONASTON_500 KV_500-4:ACTUAL,CONASTON 500KV - CONASTON 230KV (CONASTON 500 KV 500-4) L500.Brighton-Conastone.5011
BURMA 115 KV BURMA-PINEY BA,BURMA_115 KV_BUR-PIN:L345.ErieWest-Ashtabula-Perry,BURMA-PINEY BA              B  115 KV L345.ErieWest-Ashtabula-Perry
CRANBERY138 KV  CRA-JAC,CRANBERY_138 KV_CRA-JAC:L500.Cranberry-WylieRidge,CRANBERY 138KV - JACKSNOE 138KV (CRANBERY 138 KV CRA-JAC) L500.Cranberry-WylieRidge
KEWANEE-6101 138 L/O KEWANEE EAST-BUREAU 138 KV,3 POWERT_138 KV_POW-TWRL:L138.KewaneeEast-Bureau (Ameren),Kewanee-6101 138 l/o Kewanee East-Bureau 138 kV L138.KewaneeEast-Bureau (Ameren)
DESOTO  138 KV  DES-SEL,DESOTO_138 KV_DES-SEL:L345.EastLima-MaddoxCreek,DESOTO 138KV - SELMAPAR 138KV (DESOTO 138 KV DES-SEL) L345.EastLima-MaddoxCreek
CROSSFE 138 KV  DUF-CRO,CROSSFE_138 KV_DUF-CRO:ACTUAL,CROSSFE 138KV - DUFERCO 138KV (CROSSFE 138 KV DUF-CRO) BASE
CHICAGO-PRAXAIR3 138 KV L/O WILTONCENTER-DUMONT 765 KV,CHIC_AVE_138 KV_CHI-USS1:L765.Dumont-WiltonCenter.11215,CHIC_AVE 138KV - PRAXAIR3 138KV (CHIC_AVE 138 KV CHI-PRA2) L765.Dumont-WiltonCenter.11215
PLEASNTV-ASHBURN 274D A 230 KV,PLEASNTV_230 KV_274D:L230.EvergreenMills-Brableton.2172,PLEASNTV 230KV - ASHBURN 230KV (PLEASNTV 230 KV 274D) L230.EvergreenMills-Brableton.2172
HOPKINS 138 KV  HOPKINS,HOPKINS_138 KV_HOPKINS:L765.Culloden-Wyoming,HOPKINS_HOP138HOPKINS_1_LN L765.Culloden-Wyoming
LINCOLN 115 KV LINCOLN-STRABAN 998,LINCOLN_115 KV_LIN-STR:ACTUAL,GERMANTO-STRABAN 998        B  115 KV TEMP:L500.Brighton-Conastone + Germantwn B1 closed
BUNSONVILLE-EUGENE TIE 345KV L/O KANSAS-SUGAR CREEK 345KV,EUGENE_345 KV_EUG-BUN1:L345.Kansas-Sugar Creek,EUGENE 345KV - CAYUGA3 345KV (EUGENE 345 KV EUG-CAY1) Kansas - Sugar Creek 345 kV
HIGHLAOE138 KV  HIG-COM1,HIGHLAOE_138 KV_HIG-COM1:DTX345.Sammis.CR2 + WestBus.345,HIGHLAOE 138KV - COMERC 138KV (HIGHLAOE 138 KV HIG-COM1) DTX345.Sammis.CR2 + WestBus.345
11 FISK 38TR71 12 H 138 KV,11 FISK_138 KV_TR71 12:ACTUAL,11 FISK 138KV - 11 FISK 12KV (11 FISK 138 KV TR71 12) 11 FISK TR75 (SERIES DEV)
LINWOOD2138 KV  LIN-MAK,LINWOOD2_138 KV_LIN-MAK:L765.Dumont-Sorenson,MAKAHOY 138KV - LINWOOD2 138KV (LINWOOD2 138 KV LIN-MAK) L765.Dumont-Sorenson
74 KEWAN138 KV L74B1Z1,74 KEWAN_138 KV_L9430:ACTUAL,74 KEWAN138 KV  L74B1Z1 L138.Mazon-CrescentRdg-Oglesby.7713 (Oglesby Tap)
HARINGSC138 KV  BK430,HARINGSC_138 KV_BK430:ACTUAL,HARINGSC 69KV - HARINGSC 138KV (HARINGSC 138 KV BK430) BASE
THELMA 69 KV THE-THE1,THELMA_69 KV_THE-THE1:L138.Spurlock-Mysvl-Plumville,THELMA 69KV - THELMAEK 69KV (THELMA 69 KV THE-THE1) L138.Spurlock-Mysvl-Plumville
ST.JOHN - GREENACRE 138KV L/O STJOHN - GREENACRE 345KV,GREENACR_138 KV_GRE-STJ2:Green Acres-St John 345 kV,STJOHNS 138KV - GREENACR 138KV (GREENACR 138 KV GRE-STJ2) Green Acres-St John 345 kV
GUARDIAN138 KV  GUA-TWI1,GUARDIAN_138 KV_GUA-TWI1:L765.Dumont-Sorenson,TWINBRAN 138KV - GUARDIAN 138KV (GUARDIAN 138 KV GUA-TWI1) L765.Dumont-Sorenson
49STREET230 KV 49T-HOBR,49STREET_230 KV_49T-HOBR:L230.CedarGrove-CedarSub-Roseland.Y-2277,HOBOKEN 230KV - 49STREET 230KV (49STREET 230 KV 49T-HOBR) L230.CedarGrove-CedarSub-Roseland.Y-2277
NMESHOPP115 KV  BK1,NMESHOPP_115 KV_BK1:ACTUAL,NMESHOPP 115KV - NMESHOPP 34.5KV (NMESHOPP 115 KV BK1) BASE
71_HIGGI_138KV4607_1_LN,71 HIGGI_138 KV_4607:ACTUAL,71 HIGGI138 KV  4607 345L10803T R Lockport-McCook & McCook TR84
LACKAWAN230 KV  LAC-SUM2,LACKAWAN_230 KV_LAC-SUM2:L500.Hopatcong-Lackawanna.5063,LACKAWAN 230KV - SUMMITPL 230KV (LACKAWAN 230 KV LAC-SUM2) L500.Hopatcong-Lackawanna.5063
QUARRY 230 KV QUARRY-STEELCITY 230 KV 1,QUARRY_230 KV_1:L500.Hosensack-SteelCity.5032,QUARRY 230KV - QUARRY 69KV (QUARRY 230 KV 1) L500.Hosensack-SteelCity.5032
HUNTINGT138 KV  HUN-SOR1,HUNTINGT_138 KV_HUN-SOR1:L765.Dumont-Sorenson,HUNTINGT 138KV - SORENSON 138KV (HUNTINGT 138 KV HUN-SOR1) L765.Dumont-Greentown
CARL PN-GARDNERS 1049 B 115 KV,CARL PN_115 KV_CAR-GAR:L500.Hunterstown-Conastone.5013,GARDNERS 115KV - CARL PN 115KV (CARL PN 115 KV CAR-GAR) L500.Hunterstown-Conastone.5013
OLIVE   345 KV  OLI-OLIV,OLIVE_345 KV_OLI-OLIV:L345.Braidwood-EastFrankfort.2001,OLIVUNPA 345KV - OLIVE 345KV (OLIVE 345 KV OLI-OLIV) L345.Braidwood-EastFrankfort.2001
GARDNERS_115KVGAR-TEX_1_LN,GARDNERS_115 KV_GAR-TEX:L115.Newberry-Cly (Sctnlz),TEXSEAST 115KV - GARDNERS 115KV (GARDNERS 115 KV GAR-TEX) L115.RoundTop-Newberry-Cly (Sctnlz F)
VIENNA 8110 CB   138 KV,VIENNA_138 KV_13710:230/138.PineyGrove.AT20,VIENNA 69KV - MARDELA 69KV (MARDELA 69 KV MAR-VIE) 230/138.PineyGrove.AT20
NMESHOPP 230 KV 4TX  XFORM  H   230 KV,NMESHOPP_230 KV_4 TX:230/115.NorthMeshoppen.T3,NMESHOPP 230KV - NMESHOPP 115KV (NMESHOPP 230 KV 4 TX) 230/115.NorthMeshoppen.T3
MTVERNONWEST-SALEMWEST 138 KV L/O COFFEEN-ROXFORD 345 KV,LAC N T3_138 KV_LAC-MORO:L345.Moro2-Roxford (Ameren),MtVernonWest-SalemWest 138 kV l/o Coffeen-Roxford 345 kV Coffeen-Roxfd 345
WMOULTON 69 KV WMOULTON-09ST_MRY,WMOULTON_69 KV_WMO-09S1:L345.Gristmill-Shelby,WMOULTON 69KV - 09ST_MRY 69KV (WMOULTON 69 KV WMO-09S1) L345.Gristmill-Shelby
HOPECREE230 KV  HOP-SIL,HOPECREE_230 KV_HOP-SIL:L500.NewFreedom-EastWindsor.5038,HOPECREE 230KV - SILVERUN 230KV (HOPECREE 230 KV HOP-SIL) L500.NewFreedom-EastWindsor.5038
SMITHTON 138 KV SMITHTON-YUKON LAYJ-YU,SMITHTON_138 KV_SMI-YUK2:L500.Cabot-Keystone.5002,SHEPLJCT-SMITHTON SLJ-YU    B  138 KV L500.Cabot-Keystone.5002
112 WILT 765 KV 112 WILTON 65TR93 CT,112 WILT_765 KV_TR93CT-P:765/345.Wilton.TR94,112 WILT 345KV - 112 WILT 1KV (112 WILT 345 KV TR93CT-S) 765/345.Wilton.TR94
BURMA 115 KV BURMA-PINEY BA,BURMA_115 KV_BUR-PIN:L345.HandsomeLake-Wayne,BURMA 115KV - PINEY 115KV (BURMA 115 KV BUR-PIN) L345.HandsomeLake-Wayne
KELFORD_115KV126A_1_LN,KELFORD_115 KV_126A:L115.Carolina-Hornertn-RoRapids-DarlDP-SJustice.81,KELFORD 115KV - EARLEYS 115KV (KELFORD 115 KV 126A) L115.Carolina-Hornertn-RoRapids-DarlDP-SJustice.81
CLAYMONT 69 KV CLAYMONT-NAAMANS 6834,CLAYMONT_69 KV_CLA-NAA:230/138.Edgemoor.AT20,CLAYMONT 69KV - NAAMANS 69KV (CLAYMONT 69 KV CLA-NAA) 230/138.Edgemoor.AT20
FREMNT  138 KV  FRE-WFR1,FREMNT_138 KV_FRE-WFR1:L345.SouthBerwick-FostoriaCentral,WFREMONT 138KV - FREMNT 138KV (FREMNT 138 KV FRE-WFR1) L345.SouthBerwick-FostoriaCentral
DILLSBUR 115 KV DILLSBUR-GARDNERS 973-2,DILLSBUR_115 KV_DIL-GAR:L115.MiddletownJct-Collins.975 (Sctnlz),DILLSBUR-GARDNERS 973-2     B  115 KV L115.MiddletownJct-Collins (Sctnlz)
51_MC_CO_138KV51181_1_LN,51 MC CO_138 KV_5117 1:ACTUAL,51 MC CO 345KV - 51 MC CO 138KV (51 MC CO 345 KV TR82_1) BASE
HAZARD  161 KV  3,HAZARD_161 KV_3:L138.BigSandy-Inez,HAZARD 161KV - HAZARD 138KV (HAZARD 161 KV 3) L138.BigSandy-Inez
CHESTER4 230 KV CHESTER4-CHARLCTY 217A,CHESTER4_230 KV_205A:L230.Chesterfield-Basin.259,CHESTER4-CHARLCTY 217A      A  230 KV L230.Chesterfield-Basin.259
MIAMIFOR-08WILEY1 9784 A 138 KV,08FRFLD1_138 KV_08L-WILL:L138.Miami Fort-Morgan,MIAMIFOR-08WILEY1 9784      A  138 KV L138.Miami Fort-Morgan
EVERETTS 230 KV EVERETTS-GREENVIL 218,EVERETTS_230 KV_218:L500.BrunswickSwitchingStationHeritage-Wake.570,GREENVIL 230KV - EVERETTS 230KV (EVERETTS 230 KV 218) L500.BrunswickSwitchingStationHeritage-Wake.570
IDYLWOO4 230 KV IDYLWOO4-CLARK4 202A,IDYLWOO4_230 KV_202A:L230.Brambleton-PolandRoad.2183,IDYLWOO4 230KV - CLARK4 230KV (IDYLWOO4 230 KV 202A) L230.Brambleton-PolandRoad.2183
IDYLWOO4 230 KV IDYLWOO4-CLARK4 202A,IDYLWOO4_230 KV_202A:L500.Loudoun-Morrisville.569,IDYLWOO4 230KV - CLARK4 230KV (IDYLWOO4 230 KV 202A) L500.Loudoun-Morrisville.569
HANOVER_69KVHAN-PLY_1_LN,HANOVER_69 KV_HAN-PLY:230/66.Mountain.T2 (Sctnlz),HANOVER 69KV - PLYM UGI 69KV (HANOVER 69 KV HAN-PLY) 230/66.Mountain.T2 (Sctnlz)
SWLIMA  138 KV  SWL-WMO1,SWLIMA_138 KV_SWL-WMO1:ACTUAL,SWLIMA 138KV - WMOULTON 138KV (SWLIMA 138 KV SWL-WMO1) L765.Maliszewski-Marysville
SUB_71 - SUB_88 161KV L/O CORDOVA - SUB_39 345KV,SB 71 6_161 KV_62230622:L345.940Cordova-Sub39,SB 71  6 161KV - SB 88  6 161KV (SB 71  6 161 KV 62230622) L345.940Cordova-Sub39
DESOTO  138 KV  DES-MOD,DESOTO_138 KV_DES-MOD:L345.EastLima-FostoriaCentral,DESOTO 138KV - MODOC 138KV (DESOTO 138 KV DES-MOD) L345.EastLima-FostoriaCentral
SEWARD 115 KV SEWARD-TOWER51 H1H2 1097,SEWARD_115 KV_SEW-TOW:ACTUAL,TOWER51 115KV - HOOVERSV 115KV (HOOVERSV 115 KV HOO-TOW) L230.Conemaugh-Seward
CRESCNT 138 KV  08C-WEN1,CRESCNT_138 KV_08C-WEN1:ACTUAL,CRESCNT 138KV - WEST_END 138KV (CRESCNT 138 KV 08C-WEN1) L345.EastBend-Terminal
CEDARGRO 230 KV CEDARGRO-CLIF PS K-2263-3,CEDARGRO_230 KV_CED-CLIB:L230.CedarGrove-Clifton-Athenia.K-2263,CEDARGRO-CLIF  B-2228-3 PS  A  230 KV L230.CedarGrove-Clifton-Athenia.K-2263 + Ath.T2
PLYMOUTH 230 KV PLYMOUTH-WHITPAIN 220-14,PLYMOUTH_230 KV_PLY-WHI5:L230.Limerick-Lock.220-61,WHITPAIN 230KV - PLYMOUTH 230KV (PLYMOUTH 230 KV PLY-WHI4) L230.Limerick-Lock.220-61
120_LOMB_T9_345TR82CT-P_XF,120 LOMB_345 KV_TR82CT-P:ACTUAL,120 LOMB 345KV - 120 LOMB 1KV (120 LOMB 345 KV TR82CT-P) BASE
DICKERSH230 KV  DIC-DOU2,DICKERSH_230 KV_DIC-DOU2:L500.Doubs-GooseCreek.514,DOUBS 230KV - DICKERSH 230KV (DICKERSH 230 KV DIC-DOU2) L500.Doubs-GooseCreek.514
DARLEYRD 69 KV DARLEYRD-NAAMANS 6835,DARLEYRD_69 KV_DAR-NAA:L500.HopeCreek-RedLion.5015,NAAMANS 69KV - DARLEYRD 69KV (DARLEYRD 69 KV DAR-NAA) L500.HopeCreek-RedLion.5015
BAYSHORE TR1 345/138 KV L/O FOSTORIACENTRAL-LALLENDORF 345 KV,ALLENJUN_138 KV_ALL-ALLE:L345.Bayshore-Lallendorf.1,BAYSHOR2 345KV - BAYSHOR2 138KV (BAYSHOR2 345 KV 1) DBL:Bayshore-DavisBesse+Bayshore-Lallendorf1
WESTRAVE138 KV  WES-YUK,WESTRAVE_138 KV_WES-YUK:L138.Charleroi-Belmon-SheplerJCT-Mitchell-Yukon,YUKON 138KV - WESTRAVE 138KV (WESTRAVE 138 KV WES-YUK) L138.Charleroi-Belmon-SheplerJCT-Mitchell-Yukon
HARWOOD 230 KV HARWOOD -SUSQUEHA HAR-SUS2,HARWOOD_230 KV_HAR-SUS2:ACTUAL,SUSQUEHA 230KV - HARWOOD 230KV (HARWOOD 230 KV HAR-SUS2) L500.Susqhnna-Wscsvl-Brngsvl.5043/5044 + Wscsvl.T3
NRTHNECK115 KV  TX2A,NRTHNECK_115 KV_TX2A:ACTUAL,NRTHNECK 13KV - NRTHNECK 115KV (NRTHNECK 115 KV TX2A) BASE
GREENE  345 KV  BK-S,GREENE_345 KV_BK-N:345/138.Greene.BK-S,SUGARCRE 345KV - SUGARCRE 138KV (SUGARCRE 345 KV BK-N) 345/138.Greene.BK-S
BENTON HARBOR-CHRYSTAL 138 KV FOR L/O COOK-BENTON HARBOR 345 KV,NEWCARLI_138 KV_NEW-OLI1:Cook-Palisades and Cook-Benton Harbor 345 kV,ELIMA   138 KV  ELI-NEW1 BENTON HARBOR PALISADE COOK345KV LINE
CRESCENT-NORTH Z-21         A  138 KV,ARSENAL_138 KV_ARS-HIG8:CRESCENT - NORTH Z-21 138 KV LINE (DUQ),CRES DUQ 138KV - NORTH 138KV (CRES DUQ 138 KV CRE-NOR) Collier - Clinton (DUQ) 345 KV LINE
37_NATOM_138KV3707_1_LN,37 NATOM_138 KV_3707:ACTUAL,648 NORR 138KV - 37 NATOM 138KV (37 NATOM 138 KV 3707) BASE
MEADOWBR-STRASBUR MST A 138 KV,EDINBUR4_138 KV_EDI-STR:L500.Elmont-Cunningham.553,MEADOWBR-STRASBUR MST       A  138 KV L500.Elmont-Cunningham.553
HOPEWEL4 230 KV HOPEWEL4-CHESTER4 211A,HOPEWEL4_230 KV_211A:L230.Chesterfield-Hopewell.228,HOPEWEL4 230KV - CHESTER4 230KV (HOPEWEL4 230 KV 211A) L230.Chesterfield-Hopewell.228
BERGEN  230 KV  BER-SADC,BERGEN_230 KV_BER-SADC:ACTUAL,SADDLEBR 230KV - BERGEN 230KV (BERGEN 230 KV BER-SADC) BASE
HANOVER 69 KV   HAN-PAR,HANOVER_69 KV_HAN-PAR:230/69.Mountain.T3(UGI),PARRISPL 69KV - HANOVER 69KV (HANOVER 69 KV HAN-PAR) 230/69.Mountain.T3(UGI)
WEFOSTOR 138 KV WEFOSTOR-02WOODVJ TIE,WEFOSTOR_138 KV_WES-WOOD:L345.SouthBerwick-FostoriaCentral,WEFOSTOR-02WOODVJ TIE       A  138 KV L345.SouthBerwick-FostoriaCentral
GARDNERS_115KVGAR-TEX_1_LN,GARDNERS_115 KV_GAR-TEX:ACTUAL,TEXSEAST 115KV - GARDNERS 115KV (GARDNERS 115 KV GAR-TEX) L115.MiddletownJct-Collins (Sctnlz)
ALLLUD4J 138 KV ALLLUD4J-ALLDAM6 ALJ-ALL,ALLLUD4J_138 KV_ALJ-ALL:L345.ErieWest-Ashtabula-Perry,ALLLUD4J 138KV - ALLDAM6 138KV (ALLLUD4J 138 KV ALJ-ALL) L345.ErieWest-Ashtabula-Perry
GREYSPT 115 KV  GRE-HARM,GREYSPT_115 KV_GRE-HARM:L230.Fredericksburg-Birchwood.2083,HARMONYV 115KV - GREYSPT 115KV (GREYSPT 115 KV GRE-HARM) L230.Lanexa-Dunnsville-NorthernNeck.224
NOTTINGH 230 KV NOTTINGHM 2-3 SER DEV,NOTTINGHM 2-3 SER DEV A 230 KV:TEMP.DBL.500/230.CONASTONE.500-4 + Peach Bot - Conaston,NOTTINGHM 2-3 SER DEV       A  230 KV L500.Conastone-PeachBottom.5012
BENTONHA138 KV  BEN-WES1,BENTONHA_138 KV_BEN-WES1:L138.KenzieCreek-Colby-Valley,BENTONHA 138KV - WESTSTRE 138KV (BENTONHA 138 KV BEN-WES1) L138.KenzieCreek-Colby-Valley
DEERCREE138 KV  DEE-MIS,DEERCREE_138 KV_DEE-MIS:L765.Dumont-Sorenson,DEERCREE 138KV - MISSISSI 138KV (DEERCREE 138 KV DEE-MIS) L765.Dumont-Sorenson
CENTER  115 KV  CEN-ERD5,CENTER_115 KV_CEN-ERD5:L500.Brighton-Conastone.5011,ERDMAN 115KV - CENTER 115KV (CENTER 115 KV CEN-ERD5) L500.Brighton-Conastone.5011
HANOVER 69 KV HAN-PLY,HANOVER_69 KV_HAN-PLY:ACTUAL,HANOVER 69KV - PLYM UGI 69KV (HANOVER 69 KV HAN-PLY) 230/66.Mountain.T2 (Sctnlz)
GRISTMIL345 KV  GRI-SHLB,GRISTMIL_345 KV_GRI-SHLB:ACTUAL,GRISTMIL 345KV - SHELBY 345KV (GRISTMIL 345 KV GRI-SHLB) BASE
KAMMER2 138 KV  TX4,KAMMER2_138 KV_TX4:L138.Kammer-Natrium,KAMMER2 138KV - KAMMER2 69KV (KAMMER2 138 KV TX4) L138.Kammer-Natrium
COLLEGEC_138KVCOL-COL6_1_LN,COLLEGEC_138 KV_COL-COL6:L345.TannersCreek-EastBend,COLLEGEC 138KV - COLLINSV 138KV (COLLEGEC 138 KV COL-COL6) L345.EastBend-Terminal
ASPENSLR_115KVASP-SHAD_1_LN,ASPENSLR_115 KV_ASP-SHAD:L500.Conastone-PeachBottom.5012,SHADEGAP 115KV - ASPENSLR 115KV (ASPENSLR 115 KV ASP-SHAD) L500.Conastone-PeachBottom.5012
MIAMIFOR_138KVMIA-08G1_1_LN,MIAMIFOR_138 KV_MIA-08G1:L345.Tanners Creek-Dearborn1,08GRDALE 138KV - MIAMIFOR 138KV (MIAMIFOR 138 KV MIA-08G1) L345.TannersCreek-MiamiFort
CAPITOLH 138 KV CAPITOLH-CHEMICAL,CAPITOLH_138 KV_CAP-CHE1:345/138.KanawhaRiver.A,CHEMICAL 138KV - CAPITOLH 138KV (CAPITOLH 138 KV CAP-CHE1) L345.Amos-KanawhaRiver
74 KEWAN-PUTN 7404 L/O L138.KEWANEEEAST-BUREAU(AMEREN),74 KEWAN_138 KV_KEW-PUTN:L138.KewaneeEast-Bureau (Ameren),74 KEWAN 138KV - PUTN 138KV (74 KEWAN 138 KV KEW-PUTN) L138.KewaneeEast-Bureau (Ameren)
MANOR   230 KV  MAN-WHE2,MANOR_230 KV_MAN-WHE2:500/230.Conastone.500-4,WHEMPFIE 230KV - MANOR 230KV (MANOR 230 KV MAN-WHE2) 500/230.Conastone.500-4
MIDDLJCT 115 KV MIDDLJCT-YORKHAVE 978-1,MIDDLJCT_115 KV_MID-YOR7:MiddlJct-YorkHav-Cly-SmithSt 978 115 kV line,MIDDLJCT-YORKHAVE 978-1     A  115 KV Hunterstown-TexasEastern-Gardners (991) 115 kV lin
CEDARSUB_230KVCED-WILF_1_LN,CEDARSUB_230 KV_CED-WILF:L230.CedarGrove-CedarSub-Roseland.Y-2277,WILLIAM1 230KV - CEDARSUB 230KV (CEDARSUB 230 KV CED-WILF) L230.CedarGrove-CedarSub-Roseland.Y-2277
EASTERN REACTIVE TRANSFER INTERFACE,Eastern Interface,TRANSFER INTERFACE: BED-BLA L500.Conemaugh-Hunterstown.5006 + Hnrtwn.500.Cap1
CLBHOUSE 230 KV CLBHOUSE TX1 XFORMER,CLBHOUSE_230 KV_TX1:L500.Cloverdale-Lexington.566,CLBHOUSE 115KV - CLBHOUSE 230KV (CLBHOUSE 230 KV TX1) L500.Cloverdale-Lexington.566
LAKE GEORGE - TOWER ROAD 138KV L/O DUNEACRE - BABCOCK 345KV,112 WILT_765 KV_TR93CT-P:L345.Babcock-DuneAcres (NIPS),LAKEGEOR 138KV - TOWERRD 138KV (LAKEGEOR 138 KV LAK-TOW1) L345.Babcock-DuneAcres (NIPS)
ALBRIGHT_138KVALB-GAR_1_LN,ALBRIGHT_138 KV_ALB-GAR:ACTUAL,GARRETT 138KV - ALBRIGHT 138KV (ALBRIGHT 138 KV ALB-GAR) L500.Bedington-BlackOak
ROXBURY 115 KV ROXBURY-SHADEGAP KR 1075,SHADEGAP_115 KV_SHA-THR:L500.Brighton-Conastone,ROXBURY-SHADEGAP KR 1075    B  115 KV L500.Brighton-Conastone.5011
BURMA 115 KV BURMA-PINEY BA,BURMA_115 KV_BUR-PIN:L345.HandsomeLake-Armstrong,BURMA 115KV - PINEY 115KV (BURMA 115 KV BUR-PIN) L345.HandsomeLake-Armstrong
QUADCITIES - ROCKCREEK 345 KV L/O QUADCITIES-SUB91 345 + SUB91 345/161,4 QUAD C_345 KV_0405:L345.QuadCities-Sub91.0401,Quad Cities-Sub 91 345 l/o Quad Cities-Rock Creek 345 L345.QuadCities-RockCreek.0405
CHAPRLTP 230 KV CHAPRLTP-CARSON4 249B,CHAPRLTP_230 KV_249B:L230.Carson-Poe.2002 (Sctnlz F),CARSON4 230KV - CHAPRLTP 230KV (CHAPRLTP 230 KV 249B) L230.Carson-Poe.2002 (Sctnlz)
NDELPHOS69 KV   NDE-SDE,NDELPHOS_69 KV_NDE-SDE:L138.AllenIM-Tillman-TimberRoad,SDELPHOS 69KV - NDELPHOS 69KV (NDELPHOS 69 KV NDE-SDE) L138.AllenIM-Tillman-TimberRoad
HUNTERST 115 KV HUNTERST-LINCOLN 962,LINCOLN_115 KV_LIN-STR:L500.Hunterstown-Conastone.5013,HUNTERST-LINCOLN 962        A  115 KV L115.Hunterstown-Orrtanna-Lincoln
TWIN BRANCH - MERIDIAN 345KV L/O DUMONT - SORENSON 765 KV,Flowgate Dumont-Twin Branch 2 345kV l/o Cook U1 Cook.U1,DUMONT2 345KV - TWINBRAN 345KV (DUMONT2 345 KV DUM-TWI1) Dumont-Twin Branch #2 345 kV line
KLINE   138 KV  KLI-TWI1,KLINE_138 KV_KLI-TWI1:L765.Dumont-Sorenson,TWINBRAN 138KV - KLINE 138KV (KLINE 138 KV KLI-TWI1) L765.Dumont-Sorenson
LEEAEP  138 KV  LEE-ROSE,LEEAEP_138 KV_LEE-ROSE:ACTUAL,LEEAEP 138KV - ROSEWOOD 138KV (LEEAEP 138 KV LEE-ROSE) BASE
OTTCRKPL230 KV  OTT-YOR,OTTCRKPL_230 KV_OTT-YOR:500/230.Conastone.500-4,YORKANA 230KV - OTTCRKPL 230KV (OTTCRKPL 230 KV OTT-YOR) 500/230.Conastone.500-4
ASPENSLR_115KVASP-ROXB_1_LN,ASPENSLR_115 KV_ASP-ROXB:L500.Conastone-PeachBottom.5012,ASPENSLR 115KV - ROXBURY 115KV (ASPENSLR 115 KV ASP-ROXB) L500.Conastone-PeachBottom.5012
HOMERCIT345 KV  TR4_N,HOMERCIT_345 KV_TR4_N:ACTUAL,HOMERCIT 230KV - HOMERCIT 345KV (HOMERCIT 345 KV TR4_N) L345.Ashtabula-ErieWest
BIGPINET138 KV  BIG-KIS,BIGPINET_138 KV_BIG-KIS:L345.Armstrong-HomerCity,KISKIVAL 138KV - BIGPINET 138KV (BIGPINET 138 KV BIG-KIS) L345.Armstrong-HomerCity
SIEGFRIE 230 KV SIEGFRIE 5 XFORMER,SIEGFRIE_230 KV_5:ACTUAL,SIEGFRIE 4        XFORMER   H  230 KV L500.Susqhnna-Wscsvll-Albrts.5043/5044 + Wscsvl.T3
SPORNAEP-KYGERCRE TIE B 345 KV,SPORNAEP_345 KV_SPO-KYG1:L765.HangingRock-NorthProctorville,KYGERCRE 345KV - SPORNAEP 345KV (SPORNAEP 345 KV SPO-KYG1) L765.HangingRock-NorthProctorville
DICKERSH 230 KV DICKERSH-DICKERSO 23103,DICKERSH_230 KV_DIC-DIC4:Dickerson H-Dickerson (23103) 230 kV line,DICKERSH 230KV - DICKERSO 230KV (DICKERSH 230 KV DIC-DIC4) L230.DickersonH-Dickerson.23103
SHAWVILL115 KV  BNK 1A-S,SHAWVILL_115 KV_BNK 1A-S:L230.Moshannon-Shawville.2019,SHAWVILL 1KV - SHAWVILL 115KV (SHAWVILL 115 KV BNK 1A-S) L230.Moshannon-Shawville.2019
138 SILV 345 KV 138 SILVER 45TR82 CT,138 SILV_345 KV_TR82CT-P:345L14401 Wayne-Silver Lake 345 kV Line,138 SILV 1KV - 138 SILV 138KV (138 SILV 138 KV TR82CT-S) L345.Wayne-SilverLake.14401
LABADIE - GRAYSUM 1 345 KV L/O MASON - WILDWOOD - LABADIE 345 KV,GRAYSUM3_345 KV_GRA-LABA:Labadie - Wildwood - Mason 345 kV,LABADIE3 345KV - GRAYSUM3 345KV (GRAYSUM3 345 KV GRA-LABA) Labadie - Wildwood - Mason 345 kV
STATE LINE-ROXANA 138 KV L/O GARY AVE-SHEFFIELD 345 KV,17ROXANA_138 KV_17R-PRA1:Sheffield-Gary Ave 345 kV,STATE LINE-ROXANA 138 KV L/O SHEFFIELD-GARY AVE 345 KV+SHEFFIELD 345/138 KV SHEFFILD345 KV  1       CMPTRAFODUMMY   LINE    345 KV  GAR-SHE CMPLINE DUMMY
PETERS 138 KV PETERS-UNIONJCT UNNJ-PTR,CHARLERO_138 KV_CHA-UNI:L500.Harrison-WylieRidge.530,UNIONJCT 138KV - PETERS 138KV (PETERS 138 KV PET-UNI) L500.Harrison-WylieRidge.530
CONASTON 230 KV CONASTON-OTTCRKPL,OTTCRKPL_230 KV_OTT-YOR:L500.Conastone-PeachBottom.5012,CONASTON-OTTCRKPL           A  230 KV L500.Conastone-PeachBottom.5012
02LYONS_138KV02L-02F1_1_LN,02LYONS_138 KV_02L-02F1:L345.Lallendorf-OregonEnergy,02FAYET 138KV - 02LYONS 138KV (02LYONS 138 KV 02L-02F1) L345.Lallendorf-OregonEnergy
N CHAMPAIGN - PERKINSRD 138 KV L/O RISING - SIDNEY 345 KV,TILTN EC_138 KV_TIL-VERM:Sidney-Rising 345 kV,LINE    138 KV  Rantoul Jct-Sidney 138 kV l/o Rising-N Champaign-Mahomet 138 kV FG LINE    138 KV  1592    CMPLINE DUMMY   LINE    138 KV  1592   2CMPLINE DUMMY   LINE    138 KV  3239
ASHBURN 230 KV  227A,OX4_500 KV_TX1:L230.Beaumead-Ashburn-PleasantView.274,ASHBURN 230 KV  227A L230.Beaumead-Ashburn-PleasantView.274
REMNTNCT_230KV299A_1_LN,REMNTNCT_230 KV_299A:L230.Remington-RemingtonCT.2077,MARSHRUN 230KV - REMNTNCT 230KV (REMNTNCT 230 KV 299A) L230.Remington-RemingtonCT.2077
CLY     115 KV  CLY-YOR,CLY_115 KV_CLY-YOR:L115.MiddletownJct-Collins (Sctnlz),YORKHAVE 115KV - CLY 115KV (CLY 115 KV CLY-YOR) L115.MiddletownJct-Collins (Sctnlz)
MILFORD 230 KV MILFORD-STEELE 23076,CARTANZA_230 KV_CAR-SIL:L230.Milford-Steele.23076,CARTANZA230 KV  CAR-RED L230.Milford-Steele.23076
ETOWANDA 230 KV ETOWANDA-HILLSIDE 2002 TIE,ETOWANDA_230 KV_ETO-HIL:L230.ETowanda-ScotchHollow-Grover (Sctnlz),ETOWANDA 230KV - HILLSIDE 230KV (ETOWANDA 230 KV ETO-HIL) L230.ETowanda-ScotchHollow-Grover (Sctnlz)
MAHANSLA_138KVMAH-TID_1_LN,MAHANSLA_138 KV_MAH-TID:L345.Toronto-WylieRidge,TIDD_AEP 138KV - MAHANSLA 138KV (MAHANSLA 138 KV MAH-TID) L345.Tidd-WylieRidge.242
LEROYCEN138 KV  SPR-04L1,LEROYCEN_138 KV_SPR-04L1:L345.Ashtabula-Perry,LEROYCEN 138KV - SPRUCE 138KV (LEROYCEN 138 KV SPR-04L1) L345.Ashtabula-Perry
ALLDAM6_138KVALL-KIT_1_LN,ALLDAM6_138 KV_ALL-KIT:L138.KiskiValley-AlleghenyLudlum2-ShaffersCorner,ALLDAM6 138KV - KITTANNI 138KV (ALLDAM6 138 KV ALL-KIT) L138.KiskiValley-BrackenRidge-ShaffersCorner
ASPENSLR_115KVASP-ROXB_1_LN,ASPENSLR_115 KV_ASP-ROXB:ACTUAL,ASPENSLR 115KV - ROXBURY 115KV (ASPENSLR 115 KV ASP-ROXB) L115.Hunterstown-TexasEastern-Gardners.991
AEP-DOM CONTINGENCY 61,WESTGLOW_138 KV_WES-WUR:L765.JacksonsFerry-Cloverdale + Relay.Fail,TRANSFER INTERFACE: AEP-DOM L765.JacksonsFerry-Cloverdale + Relay.Fail
EDGEWOOD 115 KV EDGEWOOD-SHELOCTA LSH 1036,EDGEWOOD_115 KV_EDG-SHE:L500.Cabot-Keystone.5002,SHELOCTA 115KV - EDGEWOOD 115KV (EDGEWOOD 115 KV EDG-SHE) L500.Cabot-Keystone.5002
BED-BLA CONTINGENCY 57,BED-BLA contingency 57 Belmont.Stonewall.CC,TRANSFER INTERFACE: BED-BLA Belmont.Stonewall.CC
DUNEACRES-MICHIGANCITY 2 138 L/O WILTON CENTER-DUMONT 765,CHIC_AVE_138 KV_CHI-PRA2:L765.Dumont-Wilton Center.11215,Michigan City-Trail Creek 138 kV l/o Wilton Center-Dumont 765 kV L765.Dumont-WiltonCenter.11215
RICHLND 138 KV  TR-6,RICHLND_138 KV_TR-6:ACTUAL,RICHLND 138KV - RICHLND 13.8KV (RICHLND 138 KV TR-6) BASE
GOOSECRE TX1 XFORMER H 500 KV,GOOSECRE_500 KV_TX1:L500.PleasantView-GooseCreek.595,GOOSECRE 500KV - GOOSECRE 230KV (GOOSECRE 500 KV TX1) L500.PleasantView-GooseCreek.595
JUNIATA 500 KV JUNIATA 1 XFORMER,JUNIATA_500 KV_1:L500.Conastone-PeachBottom.5012,JUNIATA 500KV - JUNIATA 230KV (JUNIATA 500 KV 1) L500.Conastone-PeachBottom.5012
KENT 69 KV KENT-VAUGHN 6784-1,KENT_69 KV_KEN-VAU:L138.Cheswold-Felton.13704,KENT 69KV - VAUGHN 69KV (KENT 69 KV KEN-VAU) L138.Cheswold-Felton.13704
FREMNT_138KVFRE-FRE1_1_LN,FREMNT_138 KV_FRE-WFR1:L345.FostoriaCentral-Lallendorf,FREMNT 138KV - FREMONTC 138KV (FREMNT 138 KV FRE-FRE1) L345.FostoriaCentral-Lallendorf
SHEFFIELD_AMOCO138KV_13877_FLO_SHEFFIED_MARKTOWN138KV_13878,MITCHYRD_138 KV_MIT-ROXA:Amoco - Marktown 138 kV,SHEFFIELD-MARKTOWN 138 KV L/O SHEFFIELD-AMOCO 138 KV LINE    138 KV  SHE-AMO1CMPLINE DUMMY
BEDINGTO 500 KV BEDINGTO-BLACKOAK 500KV,FROSTBU1_138 KV_FRO-RID:L500.502Junction-MtStorm (TRAIL),TRANSFER INTERFACE: BED-BLA L500.502Junction-MtStorm (TRAIL)
51_MC_CO_138KV51171_1_LN,51 MC CO_138 KV_5117 1:ACTUAL,51 MC CO 345KV - 51 MC CO 138KV (51 MC CO 345 KV TR82_1) BASE
GLENBROO69 KV   GLE-KOON,GLENBROO_69 KV_GLE-KOON:230/69.Mountain.T3(UGI),GLENBROO 69KV - KOONSVIL 69KV (GLENBROO 69 KV GLE-KOON) 230/69.Mountain.T3(UGI)
EDWSFERY230 KV  23111,EDWSFERY_230 KV_23111:L500.BurchesHill-PossumPoint.560,DICKERSO 230KV - EDWSFERY 230KV (EDWSFERY 230 KV 23111) L500.BurchesHill-PossumPoint.560
MORSE   138 KV  MOR-STE1,MORSE_138 KV_MOR-STE1:ACTUAL,MORSE 138KV - STELZER 138KV (MORSE 138 KV MOR-STE1) BASE
LAFAYETTE 138/230 KV TR1 L/O LAFAYETTE 138/230 TR4,SHAWVILL_230 KV_BNK 2A-P:TEMP: Shaw U1 + Lewis Run TR4 + Forrest TR1 CB,08LAFYTE 138KV - 08LAFYTE 1KV (08LAFYTE 138 KV 1S) Lafayette 138/230kV TR4
CARL PN-GARDNERS 1049 B 115 KV,CARL PN_115 KV_CAR-ROX:500/230.Hunterstown.T1,GARDNERS 115KV - CARL PN 115KV (CARL PN 115 KV CAR-GAR) 500/230.Hunterstown.T1
HALLWOOD 69 KV HALLWOOD-OAKHALL 6790-1,HALLWOOD_69 KV_HAL-OAK:L69.OakHall-Perdue-Tasley.6778,OAKHALL 69KV - HALLWOOD 69KV (HALLWOOD 69 KV HAL-OAK) L69.OakHall-Perdue-Tasley.6778
SHAMPTON115 KV  93A,SHAMPTON_115 KV_93A:L115.Pecan-Carolina.1010,SHAMPTON 115KV - WTKINSCR 115KV (SHAMPTON 115 KV 93A) L115.Pecan-Carolina.1010
111 ELEC 138 KV 111 ELEC-951 AURO 11105,111 ELEC_138 KV_11105:L138.Wayne-WestChicago.14405 (SPOG 3-30),951 AURO 138KV - 111 ELEC 138KV (111 ELEC 138 KV 11105) L138.Wayne-WestChicago.14405 (SPOG 3-30)
MEADOWBR-STRASBUR MST A 138 KV,EDINBUR4_138 KV_TX3:L500.Dooms-Cunningham.534,MEADOWBR-STRASBUR MST       A  138 KV L500.Dooms-Cunningham.534
CENTRAL REACTIVE TRANSFER INTERFACE,Central Interface,TRANSFER INTERFACE: CENTRAL L500.Burches Hill-Possum Point.560
BRAMBLET_230KVBRA-EVRG_1_LN,BRAMBLET_230 KV_BRA-EVRG:L230.GooseCreek-Ashburn-Beaumeade.227,BRAMBLET 230KV - EVRGREEN 230KV (BRAMBLET 230 KV BRA-EVRG) L230.GooseCreek-Ashburn-Beaumeade.227
BEATTY-BOLTON BEA-BOL       A  138 KV,BEATTY_138 KV_BEA-BOL:L345.Beatty-Cole,BEATTY 138KV - BOLTON 138KV (BEATTY 138 KV BEA-BOL) L345.Beatty-Cole
FARMVILL230 KV  TX5,FARMVILL_230 KV_TX5:L115.ChaseCity-BarnJ-DryB-MtLaur-SedgeHill.33,FARMVILL 230KV - FARMVILL 115KV (FARMVILL 230 KV TX5) L115.ChaseCity-BarnJ-DryB-MtLaur-SedgeHill.33
JOSHUAF2 765 KV JOSHUAF2 . 1 XFORMER,JOSHUAF2_765 KV_. 1:L500.Cloverdale-Lexington.566,JOSHUAF2 765KV - JOSHUAF2 138KV (JOSHUAF2 765 KV .  1) L500.Cloverdale-Lexington.566
GOOSECRE TX1 XFORMER H 500 KV,GOOSECRE_500 KV_TX1:L230.Beaumead-Ashburn-PleasantView.274,GOOSECRE 500KV - GOOSECRE 230KV (GOOSECRE 500 KV TX1) L230.Beaumead-Ashburn-PleasantView.274
SCOTTSVI 138 KV SCOTTSVI-BREMO_VP,SCOTTSVI_138 KV_SCO-BRE1:L230.Bremo-Cartersville-Powhatan-Midlothian.2027,BREMO4 138KV - SCOTTSVI 138KV (SCOTTSVI 138 KV SCO-BRE1) L230.Bremo-Cartersville-Powhatan-Midlothian.2027
ASHBURN 230 KV  227A,ASHBURN_230 KV_227B:L230.EvergreenMills-Brableton.2172,ASHBURN 230 KV  227A L230.Brambleton-YardleyRidge.2172
GLENARM 115 KV GELNARM-WINDYEDGE2 110512,GLENARM_115 KV_GLE-WIN2:L500.Brighton-Conastone,GLENARM-WINDYEDGE 110512    B  115 KV Graceton-Bagley and Brighton-Conastone DBLE
KYGERCRE345 KV  KYG-DOE3,KYGERCRE_345 KV_KYG-DOE3:L345.KygerCreek-Marquis,KYGERCRE 345KV - DOEX530 345KV (KYGERCRE 345 KV KYG-DOE3) L345.KygerCreek-Marquis
OLIVE   345 KV  OLI-OLIV,OLIVE_345 KV_OLI-OLIV:L345.Lasalle - Plano.0101,OLIVUNPA 345KV - OLIVE 345KV (OLIVE 345 KV OLI-OLIV) L345.Lasalle - Plano.0101
CANYON  230 KV  CAN-EAS,CANYON_230 KV_CAN-EAS:L500.Hopatcong-Lackawanna.5063,CANYON 230KV - ETOWANDA 230KV (CANYON 230 KV CAN-EAS) L500.Hopatcong-Lackawanna.5063
SAPONY_T1_230TX2_XF,SAPONY_230 KV_TX2:ACTUAL,SAPONY 35KV - SAPONY 230KV (SAPONY 230 KV TX2) Jefferson-Rockport 765+Rockport Unit 1
ASPENSLR_115KVASP-SHAD_1_LN,ASPENSLR_115 KV_ASP-SHAD:ACTUAL,SHADEGAP 115KV - ASPENSLR 115KV (ASPENSLR 115 KV ASP-SHAD) L500.Bedington-BlackOak
PIERC_DK345 KV  PIE-PIE2,PIERC_DK_345 KV_PIE-PIE2:L345.Pierce-Foster,PIERCE 345KV - PIERC_DK 345KV (PIERC_DK 345 KV PIE-PIE2) L345.Pierce-Foster
HOYTDAL2 138 KV HOYTDAL2-MAPLEOE,HOYTDAL2_138 KV_HOY-MAP1:L500.Cranberry-WylieRidge,HOYTDAL2 138KV - MAPLEOE 138KV (HOYTDAL2 138 KV HOY-MAP1) L500.Cranberry-WylieRidge
FIELDSCR115 KV  FIE-JARR,FIELDSCR_115 KV_FIE-JARR:ACTUAL,JARRATT 115KV - FIELDSCR 115KV (FIELDSCR 115 KV FIE-JARR) BASE
BARD_IND69 KV   EBR-BARD,BARD_IND_69 KV_EBR-BARD:ACTUAL,BARD_IND 69KV - E_BARDST 69KV (BARD_IND 69 KV EBR-BARD) BASE
BURMA 115 KV BURMA-PINEY BA,EDGEWOOD_115 KV_EDG-SHE:BURMA-PINEY BURMA TRANSFORMER,BURMA-PINEY BA              B  115 KV L345.ErieWest-Ashtabula-Perry
GLENDON 115 KV GLENDON-NORTHWOO 951,NORTHWOO_115 KV_NOR-NOR4:L500.Hosensack-SteelCity.5032,NORTHWOO 115KV - GLENDON 115KV (GLENDON 115 KV GLE-NORW) L500.Hosensack-SteelCity.5032
COOPERPE 230 KV COOPERPE-PEACHTAP COO-PEA,COOPERPE_230 KV_COO-PEA:L500.Conastone-PeachBottom.5012,PEACHTAP 230KV - COOPERPE 230KV (COOPERPE 230 KV COO-PEA) L500.Conastone-PeachBottom.5012
GOOSECRE500 KV  TX1,GOOSECRE_500 KV_TX1:L500.Brambleton-GooseCreek.558,GOOSECRE 500KV - GOOSECRE 230KV (GOOSECRE 500 KV TX1) L500.Brambleton-GooseCreek.558
SMITHTON 138 KV SMITHTON-YUKON SLJ-YU,SMITHTON_138 KV_SMI-YUK2:L500.Cabot-Cranberry,SMITHTON-YUKON SLJ-YU       B  138 KV L500.Hatfield-Ronco
CROZET 230 KV CROZET -BARRCKRD 233B,CROZET_230 KV_233B:L500.Elmont-Cunningham.553,CROZET 230KV - BARRCKRD 230KV (CROZET 230 KV 233B) L500.Elmont-Cunningham.553
NEWBERRY_115KVNEW-ROU_1_LN,NEWBERRY_115 KV_NEW-ROU:ACTUAL,NEWBERRY 115KV - ROUNDTOP 115KV (NEWBERRY 115 KV NEW-ROU) Hamilton - Jackson 115 kV line
DESPER  230 KV  DES-SANN,DESPER_230 KV_DES-SANN:L500.Morrisville-Spotsylvania.594,DESPER 230KV - SANNA 230KV (DESPER 230 KV DES-SANN) L500.Morrisville-Spotsylvania.594
BERGEN 138 KV BERGEN-ERUTHERF R-1344,BERGEN_138 KV_REAC1344:230/138.Bergen.T220-4,ERUTHERF 138KV - BERGEN 138KV (BERGEN 138 KV BER-ERU) 230/138.Bergen.T220-4
MONTVALE69 KV   MON-PEA,MONTVALE_69 KV_MON-PEA:345/138.SouthMahwah.BK258,PEARLRIV 69KV - MONTVALE 69KV (MONTVALE 69 KV MON-PEA) 345/138.SouthMahwah.BK258
REFORM  138 KV  NNE-REF,REFORM_138 KV_NNE-REF:ACTUAL,REFORM 138KV - NNEWARK 138KV (REFORM 138 KV NNE-REF) 345/138.OhioCentral.T1
SALTSPRG 138 KV SALTSPRG-MASURY,SALTSPRG_138 KV_SAL-MAS1:L138.Masury-Shenango,SALTSPRG 138KV - MASURY 138KV (SALTSPRG 138 KV SAL-MAS1) 345/138.Shenango.T2
AQUAHAR_230KV252B_1_LN,AQUAHAR_230 KV_252B:L500.Midlothian-NorthAnna.576,AQUAHAR 230KV - GARRSNV 230KV (AQUAHAR 230 KV AQU-GAR1) L500.Midlothian-NorthAnna.576
CLAYMONT 69 KV CLAYMONT-NAAMANS 6834,CLAYMONT_230 KV_AT21:L500.Keeney-RockSprings.5025,NAAMANS 69KV - CLAYMONT 69KV (CLAYMONT 69 KV CLA-NAA) L500.Keeney-RockSprings.5025
116 GOOD-900 ELWO 11620     B  345 KV,116 GOOD_345 KV_11622:L345.GoodingsGrove-Elwood.11620,900 ELWO 345KV - 116 GOOD 345KV (116 GOOD 345 KV 11622) L345.GoodingsGrove-Elwood.11620
OLIVE   138 KV  2-S,OLIVE_138 KV_2-S:L765.Dumont-Sorenson,OLIVE 1KV - OLIVE 138KV (OLIVE 138 KV 2-S) L765.Dumont-Sorenson
PLEASNTV TX3 XFORMER L 230 KV,PLEASNTV_500 KV_TX3:500/230.GooseCreek.TX1,PLEASNTV 500KV - PLEASNTV 230KV (PLEASNTV 500 KV TX3) 500/230.GooseCreek.TX1
O-FALLON-PORTER ROAD - KREN 138 L/O BEEHIVE-CAHOKIA 345,KREN_138 KV_KRE-PORT:CAHOKIA 345-BEEHIVE 345,KREN 138KV - PORTR R3 138KV (KREN 138 KV KRE-PORT) CAHOKIA 345-BEEHIVE 345
HIGHLAOE138 KV  HIG-COM1,HIGHLAOE_138 KV_HIG-COM1:ACTUAL,HIGHLAOE 138KV - COMERC 138KV (HIGHLAOE 138 KV HIG-COM1) L345.Hoytdale-McClelland
PRESTON-TANYARD 6716-5 B 69 KV,PRESTON_69 KV_PRE-TAN:L230.Milford-Steele.23076,TANYARD 69KV - PRESTON 69KV (PRESTON 69 KV PRE-TAN) L230.Milford-Steele.23076
BARTONVI 138 KV BARTONVI-MEADOWBR MSW1,BETHEL_138 KV_BET-RIVU:L500.Loudoun-Meadowbrook.5535,BARTONVI-MEADOWBR MSW1      B  138 KV L500.Loudoun-Meadowbrook.5535
BATERYHT230 KV  2011A,BATERYHT_230 KV_2011A:ACTUAL,CLIFTON 230KV - BATERYHT 230KV (BATERYHT 230 KV 2011A) BASE
94 HAURD-11323 11323 B 138 KV,94 HAURD_138 KV_11323:L345.Byron-Wayne.0626,94 HAURD 138KV - 11323 138KV (94 HAURD 138 KV 11323) L345.Byron-Wayne.0626
LACKAWAN-SUMMITPL LAC-SUM2       A 230 KV,LACKAWAN_230 KV_LAC-SUM2:230/69.Lackawanna.T2 (Sctnlz F),LACKAWAN 230KV - SUMMITPL 230KV (LACKAWAN 230 KV LAC-SUM2) 230/69.Lackawanna.T2 (Sctnlz F)
HAZARD  161 KV  3,HAZARD_161 KV_3:ACTUAL,HAZARD 161KV - HAZARD 138KV (HAZARD 161 KV 3) BASE
WMILTON 345 KV  BK-E,WMILTON_345 KV_BK-E:L345.Miami Fort-Woodsdale,WMILTON 345KV - WMILTON 138KV (WMILTON 345 KV BK-E) L345.Miami Fort-Woodsdale
ASHBURN-COCHRANM 227A,OX4_500 KV_TX1:L230.Beaumead-Ashburn-PleasantView.274,ASHBURN-COCHRANM 227A L230.Beaumead-Ashburn-PleasantView.274
MIDDLJCT 115 KV MIDDLJCT-YORKHAVE 977-1,MIDDLJCT_115 KV_MID-YOR7:L230.Yorkana-BrunnerIsland + Yorkana.T1,MIDDLJCT 115KV - YORKHAVE 115KV (MIDDLJCT 115 KV MID-YOR8) L230.Yorkana-BrunnerIsland + Yorkana.T1
CANTONCE 138 KV CANTONCE-CLOVEROE,CANTONCE_138 KV_CAN-CLO1:DTX138.Torrey.T2,CANTONCE 138KV - CLOVEROE 138KV (CANTONCE 138 KV CAN-CLO1) DTX138.Torrey.T2
RPMONE - MADDOX CREEK 345 KV L/O MARYSVILLE - SORENSON 765KV,MARQUIS2_345 KV_MAR-DOE2:L765.Marysville-Sorenson,ALLENIM 345KV - RPMONE 345KV (ALLENIM 345 KV ALL-RPM) L765.Marysville-Sorenson
AMOS 345 KV AMOS 7-P XFORMER,AMOS_138 KV_7-S:L345.Amos-Sporn,AMOS     7-P      XFORMER   H  345 KV L345.Kyger Creek-Sporn
BERGEN 230 KV BERGEN-LEONIA T-2272,ATHENIA_230 KV_ATH-BEL:L230.Bergen-Leonia.T-2272,SADDLEBR 230KV - MAYWOOD 230KV (MAYWOOD 230 KV MAY-SAD) L230.Bergen-Leonia.K-2289
PIERC_DK345 KV  PIE-PIE2,PIERC_DK_345 KV_PIE-PIE2:ACTUAL,PIERC_DK 345KV - FOSTER2 345KV (FOSTER2 345 KV FOS-PIE1) L345.EastBend-Terminal
JUNIATA 500 KV JUNIATA 1 XFORMER,JUNIATA_500 KV_1:ACTUAL,JUNIATA  1        XFORMER   H  500 KV BASE
HAVILAND69 KV   HAV-PAU,HAVILAND_69 KV_HAV-PAU:L138.AllenIM-Tillman-TimberRoad,HAVILAND 69KV - PAULDING 69KV (HAVILAND 69 KV HAV-PAU) L138.AllenIM-Tillman-TimberRoad
IDYLWOO4 230 KV IDYLWOO4-CLARK4 202A,IDYLWOO4_230 KV_202A:L500.Clifton-Ox.561+500/230.Clifton.TX2,IDYLWOO4 230KV - CLARK4 230KV (IDYLWOO4 230 KV 202A) L500.Clifton-Ox.561+500/230.Clifton.TX2
STURGIS 69 KV STURGIS-HOWE TIE,STURGIS_69 KV_STU-HOW1:138/69/34.Mottville.TX5,HOWE 69KV - STURGIS 69KV (STURGIS 69 KV STU-HOW1) L138.EastElkhart-Mottville
KYGERCRE345 KV  KYG-DOE4,KYGERCRE_345 KV_KYG-DOE4:L345.KygerCreek-Marquis,KYGERCRE 345KV - DOEX530 345KV (KYGERCRE 345 KV KYG-DOE4) L345.KygerCreek-Marquis
NMESHOPP 230 KV 4TX  XFORM  L  115 KV,NMESHOPP_230 KV_4 TX:L230.Lackawanna-Lack.EC + Lackawanna.EC.CC,NMESHOPP 230KV - NMESHOPP 115KV (NMESHOPP 230 KV 4 TX) L230.Lackawanna-Lack.EC + Lackawanna.EC.CC
OLIVE   345 KV  OLI-OLIV,OLIVE_345 KV_OLI-OLIV:L765.Jefferson-Rockport,OLIVUNPA 345KV - OLIVE 345KV (OLIVE 345 KV OLI-OLIV) RAS.L765.Jefferson-Rockport + Rockport.U1
CHEOAHH413.8 KV CHE-CHO1,CHEOAHH4_161 KV_BK1:ACTUAL,CHEOAHH413.8 KV CHE-CHO1 BASE
KELLAM  69 KV   KEL-WEI,KELLAM_69 KV_KEL-TASL:ACTUAL,KELLAM  69 KV   KEL-WEI BASE
TANNERSC 345 KV TANNERSC-EBEND,EBEND_345 KV_EBE-TER1:ACTUAL,TANNERSC 345KV - EBEND 345KV (TANNERSC 345 KV TAN-EBE1) BASE
CUMB PL 230 KV CUMB PL-JUNIATA 2235,CUMB PL_230 KV_CUM-JUN:500/230.Lauschtown.T3,JUNIATA 230KV - CUMB PL 230KV (CUMB PL 230 KV CUM-JUN) 500/230.Lauschtown.T3
ROCKCREEK - BEAVERCHANNEL 161 KV L/O QUADCITY - SUB91 345 KV,ROCK CRE_161 KV_62081625:L345.QuadCities-Sub91.0401,ROCK CRE 161KV - DEWITT 6 161KV (ROCK CRE 161 KV 62081625) L345.QuadCities-Sub91.0401
HUMMELCR138 KV  HUM-GRE1,HUMMELCR_138 KV_HUM-GRE1:L765.Dumont-Sorenson,GREENTO2 138KV - HUMMELCR 138KV (HUMMELCR 138 KV HUM-GRE1) L765.Dumont-Sorenson
SHEFFIELD - AMOCO 138 KV L/O DUMONT - WILTONCENTER 765 KV,17ROXANA_138 KV_17R-PRA1:Wilton Center-Dumont 765kV + Sheffield-Gary Ave 34,LINE    138 KV  Wolf Lake-Sheffield 138 kV l/o Dumont-Wilton Center 765 kV FG LINE    765 KV  DUM-WIL1CMPLINE DUMMY
ALLDAM6 138 KV ALLDAM6-KITTANNI SP-KT,ALLDAM6_138 KV_ALL-KIT:345/138.Ashtabula.TR4,ALLDAM6-KITTANNI SP-KT      A  138 KV (NUKE) L345.ErieWest-Ashtabula-Perry
EBEND - TERMINAL 4516 L/O L345.TANNERSCREEK-DEARBORN.1,EBEND_345 KV_EBE-TER1:L345.TannersCreek-Dearborn.1,EBEND-TERMINAL 4516         A  345 KV Dearborn - Pierce 345 KV LINE
AQUAHAR_230KVAQU-GAR1_1_LN,AQUAHAR_230 KV_AQU-GAR1:L500.Ladysmith-Possum Point.568,AQUAHAR 230KV - GARRSNV 230KV (AQUAHAR 230 KV AQU-GAR1) L500.Ladysmith-Possum Point.568
BAIR 115 KV BAIR-JACK ME 969-2,BAIR 115-JACK ME 115-1,JACK ME 115KV - BAIR 115KV (BAIR 115 KV BAI-JAC) 230/115.Yorkana.T3
BLMNTDOM230 KV  2180,BLMNTDOM_230 KV_2180:L230.GooseCreek-Ashburn-Beaumeade.227,BLMNTDOM 230KV - PLEASNTV 230KV (BLMNTDOM 230 KV 2180) L230.GooseCreek-Ashburn-Beaumeade.227
WMORELN4230 KV  TX1,WMORELN4_230 KV_TX1:ACTUAL,WMORELN4 230KV - WMORELN4 35KV (WMORELN4 230 KV TX1) L230.Harmony-Keeney.23013
DOUGLAS - FRANCISCO 345 KV L/O POSEYVILLE EAST - AB BROWN 345 KV,DOUGLAS2_345 KV_DOU-FRCS:AB Brown - Polyeast 345 kV,DOUGLAS2 345KV - FRCSCCIN 345KV (DOUGLAS2 345 KV DOU-FRCS) AB Brown - Polyeast 345 kV
SHENANGO138 KV  SHE-MAS1,SHENANGO_138 KV_SHE-MAS1:ACTUAL,SHENANGO 138KV - MASURY 138KV (SHENANGO 138 KV SHE-MAS1) L345.Niles-Shenango
12 DRESD 345 KV 12 DRESDEN 45TR83 CT,12 DRESD_345 KV_TR83CT-P:345/138.1Lasalle.TR81 R,12 DRESD 345KV - 12 DRESD 1KV (12 DRESD 345 KV TR83CT-P) 345/138.1Lasalle.TR81 R
PLEASNT 138 KV PLEASNT -STMARYS STM-PLE,PLEASNT_138 KV_STM-PLE:L765.Kammer-Belmont-Mountaineer,PLEASNT 138KV - STMARYS 138KV (PLEASNT 138 KV STM-PLE) L765.Kammer-Belmont-Mountaineer+765/500.Belmont.T5
HOMERCIT 230 KV HOMERCIT-SHELOCTA KHC 2014,HOMERCIT_230 KV_HOM-JOH:L230.HomerCity-Shelocta-Keystone.2014,HOMERCIT-SHELOCTA KHC 2014  A  230 KV 230/115/46.Lewistown.T2&T3
MITTAL 2 - ROXANA 138 KV L/O SHEFFIELD - CALUMET 138 KV,MITCHYRD_138 KV_MIT-MIT2:Sheffield - Calumet 138 kV,17LTV2 138KV - 17ROXANA 138KV (17ROXANA 138 KV 17R-17L1) Sheffield - Calumet 138 kV
COLLIER  T1       XFORMER   L  345 KV,COLLIER_345 KV_T1:345/138.Collier.T2,COLLIER  T2       XFORMER   H  345 KV 345/138.Collier.T1
CORNER 138 KV CORNER-LAYMAN,CORNER_138 KV_COR-DEG:L765.Kammer-Belmont-Mountaineer+765/500.Belmont.T5,CORNER 138KV - LAYMAN 138KV (CORNER 138 KV COR-LAY) L765.Kammer-Belmont-Mountaineer+765/500.Belmont.T5
WESTERN REACTIVE TRANSFER INTERFACE,TRANSFER INTERFACE: BED-BLA:500/138.Bedington.T2&T4 + 500.Cap.2&3 (Sctnlz F),TRANSFER INTERFACE: AEP-DOM L500.Bedington-BlackOak
LEESVILL 138 KV LEESVILL-SMITHMOU,LEESVILL_138 KV_LEE-SMI1:L765.Cloverdale-JoshuaFalls,SMITHMOU 138KV - LEESVILL 138KV (LEESVILL 138 KV LEE-SMI1) L765.Cloverdale-JoshuaFalls
ELMONT4 500 KV ELMONT4 TX2 XFORMER,EDINBUR4_138 KV_TX4:L500 Chickahominy-Elmont.557A(Sctnlz),ELMONT4 500KV - ELMONT4 230KV (ELMONT4 500 KV TX2) DBL:L500 Chickahominy-Elmont.557A(Sctnlz)&H1T553CB
CARL_PN_115KVCAR-GAR_1_LN,CARL PN_115 KV_CAR-GAR:230/115.Lewistown.T3,GARDNERS 115KV - CARL PN 115KV (CARL PN 115 KV CAR-GAR) 230/115/46.Lewistown.T2&T3
LOCKHART138 KV  CLI-LOC,LOCKHART_138 KV_CLI-LOC:ACTUAL,CLINCHRI 138KV - LOCKHART 138KV (LOCKHART 138 KV CLI-LOC) BASE
3 POWERT138 KV  POW-TWRL,3 POWERT_138 KV_POW-TWRL:L345.Nelson-ElectricJunction.15502,3 POWERT 138KV - TWRL 138KV (3 POWERT 138 KV POW-TWRL) L345.Nelson-ElectricJunction.15502
MIDDLJCT 115 KV MIDDLJCT-YORKHAVE 978-1,MIDDLJCT_115 KV_MID-YOR7:L230.Yorkana-BrunnerIsland + Yorkana.T1,MIDDLJCT 115KV - YORKHAVE 115KV (MIDDLJCT 115 KV MID-YOR8) L230.Yorkana-BrunnerIsland + Yorkana.T1
ASHBURN 230 KV  227B,ASHBURN_230 KV_227B:L230.Beaumead-Ashburn-PleasantView.274,ASHBURN 230KV - BEAUMEAD 230KV (ASHBURN 230 KV 227B) L230.Beaumead-Ashburn-PleasantView.274
BATTLEBO115 KV  1014A,BATTLEBO_115 KV_1014A:L230.Chinquapin-Everetts.2160,HATHAWAY 115KV - BATTLEBO 115KV (BATTLEBO 115 KV 1014A) L230.Chinquapin-Everetts.2160
BLMNTDOM230 KV  201,BLMNTDOM_230 KV_2180:L500.Brambleton-GooseCreek.558,BLMNTDOM-BRAMBLET 201       A  230 KV L500.Brambleton-GooseCreek.558
4 QUAD C345 KV  0405,4 QUAD C_345 KV_0405:L345.QuadCities-Sub91.0401,4 QUAD C 345KV - ROCK CRE 345KV (4 QUAD C 345 KV 0405) L345.QuadCities-Sub91.0401
SPORNAEP-KYGERCRE TIE B 345 KV,KYGERCRE_345 KV_KYG-DOE3:L765.Marysville-Sorenson,KYGERCRE 345KV - SPORNAEP 345KV (SPORNAEP 345 KV SPO-KYG1) L765.Marysville-Sorenson
PLEASNTV 203T274      CB    230 KV,BELLSMIL_230 KV_121-5T:L500.BurchesHill-PossumPoint.560,PLEASNTV 230KV - EDWSFERY 230KV (EDWSFERY 230 KV 203A) L500.BurchesHill-PossumPoint.560
CONEMAUG115 KV CNM-SEW,CONEMAUG_115 KV_CNM-SEW:ACTUAL,SEWARD 115KV - CONEMAUG 115KV (CONEMAUG 115 KV CNM-SEW) BASE
EASTON 138 KV EASTON AT-1 XFORMER,EASTON_138 KV_AT-1:ACTUAL,EASTON   AT-1     XFORMER   H  138 KV L138.Steele-Hillsboro-WyeMills.13761/13788
PRGEORGE230 KV  TX1,PRGEORGE_230 KV_TX1:L230.Carson-Poe.2002 (Sctnlz),PRGEORGE 230KV - PRGEORGE 115KV (PRGEORGE 230 KV TX1) L230.Carson-Poe.2002 (Sctnlz)
ELDRED 230 KV ELDRED-SUNBURY,ELDRED_230 KV_1:ACTUAL,SUNBURY 230KV - ELDRED 230KV (ELDRED 230 KV ELD-SUN) L230.Columbia-Montour
BLANCO_69KVBLA-NEWM_1_LN,BLANCO_69 KV_BLA-NEWM:230/138.CedarCreek.AT20,BLANCO 69KV - NEWMERED 69KV (BLANCO 69 KV BLA-NEWM) 230/138.CedarCreek.AT20
NMESHOPP 230 KV 4TX  XFORM  H  230 KV,NMESHOPP_230 KV_4 TX:L230.EastTowanda-Canyon-NMeshoppen,NMESHOPP 115KV - NMESHOPP 230KV (NMESHOPP 230 KV 4 TX) L230.EastTowanda-Canyon-NMeshoppen
16 WAUKE345 KV  TR83CT-P,16 WAUKE_345 KV_TR83CT-P:ACTUAL,16 WAUKE 345KV - 16 WAUKE 1KV (16 WAUKE 345 KV TR83CT-P) BASE
DARLEYRD 69 KV DARLEYRD-NAAMANS 6835,DARLEYRD_69 KV_DAR-NAA:ACTUAL,NAAMANS 69KV - DARLEYRD 69KV (DARLEYRD 69 KV DAR-NAA) BASE
ALTAVSTA 138 KV ALTAVSTA TX3 XFORMER,ALTAVSTA_138 KV_TX3:L500.Cloverdale-Lexington.566,ALTAVSTA 138KV - ALTAVSTA 115KV (ALTAVSTA 138 KV TX3) L500.Cloverdale-Lexington.566
HARRSNBG 230 KV HARRSNBG-GROTTOES 260A,HARRSNBG_230 KV_260A:L500.BathCounty-Lexington.547,HARRSNBG 230KV - GROTTOES 230KV (HARRSNBG 230 KV 260A) L500.BathCounty-Lexington.547
TMI 500 KV TMI 1 BANK XFORMER,TMI_500 KV_1 BANK:500/230.Conastone.500-4,TMI 500KV - TMI 230KV (TMI 500 KV 1 BANK) 500/230.Conastone.500-4
CORPORAT138 KV  COR-HAR,CORPORAT_138 KV_COR-HAR:ACTUAL,HARINGSC 138KV - CORPORAT 138KV (CORPORAT 138 KV COR-HAR) BASE
7713 138 KV 7713 2,CRBN_138 KV_CRB-CRES:L138.74Kewanee-981Crescent.7413,7713    -981 CRES 7713 2    A  138 KV 138L7413 Kewanee-Crescent Ridge 138 kV Line
GOOSECRE500 KV  TX1,GOOSECRE_500 KV_TX1:L500.PleasantView-GooseCreek.595,GOOSECRE 500KV - GOOSECRE 230KV (GOOSECRE 500 KV TX1) L500.PleasantView-GooseCreek.595
GLENLYN 138 KV  GLE-PET1,GLENLYN_138 KV_GLE-PET1:L765.JacksonsFerry-Cloverdale + 138CB.JF.L,GLENLYN 138KV - PETERSMO 138KV (GLENLYN 138 KV GLE-PET1) L765.JacksonsFerry-Cloverdale + 138CB.JF.L
DUNEACRE-MICHIGANCITY 13843 138KV L\O GREENTOWN-DUMONT 765KV,DUNEACRE_138 KV_DUN-MIC1:L765.Dumont-Greentown,DUNEACRE 138KV - MICHIGA2 138KV (DUNEACRE 138 KV DUN-MIC2) L765.Dumont-Greentown
CRES DUQ138 KV  CRE-MTN,CRES DUQ_138 KV_CRE-MTN:L138.Crescent-North.Z-21,CRES DUQ 138KV - MT NEBO 138KV (CRES DUQ 138 KV CRE-MTN) L138.Crescent-North.Z-21
RICHLND 138 KV RICHLND-02RDGVL,02RDGVL_138 KV_02R-STRY:ACTUAL,RICHLND 138KV - 02RDGVL 138KV (RICHLND 138 KV RIC-02R1) L138.Richland-Naomi-Midway-Wauseon
138 SILV 345 KV 138 SILVER 45TR82 CT,138 SILV_345 KV_TR82CT-P:345L13821 Silver Lake-Libertyville 345 kV Line,138 SILV 345KV - 138 SILV 1KV (138 SILV 345 KV TR82CT-P) L345.SilverLake-Libertyville.13821
LEMOYNE-HOME DEPOT 138 KV L/O LEMOYNE-MIDWAY 345 KV,BP_HUSKY_138 KV_BPH-02F1:L345.Lemoyne-Midway,LEMOYNE2 138KV - HOMEDEPT 138KV (HOMEDEPT 138 KV HOM-LEM) L345.Lemoyne-Midway
BRUNSWIC_230KVBRU-MEA_1_LN,BRUNSWIC_230 KV_BRU-MEA:ACTUAL,BRUNSWIC 230KV - MEADOWRD 230KV (BRUNSWIC 230 KV BRU-MEA) L230.Deans-MeadowRoad-PiersonAve-Metchuen.S-2219
CARS DUQ138 KV  CAR-OAK1,CARS DUQ_138 KV_CAR-OAK1:ACTUAL,CARS DUQ 138KV - OAKL DUQ 138KV (CARS DUQ 138 KV CAR-OAK1) BASE
MANOR_69KVMAN-SAF3_1_LN,MANOR_69 KV_MAN-SAF3:ACTUAL,SAFEHARB 69KV - MANOR 69KV (MANOR 69 KV MAN-SAF3) L230.OtterCrk-SafeHarbor-Manor.2302
DUPSEAFD-LAURELDP 6736 B 69 KV,DUPSEAFD_69 KV_DUP-LAU:L69.CoolSprings-Harbeson.6753,DUPSEAFD 69KV - LAURELDP 69KV (DUPSEAFD 69 KV DUP-LAU) L69.CoolSprings-Harbeson.6753
TYLER   230 KV  2003B1,TYLER_230 KV_2003B1:L500.Carson-Midlothian.563,POE 230KV - TYLER 230KV (TYLER 230 KV 2003B1) L500.Carson-Midlothian.563
CHURCH 69 KV CHURCH-NEWMERED 6704-1,CHURCH_69 KV_CHU-NME:L230.Cartanza-Milford.23033,CHURCH 69KV - NEWMERED 69KV (CHURCH 69 KV CHU-NME) L230.Cartanza-Milford.23033
PLYMOUTH 230 KV PLYMOUTH-WHITPAIN 220-13,PLYMOUTH_230 KV_PLY-WHI4:WHITPAIN-PLYMOUTH MEETING 220-15,WHITPAIN 230KV - PLYMOUTH 230KV (PLYMOUTH 230 KV PLY-WHI4) L230.Whitpain-PlymouthMeeting.220-15
ROXBURY 115 KV ROXBURY-SHADEGAP KR 1075,SHADEGAP_115 KV_SHA-THR:L115.MiddletownJct-Collins.975 (Sctnlz),ROXBURY-SHADEGAP KR 1075    B  115 KV L115.MiddletownJct-Collins.975 (Sctnlz)
EWAYNESB 138 KV EWAYNESB-RINGGOLD RWA1,ROXBURY_138 KV_NO2 TX:WWAYNESB-EWAYNESB-RINGGOLD (APS),EWAYNESB-RINGGOLD RWA1      B  138 KV L138.Bedington-Harmony Jct-Marlowe-Cherry Run
PETERS 138 KV PETERS-UNIONJCT UNNJ-PTR,HAMI APS_138 KV_HAM-WEI:CHARLERO-UNIONJCT-MITCHEL-PETERS (APS),UNIONJCT 138KV - PETERS 138KV (PETERS 138 KV PET-UNI) BASE
BETHEL-RIVERTON RLU B 138 KV,BETHEL_138 KV_BET-RIVU:L500.Elmont-Cunningham.553,BETHEL 138KV - RIVERTON 138KV (BETHEL 138 KV BET-RIVU) L500.Elmont-Cunningham.553
GAINESVL230 KV  TX3,GAINESVL_230 KV_TX3:L230.Gainesville-Atlantic-LintonHall-Wheeler.2161,GAINESVL 230KV - GAINESVL 115KV (GAINESVL 230 KV TX3) L230.Gainesville-Atlantic-LintonHall-Wheeler.2161
DEXTER  138 KV  DEX-ROSE,DEXTER_138 KV_DEX-ROSE:ACTUAL,DEXTER 138KV - ROSEWOOD 138KV (DEXTER 138 KV DEX-ROSE) BASE
BRISTERS 500 KV BRISTERS TX1 XFORMER,BRISTERS_500 KV_TX1:L500.Loudoun-Morrisville.569,BRISTERS 500KV - BRISTERS 230KV (BRISTERS 500 KV TX1) L500.Loudoun-Morrisville.569
WEFOSTOR_138KVWES-WOOD_1_LN,WEFOSTOR_138 KV_WES-WOOD:L345.SouthBerwick-FostoriaCentral,WOODVLTE 138KV - WEFOSTOR 138KV (WEFOSTOR 138 KV WES-WOOD) L345.SouthBerwick-FostoriaCentral
DELCOCIN - KOKOMOPS 138 KV L/O LEESBURG - DEEDSVIL 345 KV,DELCOCIN_138 KV_DEL-KOK:Walton-Deedsville-Leesburg 345,DELCOCIN 138KV - KOKOMOPS 138KV (DELCOCIN 138 KV DEL-KOK) Walton-Deedsville-Leesburg 345
SEWARD 230 KV SEWARD 230 KV T11 XFORMER,SEWARD_230 KV_T11:ACTUAL,SEWARD 230 KV T11  XFORMER  H  230 KV 230/115.Johnstown.T2
BUCKSKIN69 KV   BUC-GRE1,BUCKSKIN_69 KV_BUC-GRE1:L345.Adkins-Atlanta,BUCKSKIN 69KV - GREENFIE 69KV (BUCKSKIN 69 KV BUC-GRE1) L345.Adkins-Atlanta
LABADIE-GRAYSUM 345 KV (GRA-LABA) L/O LABADIE-GRAYSUM 345 KV (30648308),GRAYSUM3_345 KV_GRA-LABA:Labadie-Greysum Ckt1 345kV,LABADIE3 345KV - GRAYSUM3 345KV (GRAYSUM3 345 KV GRA-LABA) Labadie-Greysum Ckt1 345kV
CLINCHRI 138 KV CLINCHRI-LEBANON,CLINCHRI_138 KV_GSU1:Actual,CLINCHRI-LEBANON            A  138 KV Clinch River Clinchfield Fletcher Skeggs Garden Cr
BLOOMING230 KV  BLO-PAU,BLOOMING_230 KV_BLO-PAU:L500.Hopatcong-Lackawanna.5063,PAUPACK 230KV - BLOOMING 230KV (BLOOMING 230 KV BLO-PAU) L500.Hopatcong-Lackawanna.5063
BLMNTDOM230 KV  BEL-COCH,BLMNTDOM_230 KV_BEL-COCH:L230.Beaumead-Ashburn-PleasantView.274,BLMNTDOM 230KV - COCHRANM 230KV (BLMNTDOM 230 KV BEL-COCH) L230.Beaumead-Ashburn-PleasantView.274
DEERCREE138 KV  DEE-MIS,DEERCREE_138 KV_DEE-MIS:ACTUAL,DEERCREE 138KV - MISSISSI 138KV (DEERCREE 138 KV DEE-MIS) BASE
BURNHAM-SHEFFIELD 345 L/O DUMONT-WILTON CENTER 765 KV,17ROXANA_138 KV_17R-PRA1:Wilton Center-Dumont 765kV + Sheffield-Gary Ave 34,BURNHAM-SHEFFILD TIE        A  345 KV L765.Dumont-Wilton Center.11215
08LAPLJT138 KV  08L-SAN1,08LAPLJT_138 KV_08L-SAN1:L765.Jefferson-Rockport,08LAPLJT 138KV - SANDERSO 138KV (08LAPLJT 138 KV 08L-SAN1) Jefferson-Rockport 765+Rockport Unit 2
PLEASNTV 203T274      CB    230 KV,PLEASNTV_230 KV_274D:L500.CalvertCliffs-ChalkPoint.5072,PLEASNTV 230KV - ASHBURN 230KV (PLEASNTV 230 KV 274D) L500.CalvertCliffs-ChalkPoint.5072
LINE 69 KV MONR AE-VINELAND 0711-1,MONR AE_69 KV_MON-VINE:L69.Sherman-Vineland.0761,MONR AE 69KV - VINELAND 69KV (MONR AE 69 KV MON-VINE) L69.Sherman-Vineland.0761
MITTAL 2 - ROXANA 138 KV L/O MARKTOWN - CHICAGO 138 KV,17ROXANA_138 KV_17R-17L1:Marktown-Chicago Ave 138kV,Mittal 2-Roxana 138 kV l/o Marktown-Chicago 138 kV Marktown - Chicago 138 kV
FARMVILL230 KV  TX5,FARMVILL_230 KV_TX5:L230.Bremo-Cartersville-Powhatan-Midlothian.2027,FARMVILL 230KV - FARMVILL 115KV (FARMVILL 230 KV TX5) L230.Bremo-Cartersville-Powhatan-Midlothian.2027
COLONIAL 115 KV COL.PIPE-RRIDGE2 110512,COLONIAL_115 KV_COL-ROC2:ACTUAL,COL.PIPE-RRIDGE1 110511     B  115 KV L230.Graceton-Bagley.2304
FREMNT  138 KV  FRE-WFR1,FREMNT_138 KV_FRE-WFR1:L345.FostoriaCentral-Lallendorf,WFREMONT 138KV - FREMNT 138KV (FREMNT 138 KV FRE-WFR1) L345.FostoriaCentral-Lallendorf
WEFOSTOR-WOODVLTE WES-WOOD  A  138 KV,WEFOSTOR_138 KV_WES-WOOD:L345.FostoriaCentral-Lemoyne,WOODVLTE 138KV - WEFOSTOR 138KV (WEFOSTOR 138 KV WES-WOOD) L345.FostoriaCentral-Lemoyne
COLLEGE CORNER-COLLINSVILLE 138 KV L/O RED BANK-TERMINAL 345 KV,ROCHELLE_138 KV_08R-TER1:L345.Red Bank-Terminal,TERMINAL 345KV - TERMINAL 138KV (TERMINAL 345 KV 11) L345.Red Bank-Terminal
FACEROCK69 KV   FAC-MAN,FACEROCK_69 KV_FAC-MAN:L230.Graceton-FvFrks.110510 + 230/115.Grctn.230-1,FACEROCK 69KV - MANOR 69KV (FACEROCK 69 KV FAC-MAN) L230.Graceton-FvFrks.110510 + 230/115.Grctn.230-1
CONCORD 138 KV  CON-COU,CONCORD_138 KV_CON-COU:345/138.RobisonPark.T5,CONCORD 138KV - COUNTRYS 138KV (CONCORD 138 KV CON-COU) 345/138.RobisonPark.T5
ALLENIM 138 KV  ALL-LOG,ALLENIM_138 KV_ALL-LOG:ACTUAL,ALLENIM 138KV - LOGTOWN 138KV (ALLENIM 138 KV ALL-LOG) L138.Richland-Naomi-Midway-Wauseon
BELLEFON T3 XFORMER         H  138 KV,BELLEFON_138 KV_T3:138/69/34.Bellefonte.T2,BELLEFON 138KV - BELLEFON 69KV (BELLEFON 138 KV T3) 138/69/34.Bellefonte.T2
HOWARD2 138 KV  HOW-MEL1,HOWARD2_138 KV_HOW-MEL1:L765.Marysville-Sorenson,MELMORE 138KV - HOWARD2 138KV (HOWARD2 138 KV HOW-MEL1) L765.Marysville-Sorenson
135_ELMH_T1_138TR81CT-S_XF,135 ELMH_138 KV_TR81CT-S:ACTUAL,135 ELMH 1KV - 135 ELMH 138KV (135 ELMH 138 KV TR81CT-S) BASE
BEAVER  138 KV  BEA-JOH1,BEAVER_138 KV_BEA-JOH1:L345.Beaver-LakeAvenue.1,BEAVER 138KV - JOHNSOFE 138KV (BEAVER 138 KV BEA-JOH1) L345.Beaver-LakeAvenue.1
MIDDLJCT 115 KV MIDDLJCT-YORKHAVE 978-1,MIDDLJCT_115 KV_MID-YOR8:L500.Conastone-PeachBottom.5012,MIDDLJCT 115KV - YORKHAVE 115KV (MIDDLJCT 115 KV MID-YOR8) L500.Conastone-PeachBottom.5012
BEAUMEAD 274T2130     CB       230 KV,BEAUMEAD 274T2130 CB 230 KV L230.EVERGREENMILLS-BRABLETON.2172,BEAUMEAD 230KV - BUTTRMLK 230KV (BEAUMEAD 230 KV BEA-BUTR) L230.EvergreenMills-Brableton.2172
MEHOOPAN_115KVMEH-NME2_1_LN,MEHOOPAN_115 KV_MEH-NME2:ACTUAL,MEHOOPAN 115KV - NMESHOPP 115KV (MEHOOPAN 115 KV MEH-NME1) North Meshoppen - Mehoopany2 115 kV line
BRUNSWIC230 KV  BRU-MEA,BRUNSWIC_230 KV_BRU-MEA:ACTUAL,BRUNSWIC 230KV - MEADOWRD 230KV (BRUNSWIC 230 KV BRU-MEA) L230.Deans-MeadowRoad-PiersonAve-Metchuen.S-2219
HIGHLAOE345 KV  HIG-LOR1,HIGHLAOE_345 KV_HIG-LOR1:L345.Lordstown-Highland.2,LORDSTWN 345KV - HIGHLAOE 345KV (HIGHLAOE 345 KV HIG-LOR1) L345.Lordstown-Highland.2
20 BRAID 345 KV 20 BRAID-66 E FRN 2001,66 E FRN_345 KV_6608:L345.Braidwood-EastFrankfort.2001,20 BRAID 345KV - 66 E FRN 345KV (20 BRAID 345 KV 2003) L345.Braidwood-EastFrankfort.2001
PIERCE-BECKJORD 138 KV L/O PIERCE-FOSTER 345 KV,BECKJORD_138 KV_PIE-BEC4:L345.Pierce-Foster,BECKJORD138 KV  PIE-BEC5 L345.Pierce-Foster
DILLSBUR 115 KV DILLSBUR-GARDNERS 973-2,DILLSBUR_115 KV_DIL-GAR:L500.Hunterstown-Conastone.5013,GARDNERS 115KV - DILLSBUR 115KV (DILLSBUR 115 KV DIL-GAR) L500.Hunterstown-Conastone.5013
12 DRESDEN 45TR81 CT H 345 KV,143 WOLF_345 KV_TR81CT-P:L345.12 Dresden-111 ElctrcJct.1223+12 Dresden.TR83,12 DRESDEN  45TR81 CT       H  345 KV L345.12 Dresden-111 ElctrcJct.1223+12 Dresden.TR83
BUNSONVILLE-EUGENE TIE 345KV L/O DUMONT-GREENTOWN 765KV,EUGENE_345 KV_EUG-BUN1:L765.Dumont-Greentown,BUNSONV3 345KV - EUGENE 345KV (EUGENE 345 KV EUG-BUN1) L765.Dumont-Greentown
DARLEYRD 69 KV DARLEYRD-NAAMANS 6835,DARLEYRD_69 KV_DAR-NAA:DTX138.SilverBrook.T3,NAAMANS 69KV - DARLEYRD 69KV (DARLEYRD 69 KV DAR-NAA) DTX138.SilverBrook.T3
12 DRESDEN 45TR81 CT H 345 KV,12 DRESD_345 KV_TR81CT-P:L345.12 Dresden-900 Elwood.1220,12 DRESD 345KV - 12 DRESD 1KV (12 DRESD 345 KV TR81CT-P) L345.12 Dresden-900 Elwood.1220
ARMCO_1C138 KV  ARM-TP5,ARMCO_1C_138 KV_ARM-TODD:ACTUAL,ARMCO_1C138 KV  ARM-TP5 BASE
IRONWOOD-NLEBNON IRO-NLE    A  230 KV,IRONWOOD_230 KV_IRO-NLE:L230.Ironwood-SouthLebanon.1054,IRONWOOD 230KV - NLEBNON 230KV (IRONWOOD 230 KV IRO-NLE) L230.Ironwood-SouthLebanon.1054
HOWARD2 138 KV  HOW-MEL1,HOWARD2_138 KV_HOW-MEL1:L345.Beaver-Hayes,MELMORE 138KV - HOWARD2 138KV (HOWARD2 138 KV HOW-MEL1) L345.Beaver-Hayes
66 E FRN 345 KV 66 E FRN TR83CT-P XFORMER,66 E FRN_345 KV_TR83CT-P:345/138.116GoodingsGrove.TR81 + 345.Bus.1 RF,66 E FRN 345KV - 66 E FRN 1KV (66 E FRN 345 KV TR83CT-P) 345/138.116GoodingsGrove.TR81 + 345.Bus.1 RF
CEDARGRO_230KVCED-CLIK_1_LN,CEDARGRO_230 KV_CED-CLIK:L230.CedarGrove-JacksonRoad.S-2350,CEDARGRO 230KV - CLIF PS 230KV (CEDARGRO 230 KV CED-CLIK) L230.CedarGrove-JacksonRoad.S-2350
BLACKWEL138 KV  BK1,BLACKWEL_138 KV_BK1:ACTUAL,BLACKWEL 138KV - BLACKWEL 69KV (BLACKWEL 138 KV BK1) 345/138.Buffington.45
HOPEWEL4-CHESTER4 228A      B  230 KV,HOPEWEL4_230 KV_228A:L230.Chesterfield-Hopewell.211,HOPEWEL4 230KV - CHESTER4 230KV (HOPEWEL4 230 KV 228A) L230.Chesterfield-Hopewell.211
113 WATE 138 KV 113 WATE-11323 11323 2,113 WATE_138 KV_11323 2:ACTUAL,113 WATE138 KV  11323 Z1 111 ELEC345 KV  L15502CBCB      OPEN    155 NELS345 KV  BT2-3 CBCB      OPEN    155 NELS345 KV  BT4-
BATTLEBO115 KV  1001A,BATTLEBO_115 KV_1001A:L500.Carson-RogersRoad.585,BATTLEBO115 KV  1001A L500.Carson-RogersRoad.585
THELMA 69 KV THE-THE1,THELMA_69 KV_THE-THE1:L345.Spurlock-NorthClark,THELMA 69KV - THELMAEK 69KV (THELMA 69 KV THE-THE1) L345.Spurlock-NorthClark
EDISON2-GRAVLPIT EDI-GRA    B  138 KV,EDISON2_138 KV_EDI-OLI1:L345.Cook-Olive,EDISON2-GRAVLPIT EDI-GRA    B  138 KV L345.Reynolds-Olive.2
EARLEYS -AHOSKIE  136A      A  115 KV,EARLEYS_115 KV_136A:L115.Pecan-Carolina.1010,EARLEYS 115KV - AHOSKIE 115KV (EARLEYS 115 KV 136A) L115.Pecan-Carolina.1010
KEENMOUN138 KV  KEE-WHI,CHAPELST_138 KV_CHA-KEE:ACTUAL,WHITEWD 138KV - KEENMOUN 138KV (KEENMOUN 138 KV KEE-WHI) BASE
NELSON-ELECTRIC JUNCTION (15502) L/O BYRON-CHERRY VALLEY (0621),6 BYRON_345 KV_621:L345.Nelson-Electric Junction.15502,6 Byron-156 Cherry Valley 0621 l/o Nelson-Electric Junction L345.Nelson-ElectricJunction.15502
KEENEY  138 KV  13822,KEENEY_138 KV_13822:ACTUAL,KEENEY 13822 SER DEV        B  138 KV L230.Harmony-Keeney.23013
LAYMAN 138 KV LAYMAN-WOLFCREE 86,MUSKING2_138 KV_MUS-ENE1:L765.Kammer-Belmont-Mountaineer+765/500.Belmont.T5,WOLFCREE 138KV - LAYMAN 138KV (LAYMAN 138 KV LAY-WOL) L765.Kammer-Belmont-Mountaineer+765/500.Belmont.T5
COLONIAL 115 KV COL.PIPE-RRIDGE2 110512,COLONIAL_115 KV_COL-ROC2:L230.Graceton-Bagley-RaphaelRoad.2305,ROCKRIDG 115KV - COLONIAL 115KV (COLONIAL 115 KV COL-ROC2) L230.Graceton-Bagley-RaphaelRoad.2305
LOGTOWN 138 KV  LOG-NDEL,LOGTOWN_138 KV_LOG-NDEL:L765.Flatlick-Marysville,LOGTOWN 138KV - NDELPHOS 138KV (LOGTOWN 138 KV LOG-NDEL) L765.Flatlick-Marysville
CRES_DUQ_138KVCRE-MTN_1_LN,CRES DUQ_138 KV_CRE-MTN:L138.Crescent-North.Z-21,CRES DUQ 138KV - MT NEBO 138KV (CRES DUQ 138 KV CRE-MTN) L138.Crescent-North.Z-21
116 GOOD-900 ELWO 11622     B  345 KV,116 GOOD_345 KV_11622:L345.Lockport-Kendall.10805,900 ELWO 345KV - 116 GOOD 345KV (116 GOOD 345 KV 11622) L345.Lockport-Kendall.10805
42 ROUND138 KV 1607 2,42 ROUND_138 KV_1607 2:345/138.16Waukegan.TR83,42 ROUND 138KV - 1607 138KV (42 ROUND 138 KV 1607 2) 345/138.16Waukegan.TR83
SHADEGAP115 KV SHA-THR,SHADEGAP_115 KV_SHA-THR:230/115.Lewistown.T3,SHADEGAP115 KV  SHA-THR 230/115/46.Lewistown.T2&T3
CHESWICK138 KV  CHE-SPR,CHESWICK_138 KV_CHE-SPR:ACTUAL,CHESWICK138 KV  CHE-SPR L138.Wilson-Mitchell.Z-11
ETOWANDA230 KV  ETO-SCO,ETOWANDA_230 KV_ETO-SCO:L230.ETowanda-Hillside.2002 [NYISO],ETOWANDA 230KV - SCOTCHHO 230KV (ETOWANDA 230 KV ETO-SCO) L230.ETowanda-Hillside.2002 [NYISO]
SEWARD 115 KV SEWARD-TOWER51 H1H2 1097,HOOVERSV_115 KV_HOO-TOW:L230.HomerCity-Quemahoning-Hooversville.2024,SEWARD 115KV - TOWER51 115KV (SEWARD 115 KV SEW-TOW) L230.HomerCity-Quemahoning-Hooversville.2024
GARDNERS 115 KV GARDNERS-TEXSEAST GAR-TEX,GARDNERS_115 KV_GAR-TEX:L115.CarlislePike-Gardners.1049,TEXSEAST 115KV - GARDNERS 115KV (GARDNERS 115 KV GAR-TEX) L115.CarlislePike-Gardners.976
HAYES_FE345 KV  TR1,HAYES_FE_345 KV_TR1:345/138.Beaver.T2,HAYES_FE 345KV - HAYES_FE 138KV (HAYES_FE 345 KV TR1) 345/138.Beaver.T2
AEP-DOM CONTINGENCY 9,AEP-DOM contingency 19 L765.Culloden-Wyoming,TRANSFER INTERFACE: AEP-DOM L765.Wyoming-JacksonsFerry
138 SILV 345 KV 138 SILVER 45TR83 CT,138 SILV_345 KV_TR83CT-P:345/138.SilverLake.T82 G SPOG 2-38,138 SILV 345KV - 138 SILV 1KV (138 SILV 345 KV TR83CT-P) 345/138.SilverLake.T82 G SPOG 2-38
CONASTON 500 KV CONASTON 500-2 XFORMER,CONASTON_500 KV_500-2:ACTUAL,CONASTON 230KV - NRTHWES2 230KV (CONASTON 230 KV CNS-NOR2) L500.Brighton-Conastone.5011
COLU PL 230 KV COLU PL-MONTOUR,ELIMSPOR_230 KV_ELI-SUN:L230.Montour-Milton-Sunbury,MONTOUR 230KV - COLU PL 230KV (COLU PL 230 KV COL-MON) L230.Milton-Montour
BREMO4  115 KV  BRE-FRKU,BREMO4_115 KV_BRE-FRKU:L230.Bremo-ForkUnion.2193,BREMO4 115KV - FRKUNION 115KV (BREMO4 115 KV BRE-FRKU) L230.Bremo-ForkUnion.2193
23 COLLI 345 KV 23 COLLINS 45TR92 CT,23 COLLI_345 KV_TR92CT-S:L765.Collins - Plano.2315,23 COLLI 345KV - 23 COLLI 1KV (23 COLLI 345 KV TR92CT-S) L765.Collins - Plano.2315
CHURCH 69 KV CHURCH-NEWMERED 6704-1,CHURCH_69 KV_CHU-NME:L230.Milford-Steele.23076,CHURCH-NEWMERED 6704-1      A  69 KV L230.Milford-Steele.23076
MCCARTER230 KV  MCC-WOR,ESSEX_230 KV_ESS-MCC:L230.CedarGrove-CedarSub-William.F-2206,MCCARTER230 KV  MCC-WOR L230.CedarGrove-CedarSub-William.F-2206
MIAMI   345 KV  BK-E,MIAMI_345 KV_BK-E:ACTUAL,MIAMI 345KV - MIAMI 138KV (MIAMI 345 KV BK-E) BASE
DUMONT2 765 KV DUMONT2-WILTON,461 CRES_138 KV_11603 2:L765.Dumont-Wilton Center.11215,CHIC_AVE 138KV - PRAXAIR3 138KV (CHIC_AVE 138 KV CHI-PRA2) Dumont-Wilton Center 765kV
BOXWOOD 138 KV BOXWOOD-CLIFFORD,CLIFFORD_138 KV_CLI-COL1:L500.Cloverdale-Lexington.566,BOXWOOD 138KV - CLIFFORD 138KV (BOXWOOD 138 KV BOX-CLI1) L500.Cloverdale-Lexington.566
BEAVER 345 KV BEAVER TR1 XFORMER,BEAVER_345 KV_TR1:L345.Beaver-LakeAvenue.1,BEAVER 345KV - BEAVER 138KV (BEAVER 345 KV TR1) L345.Beaver-LakeAvenue.1
114_NORT_11413811412Z1_1_LN,114 NORT_138 KV_11411 1:ACTUAL,114_NORT_11413811412Z1_1_LN BASE
HAVILAND69 KV   HAV-PAU,HAVILAND_69 KV_HAV-PAU:L138.EastLima-Haviland,HAVILAND 69KV - PAULDING 69KV (HAVILAND 69 KV HAV-PAU) L138.EastLima-Haviland
KENNY   138 KV  KEN-ROB1,KENNY_138 KV_KEN-ROB1:L138.Roberts-WestCampus,ROBERTS2 138KV - KENNY 138KV (KENNY 138 KV KEN-ROB1) L138.Roberts-WestCampus
MALISZEW138 KV  MAL-POL1,MALISZEW_138 KV_MAL-POL1:L138.Maliszewski-Genoa,MALISZEW 138KV - POLARIS 138KV (MALISZEW 138 KV MAL-POL1) L138.Maliszewski-Genoa
KEENEY 230 KV KEENEY-STEELE 23009,KEENEY_230 KV_KEE-STE9:L230.Cartanza-Milford.23033,KEENEY 230KV - STEELE 230KV (KEENEY 230 KV KEE-STE9) L230.Cartanza-Milford.23033
112 WILTON CENTER TR94 345/765 KV XFMR L/O 112 WILTON CENTER - 23 COLLINS 765 KV,112 WILT_345 KV_TR94CT-S:L765.Wilton-Collins.11216,112 WILT 1KV - 112 WILT 765KV (112 WILT 765 KV TR94CT-P) L765.Wilton - Collins.11216
ETOWANDA 230 KV ETOWANDA 4 TX XFORMER,ETOWANDA_230 KV_4 TX:L230.EastTowanda-Canyon-NMeshoppen + 230/115.NM.T4,ETOWANDA 230KV - ETOWANDA 115KV (ETOWANDA 230 KV 4 TX) L230.EastTowanda-Canyon-NMeshoppen + 230/115.NM.T4
DOEX530 345 KV  DOE-PIE1,DOEX530_345 KV_DOE-PIE1:ACTUAL,DOEX530 345KV - PIERCE 345KV (DOEX530 345 KV DOE-PIE1) L345.Marquis-Stuart
LANESVIL-INTERSTATE 138 KV L/O KINCAID-AUSTIN 2106 345 SPOG 1-3-A,INTERSTA_138 KV_INT-LAN:L345.Kincaid-Austin 2102 U2 (Multiphase) 1-3-A,LANESVL 138KV - INTERSTA 138KV (INTERSTA 138 KV INT-LAN) L345.Kincaid-Austin & 2102 & U2 (Multiphase) 1-3-A
NEWLONDON- KOKOMO HIGHLANDPARK 230KV L/O DUMONT-SORENSON 765KV,KOKOMOPS_230 KV_KOK-NEW1:Dumont - Sorenson 765 kV,KOKOMOPS 230KV - TIPTON W 230KV (KOKOMOPS 230 KV KOK-TIP) Dumont - Sorenson 765 kV
CANTONCE 138 KV CANTONCE-CLOVEROE,WCANTON_138 KV_WCA-DAL1:Cantonce - Cloveroe 138 kV line,CANTONCE 138KV - CLOVEROE 138KV (CANTONCE 138 KV CAN-CLO1) DTX138.Sunnyside.T5 & T6 + LX.Torrey&Sunnyside
MOREHEAD_69KVMOR-KUM1_1_LN,MOREHEAD_69 KV_MOR-KUM1:ACTUAL,RODBURN 69KV - MOREHEAD 69KV (MOREHEAD 69 KV MOR-KUM1) L765.Marysville-Sorenson
BRIGHTON230 KV  BRI-MTZ2,BRIGHTON_230 KV_BRI-MTZ2:L500.BurchesHill-PossumPoint.560,BRIGHTON 230KV - MTZION 230KV (BRIGHTON 230 KV BRI-MTZ2) L500.BurchesHill-PossumPoint.560
16901   138 KV  16901 1,16901_138 KV_16901 1:ACTUAL,16901 138KV - 169 MCGI 138KV (16901 138 KV 16901 1) BASE
CHARLERO 138 KV CHARLERO-GORDEN,CHARLERO_138 KV_CHA-YUK:L500.Hatfield-RhodesLane.517,ALLENPOR 138KV - CHARLERO 138KV (ALLENPOR 138 KV ALL-CHA) L500.Hatfield-RhodesLane.517
TERMINAL345 KV  12,TERMINAL_345 KV_12:L345.Red Bank-Terminal,Terminal 345/138 TR11 l/o Red Bank-Terminal 345+Terminal 345/138 TR12 L345.Red Bank-Terminal
135_ELMH_T5_345TR81CT-P_XF,135 ELMH_345 KV_TR81CT-P:ACTUAL,135 ELMH 1KV - 135 ELMH 345KV (135 ELMH 345 KV TR81CT-P) BASE
MALISZEW765 KV  1,MALISZEW_765 KV_1:765/345.Vassell.T1,MALISZEW 765KV - MALISZEW 138KV (MALISZEW 765 KV 1) 765/345.Vassell.T1
AEP-DOM CONTINGENCY 52,AEP-DOM for l/o Front Royal-Warren County:L500.FrontRoyal-WarrenCo.592 + FrontRoyal.CC,AEP-DOM contingency 52 L500.FrontRoyal-WarrenCo.592 + FrontRoyal.CC
ALLDAM6 138 KV ALLDAM6-KITTANNI SP-KT,ALLDAM6_138 KV_ALL-KIT:L500.Keystone-SouthBend.5001(513),ALLDAM6-KITTANNI SP-KT      A  138 KV MAXCR: 500/230.Keystone.T3+U1+U2+5001+02+03+04
PRESTON-TANYARD 6716-5 B 69 KV,PRESTON_69 KV_PRE-TOD:230/138.PineyGrove.AT20+L230.PinyGrve-IndinR.23002,TANYARD 69KV - PRESTON 69KV (PRESTON 69 KV PRE-TAN) 230/138.PineyGrove.AT20+L230.PinyGrve-IndinR.23002
NORTHEAS230 KV  NOR-RAP5,NORTHEAS_230 KV_NOR-RAP5:L500.Brighton-Conastone,RAPHAERD 230KV - NORTHEAS 230KV (NORTHEAS 230 KV NOR-RAP5) L500.Brighton-Conastone.5011
11 FISK 138 KV  TR72 12,11 FISK_138 KV_TR72 12:11 FISK TR75 (SERIES DEV),11 FISK 138KV - 11 FISK 12KV (11 FISK 138 KV TR72 12) 11 FISK TR75 (SERIES DEV)
CONASTON 230 KV CONASTON-OTTCRKPL,OTTCRKPL_230 KV_OTT-YOR:L500.Hunterstown-Conastone.5013,OTTCRKPL 230KV - CONASTON 230KV (CONASTON 230 KV CNS-OTT) L500.Hunterstown-Conastone.5013
BROADFO2 138 KV BROADFO2-SALTVILL 2,BROADFO2_138 KV_BRO-SAL2:L138.Broadford-Saltville.1,BROADFO2-SALTVILL 2         A  138 KV L138.Broadford-Saltville #1
BELLEFON138 KV  BEL-NPR1,BELLEFON_138 KV_BEL-NPR1:ACTUAL,BELLEFON138 KV  BEL-NPR1 L765.Baker-HangingRock
MOUN_UGI_69KVMOU-PLY2_1_LN,MOUN UGI_69 KV_MOU-PLY2:230/69.Mountain.T3(UGI) w/ 23030 closed,PLYM UGI 69KV - MOUN UGI 69KV (MOUN UGI 69 KV MOU-PLY2) 230/69.Mountain.T3(UGI)
MITTAL 2-ROXANA 138 KV L/O MARKTOWN-CHICAGO 138 KV,17ROXANA_138 KV_17R-17L1:Marktown-Chicago Ave 138kV,Mittal 2-Roxana 138 kV l/o Marktown-Chicago 138 kV Marktown - Chicago 138 kV
PLEASNTV TX3 XFORMER L 230 KV,PLEASNTV_500 KV_TX3:L230.Belmont-Stonewater.2178A,PLEASNTV 500KV - PLEASNTV 230KV (PLEASNTV 500 KV TX3) L230.Stonewater-Brambleton.206B
HAVILAND_69KVHAV-PAU_1_LN,HAVILAND_69 KV_HAV-PAU:138/69.EastLima.T3,HAVILAND 69KV - PAULDING 69KV (HAVILAND 69 KV HAV-PAU) 138/69.EastLima.T3
BED-BLA CONTINGENCY 33,BED-BLA contingency 40 L500.Cloverdale-Lexington.566,TRANSFER INTERFACE: BED-BLA L500.Cloverdale-Lexington.566
LINE 138 KV BECKJORD-PIERC_DK 1889,PIERC_DK_345 KV_BK18:ACTUAL,PIERC_DK 138KV - BECKJORD 138KV (BECKJORD 138 KV PIE-BEC4) BASE
FRDRKSBG115 KV  FRE-TRIA,FRDRKSBG_115 KV_FRE-TRIA:L500.Ladysmith-Possum Point.568,FRDRKSBG 115KV - TRIAGLTP 115KV (FRDRKSBG 115 KV FRE-TRIA) L500.Ladysmith-Possum Point.568
ALLLUD4J 138 KV ALLLUD4J-ALLDAM6 ALJ-ALL,ALLLUD4J_138 KV_ALJ-ALL:L345.ErieWest-Ashtabula-Perry,ALLLUD4J 138KV - ALLDAM6 138KV (ALLLUD4J 138 KV ALJ-ALL) L345.ErieWest-Ashtabula-Perry
LENOX   115 KV  LEN-MAC,LENOX_115 KV_LEN-NME:L230.ETowanda-Hillside.2002 [NYISO],LENOX 115KV - MACNEW_T 115KV (LENOX 115 KV LEN-MAC) L230.ETowanda-Hillside.2002 [NYISO]
MUSEVILL138 KV  MUS-SMIT,MUSEVILL_138 KV_MUS-SMIT:L765.Cloverdale-JoshuaFalls,MUSEVILL 138KV - SMITHMOU 138KV (MUSEVILL 138 KV MUS-SMIT) L765.Cloverdale-JoshuaFalls
SHERWOOD115 KV  91C,SHERWOOD_115 KV_91C:L230.Bremo-Cartersville-Powhatan-Midlothian.2027,TRANSCO 115KV - SHERWOOD 115KV (SHERWOOD 115 KV 91C) L230.Bremo-Cartersville-Powhatan-Midlothian.2027
HANOVER_69KVHAN-PLY_1_LN,HANOVER_69 KV_HAN-PLY:ACTUAL,HANOVER 69KV - PLYM UGI 69KV (HANOVER 69 KV HAN-PLY) 230/66.Mountain.T2 (Sctnlz)
CHAUNCYT138 KV  CHA-LOG1,CHAUNCYT_138 KV_CHA-LOG1:L138.BigSandy-Inez,LOGAN 138KV - CHAUNCYT 138KV (CHAUNCYT 138 KV CHA-LOG1) L138.BigSandy-Inez
CEDARCRE230 KV  AT20,CEDARCRE_230 KV_AT20:ACTUAL,CEDARCRE 230KV - CEDARCRE 138KV (CEDARCRE 230 KV AT20) L230.Cartanza-Milford.23033
JACK ME 230 KV JACK ME-TMI 1051,JACK ME_230 KV_JAC-TMI:L230.Yorkana-BrunnerIsland.1055,JACK ME-TMI 1051            B  230 KV DBL: BrunnerIsland-Yorkana + Conastone-PeachBottom
ALLDAM6 138 KV ALLDAM6-KITTANNI SP-KT,ALLDAM6_138 KV_ALL-KIT:L138.Springdale-All4Jct-All4Tap-All6-Brackenridge,ALLDAM6 138KV - KITTANNI 138KV (ALLDAM6 138 KV ALL-KIT) L138.Springdale-All4Jct-All4Tap-All6-Brackenridge
MUSKING2 138 KV MUSKING2-NMUSKING,MUSKING2_138 KV_MUS-NMU1:ACTUAL,MUSKING2 138KV - NMUSKING 138KV (MUSKING2 138 KV MUS-NMU1) BASE
KEYSTONE_T5_2304TX-S_XF,KEYSTONE_230 KV_4 TX-S:ACTUAL,LINE    138 KV  BUT-KAR KEYSTONE230 KV  3 TX-S  CMPTRAFODUMMY   KEYSTONE230 KV  B70     CB      OPEN    KEYSTONE500 KV  1GEN
SALTVILL138 KV  SAL-TAZ1,SALTVILL_138 KV_SAL-TAZ1:L765.Broadford-JacksonsFerry + B138.Broadford.R,SALTVILL 138KV - TAZEWELL 138KV (SALTVILL 138 KV SAL-TAZ1) L765.Broadford-JacksonsFerry+B138.Broadford.RL3
179 BLOO345 KV  TR84CT-P,179 BLOO_345 KV_TR84CT-P:L345.Burnham-DavisCreek.17704,179 BLOO 345KV - 179 BLOO 1KV (179 BLOO 345 KV TR84CT-P) L345.Burnham-DavisCreek.17704
BLOOMSBU69 KV   BLO-COL2,HARWOOD_230 KV_HAR-SUS2:Harwood-Susquehanna.1 + 230/69.Harwood.T5,BLOOMSBU69 KV   BLO-COL2 L230.Harwood-Susquehanna.1 + 230/69.Harwood.T5
TODD    69 KV   TOD-VIEN,TODD_69 KV_TOD-VNL:L69.Easton-EastonTap-Muni-Longwood-WyeMills.6707,VIENNA 69KV - TODD 69KV (TODD 69 KV TOD-VIEN) L69.Easton-EastonTap-Muni-Longwood-WyeMills.6707
SEWARD 230 KV 9 TX,SEWARD_230 KV_9 TX:ACTUAL,SEWARD 230KV - SEWARD 115KV (SEWARD 230 KV 9 TX) L230.HomerCity-Seward.2011
TAZEWELL 138/345KV TR2 L/O MAPLERIDGE - TAZEWELL 345KV,TAZEWEL2_345 KV_TR2:L345.MapleRidge-Tazewell,TAZEWEL2 138KV - TAZEWEL2 345KV (TAZEWEL2 345 KV TR2) L345.MapleRidge-Tazewell
NOTTINGH 230 KV NOTTINGHM 2-3 SER DEV,NOTTINGH_230 KV_2-3:L500.PeachBottom-TMI.5007,NOTTINGHM 2-3 SER DEV       A  230 KV L500.PeachBottom-TMI.5007
BREMO4_230KV2193A_1_LN,BREMO4_230 KV_2193A:L500.Midlothian-NorthAnna.576,FRKUNION 230KV - BREMO4 230KV (BREMO4 230 KV 2193A) L500.Midlothian-NorthAnna.576
LAUSCHTO230 KV  LAU-SAK4,LAUSCHTO_230 KV_LAU-SAK4:L500.Conastone-PeachBottom.5012,LAUSCHTO 230KV - SAKRON 230KV (LAUSCHTO 230 KV LAU-SAK4) L500.Conastone-PeachBottom.5012
FOURRIVR 230 KV FOURRIVR-HANOVER4 2032B,FOURRIVR_230 KV_2032B:L230.Ladysmith-LadysmithCT.2089 + LadySmth.T1&T2,FOURRIVR 230KV - HANOVER4 230KV (FOURRIVR 230 KV 2032B) L230.Ladysmith-LadysmithCT.2089 + LadySmth.T1&T2
BENTONHA 345 KV BENTONHA . 1 XFORMER,BENTONHA_345 KV_. 1:ACTUAL,BENTONHA .  1     XFORMER   L  138 KV L345.Cook-Palisades
GARDNERS 115 KV GARDNERS-MOUN ME 974,MOUN ME_115 KV_MOU-PPG:Mountain-Gardners (974) 115 kV line,PPGI 115KV - MOUN ME 115KV (MOUN ME 115 KV MOU-PPG) Mountain-Gardners (974) 115 kV line
ALLDAM6 138 KV ALLDAM6-KITTANNI SP-KT,ALLDAM6_138 KV_ALL-KIT:L500.BlackOak-Hatfield,ALLDAM6-KITTANNI SP-KT      A  138 KV MAXCR: 500/230.Keystone.T3+U1+U2+5001+02+03+04
EASTON_T1_138AT-1_XF,EASTON_138 KV_AT-1:230/138.Vienna.AT20,EASTON-TRAPPETP 6716-1      A  69 KV L230.Steele-Vienna.23085 & 230/138.Vienna.AT20
02RDGVL 138 KV  02R-STRY,02RDGVL_138 KV_02R-STRY:L765.Marysville-Sorenson,02RDGVL 138KV - STRYKER 138KV (02RDGVL 138 KV 02R-STRY) L765.Marysville-Sorenson
KLINE   138 KV  KLI-TWI1,KLINE_138 KV_KLI-TWI1:ACTUAL,TWINBRAN 138KV - KLINE 138KV (KLINE 138 KV KLI-TWI1) L765.Dumont-Sorenson
IDYLWOO4 230 KV IDYLWOO4-CLARK4 202A,IDYLWOO4_230 KV_202A:L230.ParagonPark-Beaumeade.2206,IDYLWOO4 230KV - CLARK4 230KV (IDYLWOO4 230 KV 202A) L230.ParagonPark-Beaumeade.2206
COLLIER 345 KV COLLIER T1 XFORMER,COLLIER_345 KV_T1:345/138.Collier.T2,COLLIER  T2       XFORMER   H  345 KV 345/138.Collier.T1
MAHANSLA 138 KV MAHANS LANE-TIDD,CARNEGIE_138 KV_CAR-WEI:WEIRTON-MAHANS LANE 138 KV (APS),MAHANS LANE-TIDD            B  138 KV L345.Sammis-WylieRidge.240
VIENNA 230 KV VIENNA AT20 TRANSFORMER,VIENNA_138 KV_13710:230/138.PineyGrove.AT20,VIENNA 69KV - MARDELA 69KV (MARDELA 69 KV MAR-VIE) 230/138.PineyGrove.AT20
MONROE-LALLENDORF 345 KV L/O LEMOYNE-MAJESTIC 345 KV,LEMOYNE2_345 KV_MAJ-LEM1:Monroe-Lallendorf 345 kV,MAJESTIC 345KV - LEMOYNE2 345KV (LEMOYNE2 345 KV MAJ-LEM1) Monroe-Lallendorf 345 kV
SIEGFRIE 230 KV SIEGFRIE 5 XFORMER,SIEGFRIE_230 KV_5:230/138.Siegfried.4,SIEGFRIE 230KV - SIEGFRIE 138KV (SIEGFRIE 230 KV 4) 230/138.Siegfried.5 (Sctnlz)
08WLDER1138 KV  08W-PIE1,08WLDER1_138 KV_08W-PIE1:L345.Pierce-Foster,BECKJORD 138KV - 08WLDER1 138KV (08WLDER1 138 KV 08W-PIE1) L345.Pierce-Foster
UTICAJCT 115 KV UTICAJCT-WAYNE WAE 1010,TITUSVIL_115 KV_TIT-UNI:L115.Eclipse-UticaJct-Wayne.1010,BURMA 138KV - BURMA 115KV (BURMA 138 KV T1) L115.Eclipse-UticaJct-Wayne.1010
LOCKWOOD 138 KV LOCKWOOD-RICHLND TIE,LOCKWOOD_138 KV_LOC-RIC1:L765.Marysville-Sorenson,LOCKWOOD 138KV - RICHLND 138KV (LOCKWOOD 138 KV LOC-RIC1) L765.Marysville-Sorenson
POSSUMP4 200192       CB       230 KV,POSSUMP4_230 KV_2078Z:L500.Morrisville-Spotsylvania.594,POSSUMP4 200192       CB        230 KV L500.Morrisville-Spotsylvania.594
ETOWANDA-HILLSIDE 2002 TIE  A   230 KV,ETOWANDA_230 KV_ETO-HIL:L230.Lackawanna-Oxbow-NMeshoppen (Sctnlz F),ETOWANDA 230KV - HILLSIDE 230KV (ETOWANDA 230 KV ETO-HIL) L230.Lackawanna-Oxbow-NMeshoppen (Sctnlz F)
155 NELS 345 KV 155 NELSON 45TR82 CT,155 NELS_345 KV_TR82CT-P:Cordova-Nelson (15503) 345 Line,155 NELS 345KV - 155 NELS 1KV (155 NELS 345 KV TR82CT-P) L345.Nelson-Cordova.15503
WEBSTER2138 KV  BUF-WEB1,WEBSTER2_138 KV_BUF-WEB1:L345.Pierce-Foster,BUFFINGT 138KV - WEBSTER2 138KV (WEBSTER2 138 KV BUF-WEB1) L345.Pierce-Foster
KILMER 230 KV KILMER-SAYREVIL LN1-SC1,WHITAKER_115 KV_TX1:L230.Sayreville-Kilmer-LakeNelson.W-1037,SAYREVIL 230KV - KILMER 230KV (KILMER 230 KV KIL-SAYI) L230.Sayreville-Kilmer-LakeNelson.W-1037
LINE 230 KV CEDARSUB-CEDARGRO CED-CEDY,CEDARSUB_230 KV_CED-CEDY:L500.Hopatcong-Ramapo.5018,CEDARSUB 230KV - CEDARGRO 230KV (CEDARSUB 230 KV CED-CEDY) L500.Hopatcong-Ramapo.5018
NELSON-VIENNA 13707         A  138 KV,VIENNA_138 KV_13710:L230.CoolSprings-Milford.23069,VIENNA 138KV - NELSON 138KV (NELSON 138 KV NEL-VIE) L230.CoolSprings-Milford.23069
BAIR 115 KV BAIR-JACK ME 969-2,BAIR_115 KV_BAI-JAC:L230.Yorkana-BrunnerIsland + Yorkana.T1,JACK ME 115KV - BAIR 115KV (BAIR 115 KV BAI-JAC) L230.Yorkana-BrunnerIsland + Yorkana.T1
GARDNERS_115KVGAR-TEX_1_LN,GARDNERS_115 KV_GAR-TEX:L115.RoundTop-Newberry-Cly,TEXSEAST 115KV - GARDNERS 115KV (GARDNERS 115 KV GAR-TEX) L115.RoundTop-Newberry-Cly (Sctnlz F)
BENTMOUN138 KV  BEN-CLE1,BENTMOUN_138 KV_BEN-CLE1:L345.Cloverdale-MattFunk,BENTMOUN 138KV - CLEARBRO 138KV (BENTMOUN 138 KV BEN-CLE1) L345.Cloverdale-MattFunk
YUKON TRAN 4 XFORMER H 500 KV,MEADOWBR_500 KV_TRAN 4:500/138.MeadowBrook.T1&T3 (Sctnlz F),YUKON    TRAN  4  XFORMER   H  500 KV 500/138.Yukon.T1 & T3 (Sctnlz F)
COOP_EK 161 KV  COO-ELIH,COOP_EK_161 KV_COO-ELIH:ACTUAL,ELIHU 161KV - COOP_EK 161KV (COOP_EK 161 KV COO-ELIH) BASE
YUKON TRAN 4 XFORMER H 500 KV,APSouth Interface:L500.RhodesLane-Yukon.517,YUKON    TRAN  4  XFORMER   H  500 KV L500.Hatfield-RhodesLane.517
REDLION 230 KV  RED-SIL1,REDLION_230 KV_RED-SIL1:L230.RedLion-SilverRun.2,REDLION 230KV - SILVERUN 230KV (REDLION 230 KV RED-SIL2) 500/230.HopeCreek.500-1 + L230.HopeCreek-SilverRun
EMILIE 230 KV EMILIE EMIL7TR XFORMER,EMILIE_230 KV_EMIL7TR:L230.Emilie-Eddington-Croydon,EMILIE  230 KV  EMIL7TR Emilie-Eddington-Croydon 230 kV line
BUTLER  69 KV   BUT-VIN,BUTLER_69 KV_BUT-VIN:L69.Monroe-Vineland.0711,BUTLER 69KV - VINELAND 69KV (BUTLER 69 KV BUT-VIN) L69.Monroe-Vineland.0711
ENTRPRIS230 KV  2186A,ENTRPRIS_230 KV_2186A:L230.PleasntView-EdwardsFerry-Dickerson.23111/203A,SHELHORN 230KV - ENTRPRIS 230KV (ENTRPRIS 230 KV 2186A) L230.PleasntView-EdwardsFerry-Dickerson.23111/203A
VIENNA 138 KV VIENNA 8110 CB,VIENNA_230 KV_AT20:L230.CedarCreek-SilverRun.23030,VIENNA 230KV - VIENNA 138KV (VIENNA 230 KV AT20) L230.CedarCreek-SilverRun.23030
ETOWANDA_230KVETO-HIL_1_LN,ETOWANDA_230 KV_ETO-HIL:L500.Hopatcong-Lackawanna.5063,ETOWANDA 230KV - HILLSIDE 230KV (ETOWANDA 230 KV ETO-HIL) L500.Hopatcong-Lackawanna.5063
ARSENAL 345 KV ARSENAL -BRUNOTIS ARS-BRU1,ARSENAL_345 KV_ARS-BRU1:ACTUAL,BRUNOTIS 345KV - ARSENAL 345KV (ARSENAL 345 KV ARS-BRU1) L345.Arsenal-BrunotIsland.306
OAKGREEN 115 KV OAKGREEN-MITCHLDP 2A,OAKGREEN_115 KV_2A:L500.Morrisville-Spotsylvania.594,OAKGREEN 115KV - MITCHLDP 115KV (OAKGREEN 115 KV 2A) L500.Morrisville-Spotsylvania.594
OREGONDP115 KV  ORE-PEA,OREGONDP_115 KV_ORE-PEA:ACTUAL,OREGONDP 115KV - PEAISLAN 115KV (OREGONDP 115 KV ORE-PEA) BASE
ETOWANDA-NMESHOPP ETL 1057 B 115 KV,NMESHOPP_230 KV_#3 TX:L230.ETowanda-Hillside.2002 [NYISO],NMESHOPP 230KV - NMESHOPP 115KV (NMESHOPP 230 KV #3 TX) L230.ETowanda-Hillside.2002 [NYISO]
ALTAVSTA 138 KV ALTAVSTA TX4 XFORMER,ALTAVSTA_138 KV_TX4:L500.Carson-RogersRoad.585,ALTAVSTA 115KV - ALTAVSTA 138KV (ALTAVSTA 138 KV TX4) L500.Carson-RogersRoad.585
CUMB PL 230 KV  2,CUMB PL_230 KV_2:L230.WilliamsGrove-Cumberland+230/69.Cmbrlnd.T1,CUMB PL 230KV - CUMB PL 69KV (CUMB PL 230 KV 2) L230.WilliamsGrove-Cumberland+230/69.Cmbrlnd.T1
TERMINAL 345 KV TERMINAL 11 XFORMER,TERMINAL_345 KV_11:L345.Terminal-PortUnion.4513,TERMINAL 345KV - TERMINAL 138KV (TERMINAL 345 KV 11) L345.Terminal-PortUnion.4513
TODD HUNTER 15 345/138 KV L/O TODD HUNTER 16 345/138,TODDHUNT_345 KV_15:345/138.Todhunter.T16,Todd Hunter 345/138 17 l/o Todd Hunter 345/138 15 TODHUNTER  BK 15 TRANSFORMER
JUNIATA 2 XFORMER H 500 KV,JUNIATA_500 KV_2:ACTUAL,JUNIATA  1        XFORMER   H  500 KV BASE
ALLLUD4J 138 KV ALLLUD4J-ALLDAM6 ALJ-ALL,ALLLUD4J_138 KV_ALJ-ALL:L345.ErieSouth-ErieWest.3001,ALLLUD4J 138KV - ALLDAM6 138KV (ALLLUD4J 138 KV ALJ-ALL) L345.ErieSouth-ErieWest.3001
CHURCH 69 KV CHURCH-NEWMERED 6704-1,CHURCH_69 KV_CHU-NME:L230.Cartanza-SilverRun.23032,CHURCH 69KV - NEWMERED 69KV (CHURCH 69 KV CHU-NME) L230.Cartanza-SilverRun.23032
HOWARD2 138 KV  HOW-MEL1,HOWARD2_138 KV_HOW-MEL1:L345.EastLima-FostoriaCentral,MELMORE 138KV - HOWARD2 138KV (HOWARD2 138 KV HOW-MEL1) L345.EastLima-FostoriaCentral
HOMERCIT_230KVHOM-SHE_1_LN,HOMERCIT_230 KV_HOM-SHE:L500.Conemaugh-Keystone.5003,SHELOCTA 230KV - HOMERCIT 230KV (HOMERCIT 230 KV HOM-SHE) L500.Conemaugh-Keystone.5003
APSOUTH CONTINGENCY 56,TRANSFER INTERFACE: APSOUTH:Belmont / Stonewall CC,TRANSFER INTERFACE: APSOUTH Belmont.Stonewall.CC
3ROCKY 115 KV 3ROCKY -BATTLEBO 123A,3ROCKY_115 KV_123A:L230.Chinquapin-Everetts.2160,3ROCKY 115KV - BATTLEBO 115KV (3ROCKY 115 KV 123A) L230.Chinquapin-Everetts.2160
ATHENIA-KULLERRD J-1362 B 138 KV,ATHENIA_138 KV_ATH-FAI:L138.Athenia-KullerRoad.J-1362,ATHENIA 138KV - FAIRLAWN 138KV (ATHENIA 138 KV ATH-FAI) L138.Athenia-KullerRoad.J-1362
155 NELS345 KV  TR81CT-P,155 NELS_345 KV_TR82CT-P:345/138.155Nelson.TR81,155 NELS 1KV - 155 NELS 138KV (155 NELS 138 KV TR82CT-S) TEMP: 15503 & 345/138 Nelson TR81
LINWOOD2138 KV  LIN-MAK,LINWOOD2_138 KV_LIN-MAK:ACTUAL,MAKAHOY 138KV - LINWOOD2 138KV (LINWOOD2 138 KV LIN-MAK) BASE
AEP-DOM,AEP-DOM contingency 11 L500.502 Jct-Mt Storm (TRAIL),AEP-DOM contingency 11 L500.502Junction-MtStorm (TRAIL)
LOUDOUN4 500 KV LOUDOUN4 TX1 XFORMER,LOUDOUN4_500 KV_TX1:L500.Loudoun-Mosby.584A,LOUDOUN4 500KV - LOUDOUN4 230KV (LOUDOUN4 500 KV TX1) L500.Loudoun-Mosby.584A
BRUNNERI 230 KV BRUNNERI-MIDDLJCT #1 1056,BRUNNERI_230 KV_BRU-MID6:500/230.Conastone.500-4,BRUNNERI-MIDDLJCT #1 1056   A  230 KV (NUKE) L500.PeachBottom-Conastone.5012
PLEASNTV TX3 XFORMER L 230 KV,PLEASNTV_500 KV_TX3:L500.Brambleton-GooseCreek.558,PLEASNTV 500KV - PLEASNTV 230KV (PLEASNTV 500 KV TX3) L500.Brambleton-GooseCreek.558
CARL PN-ROXBURY KRG 1049 B 115 KV,CARL PN_115 KV_CAR-GAR:L115.MiddletownJct-Collins.975 (Sctnlz),CARL PN-ROXBURY KRG 1049    B  115 KV L115.MiddletownJct-Collins (Sctnlz)
STEELCTY_T5_500TR1_XF,STEELCTY_500 KV_TR1:L500.Hosensack-Steel City.5032,STEELCTY 500KV - STEELCTY 230KV (STEELCTY 500 KV TR1) L500.Hosensack-SteelCity.5032
4_QUAD_C_T4_345TR118_XF,4 QUAD C_345 KV_TR1 18:ACTUAL,4 QUAD C 18KV - 4 QUAD C 345KV (4 QUAD C 345 KV TR1 18) BASE
BAGLEY  230 KV  BAG-GRAC,BAGLEY_230 KV_BAG-GRAC:500/230.WaughChapel.500-1,GRACETON 230KV - BAGLEY 230KV (BAGLEY 230 KV BAG-GRAC) 500/230.WaughChapel.500-1
MADDOXCR345 KV  ELI-MAD,MADDOXCR_345 KV_ELI-MAD:ACTUAL,MADDOXCR 345KV - ELIMA 345KV (MADDOXCR 345 KV ELI-MAD) BASE
EDISON2 138 KV  EDI-GRA,EDISON2_138 KV_EDI-OLI1:ACTUAL,EDISON2 138 KV  EDI-GRA BASE
08LAPLJT138 KV  08L-SAN1,08LAPLJT_138 KV_08L-SAN1:L765.Marysville-Sorenson,08LAPLJT 138KV - SANDERSO 138KV (08LAPLJT 138 KV 08L-SAN1) L765.Marysville-Sorenson
SHAWVILL4.1 KV  BNK 14-T,SHAWVILL_4.1 KV_BNK 14-T:ACTUAL,SHAWVILL 1KV - SHAWVILL 4.16KV (SHAWVILL 4.1 KV BNK 14-T) BASE
ATHENIA 230 KV  ATH-BERA,ATHENIA_230 KV_ATH-BERA:L230.Bergen-Saddlebrook.C-2334,ATHENIA 230KV - BERGEN 230KV (ATHENIA 230 KV ATH-BERA) L230.Bergen-Saddlebrook.C-2334
NELSON 138 KV NELSON-VIENNA 13707,NELSON_138 KV_AT1:L138.Loretto-Vienna.13780,VIENNA 138KV - NELSON 138KV (NELSON 138 KV NEL-VIE) BASE
FRENCHSM 138 KV FRENCHSM-JUNCTION JST1,FRENCHSM_138 KV_FRE-JUN:L500.Bedington-Black Oak,JUNCTION 138KV - FRENCHSM 138KV (FRENCHSM 138 KV FRE-JUN) L500.Bedington-BlackOak
BIGPINET138 KV  BIG-KIS,BIGPINET_138 KV_BIG-KIS:345/138.Ashtabula.TR4,KISKIVAL 138KV - BIGPINET 138KV (BIGPINET 138 KV BIG-KIS) 345/138.Ashtabula.TR4
AEP-DOM CONTINGENCY 55,AEP-DOM Interface:L500.Greensville-RogersRoad.596 + Greensville.CC,AEP-DOM contingency 55 L500.Greensville-RogersRoad.596 + Greensville.CC
HALLWOOD 69 KV HALLWOOD-OAKHALL 6790-1,HALLWOOD_69 KV_HAL-OAK:L69.OakHall-Perdue-Tasley.6778,OAKHALL 69KV - HALLWOOD 69KV (HALLWOOD 69 KV HAL-OAK) L69.OakHall-Perdue-Tasley.6778
HARWOOD 230 KV HARWOOD-SUSQUEHA,HARWOOD_230 KV_HAR-SUS:L500.Susquehanna-Wescosville.5043,SUSQUEHA 230KV - HARWOOD 230KV (HARWOOD 230 KV HAR-SUS) L500.Susquehanna-Wescosville.5043
RICHMOND138 KV  RIC-SEL1,RICHMOND_138 KV_RIC-SEL1:L765.Marysville-Sorenson,SELMAPAR 138KV - RICHMOND 138KV (RICHMOND 138 KV RIC-SEL1) L765.Marysville-Sorenson
NMESHOPP 230 KV NMESHOPP 4TX 230 CB CB,NMESHOPP_230 KV_4 TX:ACTUAL,NMESHOPP230 KV  #3 TX ETOWANDA230 KV  LCK-NMESCB      OPEN    NMESHOPP115 KV  4TX115CBCB      OPEN    NMESHOPP230 KV  4 TX
REMNTNCT230 KV  299A,REMNTNCT_230 KV_299A:L500.Loudoun-Morrisville.569,MARSHRUN 230KV - REMNTNCT 230KV (REMNTNCT 230 KV 299A) L500.Loudoun-Morrisville.569
GRACETON 230 KV GRACETON-SAFEHARB 2303,GRACETON_230 KV_GRA-MANO:Dbl: Conastone-PB 5012 & OtterCk-Conastone 2302,GRACETON-SAFEHARB 2303      A  230 KV DBL.Conasto-PeachBot.5012 & OtterCrk-Conasto.2302
BLAIRSVE138 KV  BLA-SOC,BLAIRSVE_138 KV_BLA-SOC:L500.Cabot-Keystone.5002,BLAIRSVE 138KV - SOCIALHA 138KV (BLAIRSVE 138 KV BLA-SOC) L500.Cabot-Keystone.5002
NMESHOPP #3 TX    XFORMER   H  230 KV,NMESHOPP_230 KV_#3 TX:L500.Hopatcong-Lackawanna.5063,NMESHOPP 230KV - NMESHOPP 115KV (NMESHOPP 230 KV #3 TX) L500.Hopatcong-Lackawanna.5063
FARMVIEW138 KV  FRM-MIL,FARMVIEW_138 KV_FRM-MIL:230/138.CedarCreek.AT20,MILFORD 138KV - FARMVIEW 138KV (FARMVIEW 138 KV FRM-MIL) 230/138.CedarCreek.AT20
0703 138 KV 0703 3,0703_138 KV_0703 3:ACTUAL,0703    138 KV  0703 3 BASE
ATHENIA 138 KV ATHENIA-FAIRLAWN I-1361,ATHENIA_138 KV_ATH-FAI:L138.Fairlawn-Kuller Road.L-1364,ATHENIA-FAIRLAWN I-1361     B  138 KV L138.Fairlawn-Kuller Road.L-1364
NEWCARLI138 KV  NEW-PLE,NEWCARLI_138 KV_NEW-PLE:L765.Dumont-Sorenson,NEWCARLI 138KV - PLETCHER 138KV (NEWCARLI 138 KV NEW-PLE) L765.Dumont-Sorenson
HANOVER_69KVHAN-PAR_1_LN,HANOVER_69 KV_HAN-PAR:ACTUAL,HANOVER 69KV - PARRISPL 69KV (HANOVER 69 KV HAN-PAR) L230.Susquehanna-Palooka.1
VINELAND69 KV   0712,VINELAND_69 KV_0712:L69.Monroe-Vineland.0711,VINELAND69 KV   0712 L69.Monroe-Vineland.0711
DOEX530 345 KV  DOE-PIE2,DOEX530_345 KV_DOE-PIE2:ACTUAL,DOEX530 345KV - PIERCE 345KV (DOEX530 345 KV DOE-PIE2) L345.KygerCreek-Marquis
LAKEGEO - TOWERRD 138 KV L/O MICHCITY-BABCOCK 345 KV,LAKEGEOR_138 KV_LAK-TOW1:L345.Babcock-MichiganCity (NIPS),LAKEGEOR 138KV - TOWERRD 138KV (LAKEGEOR 138 KV LAK-TOW1) L345.Babcock-MichiganCity (NIPS)
LOGTOWN 138 KV  LOG-NDEL,LOGTOWN_138 KV_LOG-NDEL:138/69.Haviland.T4,LOGTOWN 138KV - NDELPHOS 138KV (LOGTOWN 138 KV LOG-NDEL) 138/69.Haviland.T4
BIGPINET138 KV  BIG-GAR,BIGPINET_138 KV_BIG-GAR:L345.Armstrong-HomerCity,BIGPINET 138KV - GARRNJCT 138KV (BIGPINET 138 KV BIG-GAR) L345.Armstrong-HomerCity
COOLSPRI69 KV   COL-HAR,COOLSPRI_69 KV_COL-HAR:L230.IndianRiver-Milford.23034,COOLSPRI 69KV - HARBESON 69KV (COOLSPRI 69 KV COL-HAR) L230.IndianRiver-Milford.23034
DAUPHIN 230 KV DAUPHIN-JUNIATA 1087,CARL PN_115 KV_CAR-GAR:L230.Dauphin-Juniata.1087 + 230/69.Dauphin.T2,SANDERSO 138KV - SANDERSO 13.8KV (SANDERSO 138 KV GSU1) L230.Dauphin-Juniata.1087 + 230/69.Dauphin.T2
HAYES_FE345 KV  TR1,HAYES_FE_345 KV_TR1:L345.Beaver-DavisBesse,HAYES_FE 345KV - HAYES_FE 138KV (HAYES_FE 345 KV TR1) L345.Beaver-Hayes
EWATERVT138 KV  EAS-HAR,EWATERVT_138 KV_EAS-HAR:ACTUAL,EWATERVT 138KV - HARTFORD 138KV (EWATERVT 138 KV EAS-HAR) BASE
CROZET 230 KV CROZET -DOOMS4 291A,CROZET_230 KV_291A:L500.Elmont-Cunningham.553,DOOMS4 230KV - CROZET 230KV (CROZET 230 KV 291A) L500.Elmont-Cunningham.553
BRANDONS 230 KV BRANDONS-WAUGHCHA 2342,BRANDONS_230 KV_BRA-WAU2:L230.Graceton-Bagley-RaphaelRoad.2313,WAUGHCHA 230KV - BRANDONS 230KV (BRANDONS 230 KV BRA-WAU2) L230.Graceton-Bagley-RaphaelRoad.2313
PIERCE  345 KV  PIE-DEA1,PIERCE_345 KV_PIE-DEA1:L345.EastBend-Terminal,DEARBORN 345KV - PIERCE 345KV (PIERCE 345 KV PIE-DEA1) L345.EastBend-Terminal
OX4 500 KV OX4 TX1 XFORMER,OX4_500 KV_TX1:L500.Ladysmith-Possum Point.568,OX4 500KV - OX4 230KV (OX4 500 KV TX1) L500.Ladysmith-Possum Point.568
155 NELS345 KV  TR81CT-P,155 NELS_345 KV_TR81CT-P:L345.Nelson-ElectricJunction.15502,155 NELS 345KV - 155 NELS 1KV (155 NELS 345 KV TR81CT-P) L345.Nelson-ElectricJunction.15502
FOX_HOLL161 KV  TR1,FOX_HOLL_161 KV_TR1:ACTUAL,FOX_HOLL161 KV  TR1 BASE
DEEPCRK 115 KV DEEPCRK-GARRETAP SDC 1059,DEEPCRK_115 KV_BK 1 11:ACTUAL,GARRETAP-PENNMAR 1059       A  115 KV L230.HomerCity-Shelocta-Keystone.2014
OLIVE   138 KV  2-S,OLIVE_138 KV_2-S:ACTUAL,OLIVE 138KV - OLIVE 1KV (OLIVE 138 KV 2-S) L345.Cook-Olive
155 NELS 345 KV 155 NELS TR81CT-P XFORMER,155 NELS_345 KV_TR82CT-P:345/138.155Nelson.TR81,155 NELS 1KV - 155 NELS 138KV (155 NELS 138 KV TR82CT-S) TEMP: 15503 & 345/138 Nelson TR81
CHESWICK138 KV  CHE-SPR,CHESWICK_138 KV_CHE-SPR:L138.Crescent-North.Z-21,SPRINGDA 138KV - CHESWICK 138KV (CHESWICK 138 KV CHE-SPR) L138.Crescent-North.Z-21
DOEX530_T1_345208T_XF,MARQUIS2_345 KV_XF2:L345.Marquis-DOEX530,NCROWNCI138 KV  NCR-THI1 Marquis2 XF3 and Marquis2-Doex530 345kV line
SHERWOOD-TRANSCO 91C B 115 KV,SHERWOOD_115 KV_91C:L500.Dooms-Cunningham.534,TRANSCO 115KV - SHERWOOD 115KV (SHERWOOD 115 KV 91C) L500.Dooms-Cunningham.534
NOTTINGH 230 KV NOTTINGHM 1-3 SER DEV,NOTTINGH_230 KV_2-3:L500.PeachBottom.BusTie.1,NOTTINGHM 2-3 SER DEV       A  230 KV L500.PeachBottom.BusTie.1
COLLIER 345 KV COLLIER T2 XFORMER,COLLIER_345 KV_T1:345/138.Collier.T2,COLLIER  T2       XFORMER   H  345 KV 345/138.Collier.T1
MICHIGAN CITY-TRAIL CREEK 138 L/O MICHIGAN CITY-BOSSERMAN 138 FG,DUNEACRE_138 KV_DUN-MIC1:Dune Acre-Michigan City #2,Michigan City-Trail Creek 138 l/o Michigan City-Bosserman 138 L138.Bosserman-MichiganCity
116 GOOD345 KV 11620,116 GOOD_345 KV_11620:345L11622 Goodings Grove-Elwood 345 kV Line,900 ELWO 345KV - 116 GOOD 345KV (116 GOOD 345 KV 11620) 345L11622 Goodings Grove-Elwood 345 kV Line
CONC BC 115 KV  CON-MON,CONC BC_115 KV_CON-MON3:L500.Brighton-Conastone.5011,MONUMEST 115KV - CONC BC 115KV (CONC BC 115 KV CON-MON3) L500.Brighton-Conastone.5011
CONASTON 230 KV CONASTON-NORTHWES 2322,NORTHWES230 KV 230-3 Conastone-Northwest (2322) 230 KV & N.West #2 tx,CONASTON-NORTHWES 2322      A  230 KV TEMP 5011 - 2304 -110511-110512
3ROCKY 115 KV 3ROCKY -BATTLEBO 123A,3ROCKY_115 KV_123A:L500.BrunswickSwitchingStationHeritage-Wake.570,3ROCKY 115KV - BATTLEBO 115KV (3ROCKY 115 KV 123A) L500.BrunswickSwitchingStationHeritage-Wake.570
ESAYRE 115 KV ESAYRE-NWAVERLY 1058 TIE,EVERTSUB_115 KV_EVE-STR:L230.ETowanda-Hillside.2002 [NYISO] + SPS.ESayre,NWAVERLY 115KV - ESAYRE 115KV (ESAYRE 115 KV ESA-NWA) L230.ETowanda-Hillside.2002 [NYISO]
NAMPTON_138KVNHA-SIE2_1_LN,NAMPTON_138 KV_NHA-SIE2:ACTUAL,SIEGFRIE 138KV - NAMPTON 138KV (NAMPTON 138 KV NHA-SIE2) BASE
CARL PN-GARDNERS 1049 B 115 KV,CARL PN_115 KV_CAR-ROX:Hunterstown-TexasEastern-Gardners (991) 115 kV lin,CARL PN 115KV - GARDNERS 115KV (CARL PN 115 KV CAR-GAR) Hunterstown-TexasEastern-Gardners (991) 115 kV lin
HINCHMAN_230KVHIN-JAC_1_LN,HINCHMAN_230 KV_HIN-JAC:ACTUAL,JACK PS 230KV - HINCHMAN 230KV (HINCHMAN 230 KV HIN-JAC) SandyPond.DC.Tie (NEISO) + LX.PratJct
ALLLUD4J 138 KV ALLLUD4J-ALLDAM6 ALJ-ALL,ALLLUD4J_138 KV_ALJ-ALL:ACTUAL,ALLLUD4J-ALLDAM6  ALJ-ALL   A  138 KV BUTL APS-KARNSCIT (APS)
BIGPINET138 KV  BIG-GAR,BIGPINET_138 KV_BIG-GAR:L345.ErieWest-Ashtabula-Perry,GARRNJCT 138KV - BIGPINET 138KV (BIGPINET 138 KV BIG-GAR) L345.ErieWest-Ashtabula-Perry
BAGLEY 230 KV BAGLEY -GRACETON BAG-GRA,BAGLEY_230 KV_BAG-GRA:L230.Conastone-Northwest.2322,GRACETON 230KV - BAGLEY 230KV (BAGLEY 230 KV BAG-GRA) L230.Conastone-Northwest.2322
PIERC_DK345 KV  PIE-PIE1,PIERC_DK_345 KV_PIE-PIE1:L345.Pierce-Foster,PIERCE 345KV - PIERC_DK 345KV (PIERC_DK 345 KV PIE-PIE1) L345.Pierce-Foster
ETOWANDA 230 KV ETOWANDA-HILLSIDE 2002 TIE,TGAS_115 KV_STR-GAS:L230.ETowanda-ScotchHollow-Grover-Marshall,ETOWANDA 230KV - HILLSIDE 230KV (ETOWANDA 230 KV ETO-HIL) L230.ETowanda-ScotchHollow-Grover-Marshall
BRAMBLET-EVRGREEN 2172B     A   230 KV,BRAMBLET_230 KV_BRA-EVRG:L230.PleasntView-EdwardsFerry-Dickerson.23111/203A,BRAMBLET 230KV - EVRGREEN 230KV (BRAMBLET 230 KV BRA-EVRG) L230.PleasntView-EdwardsFerry-Dickerson.23111/203A
COMMODORE 345-230 XFMR 2 L/O PRAIRIE STATE-MT VERNON 345,HILG_138 KV_HIL-TURK:Prairie State-W Mt. Vernon 345,Commodore 345-230 xfmr 2 l/o Prairie State-Mt Vernon 345 Prairie State-W Mt. Vernon 345
PLEASNTV-ASHBURN 274D A 230 KV,PLEASNTV_230 KV_274D:L230.PleasantView-Belmont.2180,PLEASNTV 230KV - ASHBURN 230KV (PLEASNTV 230 KV 274D) L230.PleasantView-Belmont.2180
12 DRESD 345 KV 12 DRESDEN 45TR83 CT,12 DRESD_138 KV_TR83CT-S:Dresden-Elwood 1222 345 kV line,12 DRESD 345KV - 12 DRESD 1KV (12 DRESD 345 KV TR83CT-P) L345.12 Dresden-900 Elwood.1222
DUPSEAFD-LAURELDP 6736 B 69 KV,LAURELDP_69 KV_LAU-SHA:230/138.Vienna.AT20,DUPSEAFD-LAURELDP 6736      A  69 KV 230/138.Vienna.AT20
BOSSERMN138 KV  BOS-BNI2,BOSSERMN_138 KV_BOS-BNI2:ACTUAL,BOSSERMN 138KV - BOSSERNI 138KV (BOSSERMN 138 KV BOS-BNI2) BASE
CRES DUQ 345 KV CRES DUQ T1 XFORMER,CRES DUQ_345 KV_T1:Clinton (DUQ) 345/138 KV TRANSFORMER,CRES DUQ T1       XFORMER   H  345 KV Clinton (DUQ) 345/138 KV TRANSFORMER
CLIN DUQ 138 KV CLINTON-FINDLAY Z-34,CLIN DUQ_138 KV_CLI-FIN:Collier - Clinton (DUQ) 345 KV LINE,CLIN DUQ 138KV - FINDLAY 138KV (CLIN DUQ 138 KV CLI-FIN) Collier - Clinton (DUQ) 345 KV LINE
11 FISK 138 KV  TR75R 12,11 FISK_138 KV_TR75R 12:ACTUAL,11 FISK 138KV - 11 FISK 12KV (11 FISK 138 KV TR75R 12) L138.11Fisk-840Quarry-126State.1106 + 11Fisk.TR71
DANVILLE-EDANVILL B 138 KV,EDANVILL230 KV 5 EAST DANVILLE YANCYTAP 230KV LINE,EDANVILL 138KV - DANVILLE 138KV (DANVILLE 138 KV DAN-EDA1) L500.BrunswickHeritage-Rawlings.591
SHENANGO-MASURY             A  138 KV,MASURY_138 KV_MAS-CRO1:L345.Niles-Shenango,SALTSPRG 138KV - MASURY 138KV (SALTSPRG 138 KV SAL-MAS1) L345.Niles-Shenango
CONASTON_230KVCNS-NOR1_1_LN,CONASTON_230 KV_CNS-NOR1:ACTUAL,CONASTON 230KV - NRTHWES2 230KV (CONASTON 230 KV CNS-NOR1) L500.Brighton-Conastone
MIDDLJCT 115 KV MIDDLJCT-YORKHAVE 978-1,MIDDLJCT_115 KV_5 TX RE:L230.Jackson-TMI.1051,MIDDLJCT 115KV - YORKHAVE 115KV (MIDDLJCT 115 KV MID-YOR8) L230.Jackson-TMI.1051
AMOS 765 KV AMOS 6 XFORMER,AMOS_765 KV_6:L765.Culloden-Gavin,AMOS 765KV - AMOS 138KV (AMOS 765 KV 6) L765.Culloden-Gavin
HILLSBOR138 KV  HIL-WIL1,HILLSBOR_138 KV_HIL-WIL1:ACTUAL,WILDCAT 138KV - HILLSBOR 138KV (HILLSBOR 138 KV HIL-WIL1) L345.MeldahlDamTap-Zimmer
78_FRANK_138KV135031_1_LN,78 FRANK_138 KV_13503 1:ACTUAL,78 FRANK138 KV  13503 1 345L12004T Lombard-Elmhurst & Elmhurst TR84
WESTGLOW138 KV  WES-WUR,WESTGLOW_138 KV_WES-WUR:L765.JacksonsFerry-Cloverdale + Relay.Fail,WESTGLOW 138KV - WURNO 138KV (WESTGLOW 138 KV WES-WUR) L765.JacksonsFerry-Cloverdale + Relay.Fail
ALLLUD4J_138KVALJ-ALL_1_LN,ALLLUD4J_138 KV_ALJ-ALL:L138.KiskiValley-AlleghenyLudlum2-ShaffersCorner,ALLLUD4J 138KV - ALLDAM6 138KV (ALLLUD4J 138 KV ALJ-ALL) L138.KiskiValley-BrackenRidge-ShaffersCorner
108 LOCK 345 KV 108 LOCK-935 KEND 10805,108 LOCK_345 KV_10805:ACTUAL,935 KEND 345KV - 108 LOCK 345KV (108 LOCK 345 KV 10805) BASE
ALLDAM6 138 KV ALLDAM6-KITTANNI SP-KT,ALLDAM6_138 KV_ALL-KIT:L345.ErieWest-Wayne.3004,ALLDAM6-KITTANNI SP-KT      A  138 KV 345/115.ErieWest.T1
CHALKPT 500 KV CHALKPT 500-6T XFORMER,CHALKPT_500 KV_500-6T:500/230.ChalkPoint.T5,CHALKPT 500KV - CHALKPT 230KV (CHALKPT 500 KV 500-6T) 500/230.ChalkPoint.T5
DANVILLE-EDANVILL B 138 KV,DANVILLE_138 KV_DAN-EDA1:L500.Cloverdale-Lexington.566,DANVILLE 138KV - EDANVILL 138KV (DANVILLE 138 KV DAN-EDA1) L500.Cloverdale-Lexington.566
ANACONDA115 KV  ANA-HART,ANACONDA_115 KV_ANA-HART:ACTUAL,HARTSMIL 115KV - ANACONDA 115KV (ANACONDA 115 KV ANA-HART) BASE
4 QUAD C345 KV  0405,4 QUAD C_345 KV_0405:ACTUAL,4 QUAD C 345KV - ROCK CRE 345KV (4 QUAD C 345 KV 0405) Mrgnvly -Tiffin 345 kV
BAYVIEW 69 KV BAYVIEW-EASTVILL 6750-1,EASTVILL_69 KV_EAS-KEN:ACTUAL,BAYVIEW-EASTVILL 6750-1     A  69 KV BASE
116 GOOD345 KV  11614 1,116 GOOD_345 KV_11614 1:L765.Collins - Plano.2315,116 GOOD 345KV - 11614 345KV (116 GOOD 345 KV 11614 1) L765.Collins - Plano.2315
SWLIMA  138 KV  SWL-WMO1,SWLIMA_138 KV_SWL-WMO1:L765.Maliszewski-Marysville,SWLIMA 138KV - WMOULTON 138KV (SWLIMA 138 KV SWL-WMO1) L765.Maliszewski-Marysville
955 RIVE138 KV  0704 5,955 RIVE_138 KV_0704 5:ACTUAL,955 RIVE 138KV - 0704 138KV (955 RIVE 138 KV 0704 5) BASE
DUCKCREE 138 KV DUCKCREE-MILL AEP 642,DUCKCREE_138 KV_DUC-MIL:ACTUAL,DUCKCREE 138KV - MILL AEP 138KV (DUCKCREE 138 KV DUC-MIL) BASE
DOEX530_T2_345203T_XF,MARQUIS2_345 KV_XF2:L345.Marquis-DOEX530,NCROWNCI138 KV  NCR-THI1 Marquis2 XF3 and Marquis2-Doex530 345kV line
KERR45 115 KV KERR45 -KERRDAM 45A,KERR45_115 KV_45A:L500.BrunswickSwitchingStationHeritage-Wake.570,KERR45 115KV - KERRDAM 115KV (KERR45 115 KV 45A) L500.BrunswickSwitchingStationHeritage-Wake.570
JOSHUAF2 765 KV JOSHUAF2 . 1 XFORMER,JOSHUAF2_765 KV_. 1:765/500.Cloverdale.T14,JOSHUAF2 765KV - JOSHUAF2 138KV (JOSHUAF2 765 KV .  1) 765/500.Cloverdale.T14
HAMPSHIR 138 KV HAMSHIR-RIDGELEY,HAMPSHIR_138 KV_HAM-RID:L500.Bedington-BlackOak,RIDGELEY 138KV - HAMPSHIR 138KV (HAMPSHIR 138 KV HAM-RID) L500.Bedington-BlackOak
EUGENE - CAYUGA 345 KV L/O KANSAS - SUGAR CREEK 345 KV,CAYUGA2_345 KV_CAY-CAY2:Kansas - Sugar Creek 345 kV,EUGENE 345KV - CAYUGA3 345KV (EUGENE 345 KV EUG-CAY1) Kansas - Sugar Creek 345 kV
CLOUD_115KVCLO-KERR_1_LN,CLOUD_115 KV_CLO-KERR:L500.Carson-Midlothian.563,CLOUD 115KV - KERRDAM 115KV (CLOUD 115 KV CLO-KERR) L500.Carson-Midlothian.563
BEAVER  138 KV  BEA-NAS1,GREENFOE_138 KV_GRE-NAS1:L345.Beaver-Hayes,NASA 138KV - BEAVER 138KV (BEAVER 138 KV BEA-NAS1) L345.Beaver-Hayes
BRUNOTIS138 KV BRU-FOR,BRUNOTIS_138 KV_BRU-FOR:ACTUAL,BRUNOTIS138 KV  BRU-FOR L345.Collier-Brunot Island.304
JACKSONS138 KV  JAC-PEA1,JACKSONS_138 KV_JAC-PEA1:ACTUAL,JACKSONS 138KV - PEAKCREE 138KV (JACKSONS 138 KV JAC-PEA1) BASE
3 POWERT138 KV  POW-TWRL,3 POWERT_138 KV_POW-TWRL:ACTUAL,3 POWERT 138KV - TWRL 138KV (3 POWERT 138 KV POW-TWRL) L345.Fargo-Sandbrg
ALLDAM6_138KVALL-KIT_1_LN,ALLDAM6_138 KV_ALL-KIT:ACTUAL,ALLDAM6 138 KV  ALL-KIT 500/230.Deans.500-1
GRACETON 230 KV GRACETON-SAFEHARB 2303,BAGLEY_230 KV_BAG-RAP5:L500.Brighton-Conastone.5011,GRACETON-SAFEHARB 2303      A  230 KV L500.Brighton-Conastone
EWAYNESB 138 KV EWAYNESB-RINGGOLD RWA1,EWAYNESB_138 KV_EWA-RIN:138/34.Guilford.T1 (Sctnlz F),RINGGOLD 138KV - EWAYNESB 138KV (EWAYNESB 138 KV EWA-RIN) 138/34.Guilford.T1 (Sctnlz F)
BOARDMAN138 KV BOA-SHE1,BOARDMAN_138 KV_BOA-SHE1:L345.Hoytdale-McClelland,SHENANGO 138KV - BOARDMAN 138KV (BOARDMAN 138 KV BOA-SHE1) L345.Hoytdale-McClelland
EDGEWOOD 115 KV EDGEWOOD-SHELOCTA LSH 1036,SHAWVILL_230 KV_BNK 1A-P:L115.Edgewood.Shelocta.1036 (Sctnlz),EDGEWOOD-SHELOCTA LSH 1036  B  115 KV Glory - Seward 115 kV line
ALDENE 230 KV ALD-SPRG,ALDENE_230 KV_ALD-SPRG:L500.Hopatcong-Roseland.5061,ALDENE 230KV - SPRINGRD 230KV (ALDENE 230 KV ALD-SPRG) L500.Hopatcong-Roseland.5061
MONTOUR 230 KV  MON-SAE2,MONTOUR_230 KV_MON-SAE2:L230.Clinton-Saegers,SAEGERS 230KV - MONTOUR 230KV (MONTOUR 230 KV MON-SAE2) L230.Clinton-Saegers
SANDERSO138 KV  SAN-08C,SANDERSO_138 KV_SAN-08C:ACTUAL,08CADIZ 138KV - SANDERSO 138KV (SANDERSO 138 KV SAN-08C) L230.Lanexa-Chickahominy.2024
TANNERSC345 KV  TAN-MIA1,TANNERSC_345 KV_TAN-MIA1:L765.Marysville-Sorenson,TANNERSC 345KV - MIAMIFOR 345KV (TANNERSC 345 KV TAN-MIA1) L765.Marysville-Sorenson
OX4     500 KV  571A,OX4_500 KV_571A:L500.Morrisville-Spotsylvania.594,POSSUMP4 500KV - OX4 500KV (OX4 500 KV 571A) L500.Morrisville-Spotsylvania.594
GREENE  345 KV  BK-N,GREENE_345 KV_BK-N:345/138.Greene.BK-S,SUGARCRE 345KV - SUGARCRE 138KV (SUGARCRE 345 KV BK-N) 345/138.Greene.BK-S
BRAMBLET-EVRGREEN 2172B     A   230 KV,EVRGREEN_230 KV_EVR-YARD:L230.GooseCreek-Ashburn-Beaumeade.227,BRAMBLET 230KV - EVRGREEN 230KV (BRAMBLET 230 KV BRA-EVRG) L230.GooseCreek-Ashburn-Beaumeade.227
MILLVILL_138KVMIL-SLE_1_LN,MILLVILL_138 KV_MIL-SLE:Bedington-Doubs (BED-DOU) 500 line,MILLVILL 138KV - SLEEPYHO 138KV (MILLVILL 138 KV MIL-SLE) L500.Bedington-Doubs
HOWARD2 138 KV  HOW-MEL1,HOWARD2_138 KV_HOW-MEL1:L345.SouthBerwick-FostoriaCentral,MELMORE 138KV - HOWARD2 138KV (HOWARD2 138 KV HOW-MEL1) L345.SouthBerwick-FostoriaCentral
REMNTNCT-MARSHRUN 299A B 230 KV,REMNTNCT_230 KV_299A:L230.Remington-RemingtonCT.2077,MARSHRUN 230KV - REMNTNCT 230KV (REMNTNCT 230 KV 299A) L230.Remington-RemingtonCT.2077
566_OAKB_138KV13506Z1_1_LN,566 OAKB_138 KV_13506 Z1:ACTUAL,13506 138KV - 566 OAKB 138KV (566 OAKB 138 KV 13506 Z1) BASE
NSALISBU 69 KV NSALISBUR-PEMBERTON 6701-1,LORETTO 138 KV AT1 Fruitland-Pemberton-North Salisbury (6701) 69 kV l,NSALISBUR-PEMBERTON 6701-1  B  69 KV L230.IndianRvr-PineyGrve.23002+230/138.PinyGr.AT20
MANS PN 115 KV MANS PN-NILESVAL NVM 1095,MANS PN_115 KV_MAN-NIL:L230.Moshannon-Chapman-Lobo-Marshall,MANS PN 115KV - NILESVAL 115KV (MANS PN 115 KV MAN-NIL) L230.Moshannon-Chapman-Lobo-Marshall
MIAMIFOR 345 KV MIAMIFOR 9 XFORMER,MIAMIFOR_345 KV_9:L345.MiamiFort-Terminal.4514,MIAMIFOR 345KV - MIAMIFOR 138KV (MIAMIFOR 345 KV 9) L345.MiamiFort-Terminal.4514
SPRUCE  138 KV  SPR-04L2,SPRUCE_138 KV_SPR-04L2:L345.Ashtabula-Perry,LEROYCEN 138KV - SPRUCE 138KV (SPRUCE 138 KV SPR-04L2) L345.Ashtabula-Perry
ALLDAM6_138KVALL-KIT_1_LN,ALLDAM6_138 KV_ALL-KIT:L500.Keystone-SouthBend.5001(513),ALLDAM6 138KV - KITTANNI 138KV (ALLDAM6 138 KV ALL-KIT) L500.Keystone-SouthBend.5001(513)
COLLIER 345 KV COLLIER T1 XFORMER,COLLIER_345 KV_T3:L345.Arsenal-Carson.307 & 345/138.Carson.T1,COLLIER  T2       XFORMER   H  345 KV 345/138.Collier.T1
POSSUMP4 200192       CB       230 KV,POSSUMP4_230 KV_2078Z:L500.NorthAnna-Spotsylvania.573,POSSUMP4 200192       CB       230 KV L500.NorthAnna-Spotsylvania.573
BERWICK 69 KV BERWICK-KOONSVIL,HUNLOCK_69 KV_HUN-KOO:L230.Harwood-Susquehanna.2,BERWICK-KOONSVIL            A  69 KV L230.Harwood-Susquehanna.2
LINE 69 KV MONR AE-VINELAND 0711-1,MONR AE_69 KV_MON-VINE:L138.Cumberland-Sherman.1415,MONR AE 69KV - VINELAND 69KV (MONR AE 69 KV MON-VINE) L138.Cumberland-Sherman.1415
DUMONT2 345 KV  DUM-ELD,DUMONT2_345 KV_DUM-ELD:ACTUAL,ELDERBER 345KV - DUMONT2 345KV (DUMONT2 345 KV DUM-ELD) BASE
MONTCO  138 KV  MON-PLY,MONTCO_138 KV_MON-PLY:ACTUAL,MONTCO 138KV - PLYMOUTH 138KV (MONTCO 138 KV MON-PLY) BASE
KENZIECR345 KV  TR1,KENZIECR_345 KV_TR1:L345.EastElkhart-Thomson,KENZIECR 345KV - KENZIECR 138KV (KENZIECR 345 KV TR1) L345.EastElkhart-Thomson
CHEOAH - ALCOA 161 KV L/O OCONEE - SOUTH HALL 500 KV,ALCOAPRI_161 KV_ALC-CHEO:Oconee-South Hall 500 kV,CHEOAHH4 161KV - ALCOAPRI 161KV (ALCOAPRI 161 KV ALC-CHEO) Oconee-South Hall 500 kV
CAPITOLH 138 KV CAPITOLH-CHEMICAL,CAPITOLH_138 KV_CAP-CHE1:L345.KanawhaRiver-Sporn,CHEMICAL 138KV - CAPITOLH 138KV (CAPITOLH 138 KV CAP-CHE1) L345.KanawhaRiver-Sporn
EAKRON  138 KV  EAK-HAY,EAKRON_138 KV_EAK-HAY:ACTUAL,EAKRON 138KV - HAYELMRZ 138KV (EAKRON 138 KV EAK-HAY) L345.Chamberlin-Hanna(OE)
MARDELA_69KVMAR-VIE_1_LN,MARDELA_69 KV_MAR-VIE:L138.Loretto-Vienna.13780,MARDELA 69 KV   MAR-VIE Vienna-Loretto (13780) 138 kV line
HARWOOD_230KVHAR-SIE_1_LN,HARWOOD_230 KV_HAR-SIE:L500.Breinigsville-Wescosville.5044,HARWOOD 230KV - SIEGFRIE 230KV (HARWOOD 230 KV HAR-SIE) L500.Breinigsville-Wescosville.5044
POSSUMP4 230 KV POSSUMP4 2078Z SER DEV,POSSUMP4_230 KV_2078Z:L500.Morrisville-Spotsylvania.594,POSSUMP4 2078Z    SER DEV   A  230 KV L500.Morrisville-Spotsylvania.594
EDGEMOOR 230 KV EDGEMOOR-HARMONY 23012,EDGEMOOR_230 KV_EDG-LIN:L500.HopeCreek-RedLion.5015,EDGEMOOR-HARMONY 23012      B  230 KV L500.HopeCreek-RedLion.5015
BUTL APS 138 KV BUTL APS-KARNSCIT KC-BT,BUTL APS138 KV BUT-KAR L345.ErieSouth-ErieWest.3001 + Seneca.1.Pump,BUTL APS 138KV - KARNSCIT 138KV (BUTL APS 138 KV BUT-KAR) L345.ErieSouth-ErieWest.3001
ROXBURY 115 KV ROXBURY-SHADEGAP KR 1075,SHADEGAP_115 KV_SHA-THR:Hunterstown-TexasEastern-Gardners (991) 115 kV lin,ROXBURY-SHADEGAP KR 1075    B  115 KV Hunterstown-TexasEastern-Gardners (991) 115 kV lin
FREMNT-FREMONTC A 138 KV,FREMNT_138 KV_FRE-WFR1:L345.FostoriaCentral-Lallendorf,FREMNT 138KV - FREMONTC 138KV (FREMNT 138 KV FRE-FRE1) L345.FostoriaCentral-Lallendorf
BATESVILLE - HUBBLE 138 KV L/O SORENSON - MARYSVILLE 765 KV,TRENTON2_138 KV_TRE-HUT1:L765.Marysville-Sorenson,BATESVIL 138KV - HUBBLE 138KV (BATESVIL 138 KV BAT-HUB1) L765.Marysville-Sorenson
LOCKWOOD 138 KV LOCKWOOD-RICHLND TIE,LOCKWOOD_138 KV_LOC-RIC1:L765.Maliszewski-Marysville,LOCKWOOD 138KV - RICHLND 138KV (LOCKWOOD 138 KV LOC-RIC1) L765.Maliszewski-Marysville
PLUM    138 KV  PLU-UNI,PLUM_138 KV_PLU-UNI:L500.Cabot-Cranberry,PLUM 138KV - UNIVERSA 138KV (PLUM 138 KV PLU-UNI) L500.Cabot-Cranberry
LAUREL 69 KV LAUREL-WOODSTOW 0740,LAUREL_69 KV_LAU-WOO:L69.Monroe-Vineland.0711,WOODSTOW 69KV - LAUREL 69KV (LAUREL 69 KV LAU-WOO) L69.Monroe-Vineland.0711
TWINBRAN345 KV  T-7,TWINBRAN_345 KV_T-7:L765.Dumont-Sorenson,TWINBRAN 345KV - TWINBRAN 138KV (TWINBRAN 345 KV T-7) L765.Dumont-Sorenson
BRAMBLET-EVRGREEN 2172B,EVRGREEN_230 KV_EVR-YARD:L230.Brambleton-PolandRoad.2183,BRAMBLET 230KV - EVRGREEN 230KV (BRAMBLET 230 KV BRA-EVRG) L230.Brambleton-PolandRoad.2183
AQUASCO 230 KV AQUASCO -CHALKPT AQU-CHA1,AQUASCO_230 KV_AQU-CHA1:ACTUAL,AQUASCO 230KV - CHALKPT 230KV (AQUASCO 230 KV AQU-CHA1) BASE
NORTHWEST TAP - WEST LAFAYETTE 138KV L/O SPRINGBORO - MONTICELLO 138KV,08NW TAP_138 KV_NWT-WES:Springboro - Monticello 138 kV,08NW TAP 138KV - WLAFYETT 138KV (08NW TAP 138 KV NWT-WLA) L138.Springboro-Monticello
NORRIS CITY N-CROSSVILL 138KV L/O NEWTON-XENIA 345KV,EFFGHMN3_138 KV_30516305:Newton-Casey 345 kV,NORRIS 3 138KV - CROSSVL3 138KV (NORRIS 3 138 KV 30439313) Xenia-Newton (31330323) 345 Line
BRAMBLET-EVRGREEN 2172B,BRAMBLET_230 KV_BRA-EVRG:L230.Beaumeade-DTC.2143,BRAMBLET 230KV - EVRGREEN 230KV (BRAMBLET 230 KV BRA-EVRG) L230.Beaumeade-DTC.2143
BRIDGEWA 230 KV BRIDGEWA-MIDDLESE I-1023,BRIDGEWA_230 KV_BRI-MID:L500.Branchburg-Deans.5019,BRIDGEWA 230KV - MIDDLESE 230KV (BRIDGEWA 230 KV BRI-MID) L500.Branchburg-Deans.5019
CANYON  -ETOWANDA CAN-EAS   B  230 KV,CANYON_230 KV_CAN-EAS:L230.ETowanda-Hillside.2002 [NYISO],CANYON 230KV - ETOWANDA 230KV (CANYON 230 KV CAN-EAS) L500.Breinigsville-Wescosville.5044
PLYMOUTH 230 KV PLYMOUTH-WHITPAIN 220-14,PLYMOUTH_230 KV_PLY-WHI4:WHITPAIN-PLYMOUTH MEETING 220-15,PLYMOUTH-WHITPAIN 220-14    B  230 KV L230.Whitpain-PlymouthMeeting.220-13
ERIEW 115 KV ERIEW-FAIRVIEW EWFE 998,FAIRVIEW_115 KV_FAI-GOR:ACTUAL,ERIEW-FAIRVIEW EWFE 998     A  115 KV L345.ErieSouth-ErieWest.3001
ASPENSLR115 KV  ASP-SHAD,ASPENSLR_115 KV_ASP-SHAD:ACTUAL,SHADEGAP 115KV - ASPENSLR 115KV (ASPENSLR 115 KV ASP-SHAD) L500.Bedington-BlackOak
112 WILT 765 KV 112 WILTON 65TR94 CT,112 WILT_765 KV_TR93CT-P:765/345.Wilton.TR94,112 WILT 345KV - 112 WILT 1KV (112 WILT 345 KV TR93CT-S) 765/345.Wilton.TR94
ARSENAL 138 KV  ARS-RIAZ,ARSENAL_138 KV_ARS-RIAZ:345/138.Carson.T1,ARSENAL 138KV - RIAZZI 138KV (ARSENAL 138 KV ARS-RIAZ) 345/138.Carson.T1
KENT 69 KV KENT-VAUGHN 6784-1,VAUGHN_69 KV_VAU-WEL:230/138.Milford.AT20,KENT 69KV - VAUGHN 69KV (KENT 69 KV KEN-VAU) 230/138.Milford.AT20
EDGEMOOR 230 KV EDGEMOOR-HARMONY 23012,NOTTINGH_230 KV_2-3:L500.Keeney-RockSprings.5025,EDGEMOOR 230KV - HARMONY 230KV (EDGEMOOR 230 KV EDG-HAR) L500.Keeney-RockSprings.5025
LOCKWOOD_138KVLOC-RIC1_1_LN,LOCKWOOD_138 KV_LOC-RIC1:138/69.EastLima.T3,LOCKWOOD 138KV - RICHLND 138KV (LOCKWOOD 138 KV LOC-RIC1) 138/69.EastLima.T3
PETERS 138 KV PETERS-UNIONJCT UNNJ-PTR,PETERS_138 KV_PET-UNI:L500.Hatfield-RhodesLane.517,UNIONJCT 138KV - PETERS 138KV (PETERS 138 KV PET-UNI) L500.Hatfield-RhodesLane.517
HALLBRAN 115 KV HALLBRAN-ALTAVSTA 191A,HALLBRAN_115 KV_191A:ACTUAL,HALLBRAN 115KV - ALTAVSTA 115KV (HALLBRAN 115 KV 191A) BASE
179_BLOO_T1_345TR84CT-P_XF,179 BLOO_345 KV_TR84CT-P:L345.Bloom-Burnham.17908 + 345/138.Burnham.TR81,179 BLOO 345KV - 179 BLOO 1KV (179 BLOO 345 KV TR84CT-P) L345.Bloom-Burnham.17908 + 345/138.Burnham.TR81
ASHBURN 230 KV  227A,ASHBURN_230 KV_227B:L230.EvergreenMills-Brableton.2172,ASHBURN-COCHRANM 227A       B  230 KV L230.EvergreenMills-Brableton.2172
TAZEWELL 138/345 XFMR 2 FLO POWERTON 6 UNIT,TAZEWEL2_345 KV_TR2:3 Powerton.U6,TAZEWEL2 138KV - TAZEWEL2 345KV (TAZEWEL2 345 KV TR2) 3 Powerton.U6
GOOSECRE500 KV  TX1,GOOSECRE_500 KV_TX1:ACTUAL,GOOSECRE 500KV - GOOSECRE 230KV (GOOSECRE 500 KV TX1) L500.Clifton-Mosby.559A
COOLSPRI-MILFORD 23069 B 230 KV,COOLSPRI_230 KV_COL-MIL:L230.IndianRiver-Milford.23034,MILFORD 230KV - COOLSPRI 230KV (COOLSPRI 230 KV COL-MIL) L230.IndianRiver-Milford.23034
CASYW-SULLIVAN 345 KV L/O BUNSONVIL-EUGENE 345 KV,REYNOLD2_138 KV_REY-17G1:Eugene-Bunsonville 345,CasyW-Sullivan 345 kV l/o Bunsonvil-Eugene 345 kV L345.Bunsonville-Eugene
REID 138 KV REID-RINGGOLD RCMO,REID_138 KV_REI-RIN:L500.Bedington-Doubs,REID-RINGGOLD RCMO          B  138 KV DBL:BRI-DOUBS & BOONSBRO BKR @ MARLOWE EDRT 524588
HAYES_FE345 KV  TR1,HAYES_FE_345 KV_TR1:L345.Beaver-DavisBesse,HAYES_FE 345KV - HAYES_FE 138KV (HAYES_FE 345 KV TR1) L345.Beaver-DavisBesse
20 BRAID 345 KV 20 BRAID-66 E FRN 2001,20 BRAID_345 KV_2001:L345.GoodingsGr-E.Frankfort.11602 & TR83 (S) 3-29,20 BRAID 345KV - 66 E FRN 345KV (20 BRAID 345 KV 2001) L345.GoodingsGr-E.Frankfort.11602 & TR83 (S) 3-29
GREYSPT 115 KV  GRE-RAP1,GREYSPT_115 KV_GRE-RAP1:L230.Fredericksburg-Birchwood.2083,GREYSPT 115KV - RAPPAHAN 115KV (GREYSPT 115 KV GRE-RAP1) L230.Fredericksburg-Birchwood.2083
TRENTON2138 KV  TRE-COL1,TRENTON2_138 KV_TRE-COL1:L345.TannersCreek-Dearborn.1,COLLEGEC 138KV - TRENTON2 138KV (TRENTON2 138 KV TRE-COL1) L345.TannersCreek-Dearborn.1
SIEGFRIE 4 XFORMER H 230 KV,SIEGFRIE_230 KV_4:ACTUAL,SIEGFRIE 4        XFORMER   H  230 KV L500.Susqhnna-Wscsvll-Albrts.5043/5044 + Wscsvl.T3
BAGLEY  230 KV  BAG-RAP5,BAGLEY_230 KV_BAG-RAP5:500/230.WaughChapel.500-4,BAGLEY 230KV - RAPHAERD 230KV (BAGLEY 230 KV BAG-RAP5) 500/230.WaughChapel.500-4
MAINESBG345 KV  T1,MAINESBG_345 KV_T1:ACTUAL,MAINESBG345 KV  T1 L230.ETowanda-Hillside.2002 [NYISO]
APSOUTH CONTINGENCY 47,APSOUTH contingency 47 L500.Cloverdale-Lexington.566,APSOUTH contingency 47 L500.Cloverdale-Lexington.566
DOEX530 345 KV  DOE-PIE1,DOEX530_345 KV_DOE-PIE1:L765.HangingRock-Jefferson,DOEX530 345KV - PIERCE 345KV (DOEX530 345 KV DOE-PIE1) L765.HangingRock-Jefferson
BETHELBO138 KV  BET-CON,BETHELBO_138 KV_BET-CON:ACTUAL,BETHELBO 138KV - CONNELSV 138KV (BETHELBO 138 KV BET-CON) BASE
LAYMAN_138KVLAY-WOL_1_LN,LAYMAN_138 KV_LAY-WOL:ACTUAL,LAYMAN  138 KV  LAY-WOL ___BELMONT 500/138 #1 & #2 (APS)
FLOWGATE MICHIGAN CITY-TRAIL CREEK 138 KV L/O OLIVE 345/138 KV,OLIVE_345 KV_OLI-OLIV:L765.Dumont-WiltonCenter.11215,Michigan City-Trail Creek 138 kV l/o Wilton Center-Dumont 765 kV L765.Dumont-WiltonCenter.11215
SUB 56-SUB 85 161KV L/O LOUISA-OAK GROVE 345KV,SB 71 6_161 KV_62230622:L345.Oakgrove-Louisa (MEC),SB 85 56 161KV - ROCK IS 161KV (ROCK IS 161 KV LN  4447) L345.Oakgrove-Louisa (MEC)
BOXWOOD_138KVBOX-CLI1_1_LN,BOXWOOD_138 KV_BOX-CLI1:L500.Cloverdale-Lexington.566,BOXWOOD 138KV - CLIFFORD 138KV (BOXWOOD 138 KV BOX-CLI1) L500.Cloverdale-Lexington.566
CLAYMONT_69KVCLA-NAA_1_LN,CLAYMONT_69 KV_CLA-NAA:230/138.Edgemoor.AT20,CLAYMONT 69KV - NAAMANS 69KV (CLAYMONT 69 KV CLA-NAA) 230/138.Edgemoor.AT20
EDGEWATE_138KVEDG-LOY_1_LN,LOYALHAN_138 KV_LOY-LUX:L500.Keystone-SouthBend.5001(513),EDGEWATE 138KV - LOYALHAN 138KV (EDGEWATE 138 KV EDG-LOY) L500.Keystone-SouthBend.5001(513)
15002_138KV15002B_1_LN,15002_138 KV_15002 B:ACTUAL,955 RIVE 138KV - 15002 138KV (15002 138 KV 15002 B) BASE
ERIEW 115 KV ERIEW-FAIRVIEW EWFE 998,FAIRVIEW115 KV FAI-GOR L345.ErieSouth-ErieWest.3001 + Seneca.1.Pump,ERIEW-FAIRVIEW EWFE 998     A  115 KV L345.ErieSouth-ErieWest.3001
HOMERCIT_230KVHOM-SHE_1_LN,HOMERCIT_230 KV_HOM-SHE:L500.Juniata-Keystone.5004,SHELOCTA 230KV - HOMERCIT 230KV (HOMERCIT 230 KV HOM-SHE) L500.Juniata-Keystone.5004
SEWARD 230 KV 9 TX,SEWARD_230 KV_9 TX:L230.HomerCity-Seward.2011,SEWARD 230KV - SEWARD 115KV (SEWARD 230 KV 9 TX) L230.HomerCity-Seward.2011
CARL_PN_115KVCAR-GAR_1_LN,CARL PN_115 KV_CAR-GAR:Hunterstown-TexasEastern-Gardners (991) 115 kV lin,CARL PN 115KV - GARDNERS 115KV (CARL PN 115 KV CAR-GAR) L115.Hunterstown-TexasEastern-Gardners.991
FRACKVIL 230 KV FRACKVIL-SIEGFRIE,FRACKVIL_230 KV_FRA-SIE:ACTUAL,FRACKVIL 230KV - SIEGFRIE 230KV (FRACKVIL 230 KV FRA-SIE) L500.Breinigsville-Wescosville.5044
11 FISK 138 KV  TR75B 12,11 FISK_138 KV_TR75B 12:ACTUAL,11 FISK 138KV - 11 FISK 12KV (11 FISK 138 KV TR75B 12) BASE
ALLENIM-RPMONE 345 KV  L/O HANGING ROCK - JEFFERSON 765 KV,ALLENIM_345 KV_ALL-RPM:L765.HangingRock-Jefferson,ALLENIM 345KV - RPMONE 345KV (ALLENIM 345 KV ALL-RPM) L765.HangingRock-Jefferson
116 GOOD345 KV  11622,116 GOOD_345 KV_11622:ACTUAL,900 ELWO 345KV - 116 GOOD 345KV (116 GOOD 345 KV 11622) L345.Lisle-Lockport.10801
COOK-OLIVE 345 KV L/O COOK-DUMONT 765 KV,DUMONT2_345 KV_DUM-STI1:L345.Cook-Olive,OLIVE 345KV - COOK 345KV (COOK 345 KV COO-OLI1) L765.Dumont-WiltonCenter.11215
ALLDAM6 138 KV ALLDAM6-KITTANNI SP-KT,ALLDAM6_138 KV_ALL-KIT:L230.HomerCity-Shelocta-Keystone.2014,ALLDAM6 138KV - KITTANNI 138KV (ALLDAM6 138 KV ALL-KIT) L230.HomerCity-Shelocta-Keystone.2014
HENRY-NEW CASTLE 138 L/O NOBLESVILLE-SANDERSON,08HENCO_138 KV_08H-NEW:Noblesville-Sanderson,08HENCO 138KV - NEWCAST2 138KV (08HENCO 138 KV 08H-NEW) Noblesville-Sanderson
JACK ME 115 KV JACK ME-MENGES 994-1,JACK ME_115 KV_JAC-NHA:TEMP L115.Menges-PH.Glatfelter.994,JACK ME 115KV - MENGES 115KV (JACK ME 115 KV JAC-MEN) 500/230.Hunterstown.T1
EBERSOLE138 KV  EBE-FOS2,EBERSOLE_138 KV_EBE-FOS2:L345.EastLima-FostoriaCentral,FOSTORIA 138KV - EBERSOLE 138KV (EBERSOLE 138 KV EBE-FOS2) L345.EastLima-FostoriaCentral
KENT 69 KV KENT-VAUGHN 6784-1,BRIDGEVI_69 KV_BRD-TAT:L69.Harrington-Wells-Vaughn-Kent.6784,BRIDGEVI69 KV   BRD-TAT L69.Harrington-Wells-Vaughn-Kent.6784
HOYTDAL2345 KV  1,HOYTDAL2_345 KV_1:345/138.Hoytdale.T2,LINE    138 KV  BUT-CABE LINE    345 KV  MAN-HOY1CMPLINE DUMMY   HOYTDAL2345 KV  102     CB      OPEN    HOYTDAL2345 KV  106
BULLRUN 230 KV  BUL-CLIF,BULLRUN_230 KV_BUL-CLIF:L230.Ox-Idylwood.2097,CLIFTON 230KV - BULLRUN 230KV (BULLRUN 230 KV BUL-CLIF) L230.Ox-Idylwood.2097
FORT ZUMWALD TAP - HUSTER 138 KV L/O SIOUX - BELLEAU 345 KV,FTZUM T3_138 KV_30604307:L345.Belleau-Sioux,FTZUM T3 138KV - HUSTER 3 138KV (FTZUM T3 138 KV 30604307) L345.Belleau-Sioux
BIGGRAVE_138KVBIG-GEO1_1_LN,BIGGRAVE_138 KV_BIG-GEO1:L138.Brues-Bethlehem-CountyLine-Sandhill,GEORGEWA 138KV - BIGGRAVE 138KV (BIGGRAVE 138 KV BIG-GEO1) L138.Brues-Bethlehem-CountyLine-Sandhill
WESTWOOD 345/138 BK1 L/O WESTWOOD 345/138 BK2,WESTWOOD_345 KV_1:WESTWOOD #2 345/138KV TRANSFORMER,WESTWOOD 345KV - WESTWOOD 138KV (WESTWOOD 345 KV 1) Westwood 345/138 XF2
BEAVER  138 KV  BEA-NAS1,BEAVER_138 KV_BEA-NAS1:L345.Beaver-DavisBesse,NASA 138KV - BEAVER 138KV (BEAVER 138 KV BEA-NAS1) L345.Beaver-DavisBesse
EDINBUR4 138 KV EDINBUR4 TX3 XFORMER,EDINBUR4_138 KV_TX3:L500.Loudoun-Meadowbrook.5535,EDINBUR4 138KV - EDINBUR4 115KV (EDINBUR4 138 KV TX3) L500.Loudoun-Meadowbrook.5535
37_NATOM_138KV11412_1_LN,37 NATOM_138 KV_11412:ACTUAL,37 NATOM138 KV  11412 345L2219T G Northbrook-Zion & North TR82 SPOG2-10
PRESTON_69KVPRE-TAN_1_LN,PRESTON_69 KV_PRE-TAN:230/138.Vienna.AT20,TANYARD 69KV - PRESTON 69KV (PRESTON 69 KV PRE-TAN) L230.Steele-Vienna.23085 & 230/138.Vienna.AT20
JACKSNVL138 KV  PAR-JACK,JACKSNVL_138 KV_PAR-JACK:ACTUAL,JACKSNVL 138KV - PARISTAP 138KV (JACKSNVL 138 KV PAR-JACK) L345.Spurlock-NorthClark
PRESTON 69 KV PRESTON-TODD 6716-6,TODD_69 KV_TOD-VNL:L69.Easton-EastonTap-Muni-Longwood-WyeMills.6707,TODD 69KV - PRESTON 69KV (PRESTON 69 KV PRE-TOD) L69.Easton-EastonTap-Muni-Longwood-WyeMills.6707
PRGEORGE230 KV  TX1,PRGEORGE_230 KV_TX1:ACTUAL,PRGEORGE 230KV - PRGEORGE 115KV (PRGEORGE 230 KV TX1) L230.Chesterfield-Hopewell.228
NSEAFORD138 KV NSE-SHA,NSEAFORD_138 KV_NSE-SHA:L230.CoolSprings-Milford.23069,SHARRING 138KV - NSEAFORD 138KV (NSEAFORD 138 KV NSE-SHA) L230.CoolSprings-Milford.23069
VIENNA 230 KV VIENNA AT20 TRANSFORMER,VIENNA_230 KV_AT20:L230.CedarCreek-SilverRun.23030,VIENNA 230KV - VIENNA 138KV (VIENNA 230 KV AT20) L230.CedarCreek-SilverRun.23030
OLIVE   345 KV  OLI-OLIV,OLIVE_345 KV_OLI-OLIV:L765.Collins - Plano.2315,OLIVUNPA 345KV - OLIVE 345KV (OLIVE 345 KV OLI-OLIV) L765.Collins - Plano.2315
JUNIATA 230 KV JUNIATA-LEWISTOW LJ 2015,JUNIATA_230 KV_JUN-LEW:L500.Conastone-PeachBottom.5012,JUNIATA 230KV - LEWISTOW 230KV (JUNIATA 230 KV JUN-LEW) L500.Conastone-PeachBottom.5012
KINGSCRK 69 KV KINGSCRK-WOVERDPL 6725-1,KINGSCRK_69 KV_KIN-WOR:ACTUAL,KINGSTON-WOVERDPL 6725-2    A  69 KV BASE
SIEGFRIE 230 KV SIEGFRIE 5 XFORMER,SIEGFRIE_230 KV_5:500/138.Wescosville.T3,SIEGFRIE 230KV - SIEGFRIE 138KV (SIEGFRIE 230 KV 5) 500/138.Wescosville.T3
PAYNE   69 KV   XF1,PAYNE_69 KV_XF1:ACTUAL,PAYNE 34.5KV - PAYNE 69KV (PAYNE 69 KV XF1) BASE
DOEX530 345 KV  DOE-PIE1,DOEX530_345 KV_DOE-PIE1:L345.KygerCreek-Marquis,DOEX530 345KV - PIERCE 345KV (DOEX530 345 KV DOE-PIE1) L345.KygerCreek-Marquis
BRAMBLET230 KV  BRA-EVRG,BRAMBLET_230 KV_BRA-EVRG:L230.Beaumeade-DTC.2143,BRAMBLET 230KV - EVRGREEN 230KV (BRAMBLET 230 KV BRA-EVRG) L230.Beaumeade-DTC.2143
SAXTON-THREESPR 2K 1062 A 115 KV,SAXTON_115 KV_SAX-THR:L500.Juniata-Keystone.5004,SAXTON-THREESPR 2K 1062     A  115 KV L500.Brighton-Conastone
115 BEDF138 KV  5103 7,115 BEDF_138 KV_5103 7:ACTUAL,115 BEDF 138KV - 5103 138KV (115 BEDF 138 KV 5103 7) BASE
GOUDEY 115 KV GOUDEY-LAURLAKE115 KVTIE,GOUDEY_115 KV_GOU-LAU:L500.Hopatcong-Lackawanna.5063,GOUDEY  115 KV  GOU-LAU L500.Hopatcong-Lackawanna.5063
STATELINE TR82 XF 345/138KV L/O BURNHAM-CALUMET-TAYLOR 345KV,7 STATE_345 KV_TR82CT:L345.177 Burnham-150 Calumet-153 Taylor.17724,7 STATE 345KV - 7 STATE 138KV (7 STATE 345 KV TR82CT) L345.177 Burnham-150 Calumet-153 Taylor.17724
LABADIE - GRAY - SUMMIT 2 345 KV L/O LABADIE - WILDWOOD -MASON 345 KV,GRAYSUM3_345 KV_GRA-LABA:Labadie - Wildwood - Mason 345 kV,LABADIE3 345KV - GRAYSUM3 345KV (GRAYSUM3 345 KV GRA-LABA) Labadie - Wildwood - Mason 345 kV
GILBERT 115 KV  GIL-GLEN,GILBERT_115 KV_GIL-GLEN:L230.MartinsCreek-MorrisPark-Gilbert.P-2016,GLENDON 115KV - GILBERT 115KV (GILBERT 115 KV GIL-GLEN) L230.MartinsCreek-MorrisPark-Gilbert.P-2016 w/LX
SKIMMER 115 KV SKIMMER 2 XFORMER,SKIMMER_115 KV_2:L138.NewLondon-Johnsonm-Otter-Altavista,SKIMMER 115KV - SKIMMER 69KV (SKIMMER 115 KV 2) L138.NewLondon-Johnsonm-Otter-Altavista
CARL PN-ROXBURY KRG 1049 B 115 KV,CARL PN_115 KV_CAR-ROX:500/230.Hunterstown.T1,CARL PN-ROXBURY KRG 1049    B  115 KV L115.MiddletownJct-Collins (Sctnlz)
ELECTRIC JUNCTION TR81 345/138KV L/O ELECTRIC JCT 345 KV-LOMBARD 11124 345KV,143 WOLF_138 KV_TR81CT-S:345L11124 Electric Jct-Lombard 345 kV Line,111 ELEC138 KV  TR81CT-S 345L11124 Electric Jct-Lombard 345 kV Line
MONROE - BROWNSTONE1 345 L/O MONROE - WAYNE 345,BAYSHOR2_345 KV_1:L345.Monroe-Wayne(DET),LINE    345 KV  Monroe-Wayne 345 l/o Monroe-Brownstown 1 345 FG LINE    345 KV  BRO-MON1CMPLINE DUMMY
BAGLEY  230 KV  BAG-RAP5,BAGLEY_230 KV_BAG-RAP5:500/230.WaughChapel.500-4,BAGLEY 230KV - RAPHAERD 230KV (BAGLEY 230 KV BAG-RAP5) 500/230.WaughChapel.500-1
CONCRDDP69 KV CON-LAU,CONCRDDP_69 KV_CON-LAU:L69.CoolSprings-Harbeson.6753,LAURELDP 69KV - CONCRDDP 69KV (CONCRDDP 69 KV CON-LAU) L69.CoolSprings-Harbeson.6753
CARL PN-ROXBURY KRG 1049 B 115 KV,CARL PN_115 KV_CAR-ROX:Hunterstown-TexasEastern-Gardners (991) 115 kV lin,ROXBURY 115KV - CARL PN 115KV (CARL PN 115 KV CAR-ROX) Hunterstown-TexasEastern-Gardners (991) 115 kV lin
103 LISL138 KV  10319 1,103 LISL_138 KV_10319 1:ACTUAL,103 LISL 138KV - 559 WOOD 138KV (103 LISL 138 KV 10319 1) BASE
3ROCKY 115 KV 3ROCKY -BATTLEBO 123A,3ROCKY_115 KV_123A:ACTUAL,3ROCKY 115KV - BATTLEBO 115KV (3ROCKY 115 KV 123A) L230.Hathaway-Hornertown.2056
63 SAWYE138 KV  1324 1,63 SAWYE_138 KV_1324 1:ACTUAL,63 SAWYE 138KV - 13 CRAWF 138KV (63 SAWYE 138 KV 1324 1) BASE
116 GOOD-900 ELWO 11622    B  345 KV,116 GOOD_345 KV_11622:L345.GoodingsGrove-Elwood.11620,900 ELWO 345KV - 116 GOOD 345KV (116 GOOD 345 KV 11622) L345.GoodingsGrove-Elwood.11620
BAGLEY  230 KV  BAG-RAP5,BAGLEY_230 KV_BAG-RAP5:L230.BrandonShores-WaughChapel.2343,BAGLEY 230KV - RAPHAERD 230KV (BAGLEY 230 KV BAG-RAP5) L230.BrandonShores-WaughChapel.2343
HAVILAND69 KV   HAV-LAT,HAVILAND_69 KV_HAV-LAT:ACTUAL,LATTYJCT 69KV - HAVILAND 69KV (HAVILAND 69 KV HAV-LAT) BASE
NAMPTON 138 KV  NHA-SIE2,NAMPTON_138 KV_NHA-SIE2:ACTUAL,SIEGFRIE 138KV - NAMPTON 138KV (NAMPTON 138 KV NHA-SIE2) BASE
MEHOOPAN115 KV  MEH-NME1,MEHOOPAN_115 KV_MEH-NME1:230/115.NorthMeshoppen.T3,MEHOOPAN 115KV - NMESHOPP 115KV (MEHOOPAN 115 KV MEH-NME1) 230/115.NorthMeshoppen.T3
HILLSDAL 230 KV HILLSDAL-NEWMILFR V-2222,HILLSDAL_230 KV_HIL-NEW:L500.Hopatcong-Ramapo.5018,NEWMILFR 230KV - HILLSDAL 230KV (HILLSDAL 230 KV HIL-NEW) L500.Hopatcong-Ramapo.5018
BENSONDP115 KV  BEN-COOL,BENSONDP_115 KV_BEN-COOL:ACTUAL,COOLSPR 115KV - BENSONDP 115KV (BENSONDP 115 KV BEN-COOL) L230.Chinquapin-Everetts.2160
HARWGATE 115 KV HARWGATE-LOCKS 100J,HARWGATE_115 KV_100J:L500.Morrisville-Spotsylvania.594,LOCKS 115KV - HARWGATE 115KV (HARWGATE 115 KV 100J) L500.Morrisville-Spotsylvania.594
CANTONCE 138 KV CANTONCE-CLOVEROE,CANTONCE_138 KV_CAN-CLO1:DTX138.Sunnyside.T5 & T6,CANTONCE 138KV - CLOVEROE 138KV (CANTONCE 138 KV CAN-CLO1) DTX138.Sunnyside.T5 & T6 + LX.Torrey&Sunnyside
HIGHLAOE138 KV  HIG-COM1,HIGHLAOE_138 KV_HIG-COM1:DBL:Hanna-Highland 345kv + Sammis-Wellsville 345kv,HIGHLAOE 138KV - COMERC 138KV (HIGHLAOE 138 KV HIG-COM1) DBL:Hanna-Highland 345kv + Sammis-Wellsville 345kv
0906 138 KV 0906 LINE 38L0906 2,0906_138 KV_0906 2:ACTUAL,0906    138 KV  0906 2 138L1808 Will Co-1808-Goodings Grove 138 kV Line
CHALKPT 230 KV  T2,CHALKPT_230 KV_T2:ACTUAL,CHALKPT 230KV - CHALKPT 69KV (CHALKPT 230 KV T2) 230/69.ChalkPoint.T1.T3
FARMERSV-RIDG PN RV 1048 A 115 KV,RIDG PN_115 KV_RID-WHE:L230.Forest-SquabHollow + SPS.Warren,RIDG PN 115KV - FARMERSV 115KV (FARMERSV 115 KV FAR-RID) BASE
AQUAHAR 230 KV  2119,AQUAHAR_230 KV_AQU-GAR1:L500.Midlothian-NorthAnna.576,AQUAHAR -GARRSNV  2119      A  230 KV L500.Midlothian-NorthAnna.576
OCRAN   115 KV  65A1,OCRAN_115 KV_65A1:L230.Fredericksburg-Birchwood.2083,WHITESTN 115KV - OCRAN 115KV (OCRAN 115 KV 65A1) L230.Fredericksburg-Birchwood.2083
HAYES_FE138 KV  AVE-HAYE,HAYES_FE_138 KV_AVE-HAYE:L345.Beaver-DavisBesse,HAYES_FE 138KV - AVERY 138KV (HAYES_FE 138 KV AVE-HAYE) L345.Beaver-Hayes
ALLDAM6 138 KV ALLDAM6-KITTANNI SP-KT,ALLDAM6_138 KV_ALL-KIT:L500.Cabot-Keystone.5002,ALLDAM6-KITTANNI SP-KT      A  138 KV MAXCR: 500/230.Keystone.T3+U1+U2+5001+02+03+04
CHARLERO138 KV  CHA-YUK,CHARLERO_138 KV_CHA-YUK:L500.Cabot-Cranberry,YUKON 138KV - CHARLERO 138KV (CHARLERO 138 KV CHA-YUK) L500.Cabot-Cranberry
PLUM    138 KV  PLU-UNI,PLUM_138 KV_PLU-UNI:ACTUAL,PLUM 138KV - UNIVERSA 138KV (PLUM 138 KV PLU-UNI) L138.PittsburghMills-Springdale
GRANDPT 138 KV GRANDPT-GUILFORD,GRANDPT_138 KV_GRA-GUI:L500.Bedington-Doubs,GUILFORD 138KV - GRANDPT 138KV (GRANDPT 138 KV GRA-GUI) L500.Bedington-Doubs
LENOX 115 KV LENOX-NMESHOPP NML 1090,LENOX_115 KV_LEN-NME:NineMile.U2 (NYISO),LENOX-NMESHOPP NML 1090     B  115 KV L345.HomerCity-Watercure [NYISO]
KYGERCRE345 KV  KYG-DOE3,KYGERCRE_345 KV_KYG-DOE3:L765.DonMarquis-HangingRock,KYGERCRE 345KV - DOEX530 345KV (KYGERCRE 345 KV KYG-DOE3) L765.DonMarquis-HangingRock
LAUREL 69 KV LAUREL-WOODSTOW 0740,LAUREL_69 KV_LAU-WOO:L230.Cumberland-Orchard.2314,WOODSTOW 69KV - LAUREL 69KV (LAUREL 69 KV LAU-WOO) L230.Cumberland-Orchard.2314
MADDOXCR345 KV  ELI-MAD,MADDOXCR_345 KV_ELI-MAD:L765.Marysville-Sorenson,MADDOXCR 345KV - ELIMA 345KV (MADDOXCR 345 KV ELI-MAD) L765.Marysville-Sorenson
15002 138 KV 15002 B,15002_138 KV_15002 B:ACTUAL,955 RIVE 138KV - 15002 138KV (15002 138 KV 15002 B) BASE
DOEX530 345 KV  DOE-PIE2,DOEX530_345 KV_DOE-PIE2:L345.OhioCentral-MuskingumRiver,DOEX530 345KV - PIERCE 345KV (DOEX530 345 KV DOE-PIE2) L345.OhioCentral-MuskingumRiver
DUNEACRE - MICHIGAN CITY 13843 138 KV L/O BURR OAK - HINSHAW 345 KV 34540,DUNEACRE_138 KV_DUN-MIC1:Dune Acre-Michigan City #2,DUNEACRE 138KV - MICHIGA2 138KV (DUNEACRE 138 KV DUN-MIC1) Burr Oak - Hinshaw 345kV
FEAGANSM 138 KV FEAGANSM-STONEWAL STM1,FEAGANSM_138 KV_FEA-STO:L500.Bedington-Black Oak,STONEWAL 138KV - FEAGANSM 138KV (FEAGANSM 138 KV FEA-STO) L500.Bedington-BlackOak
EPALMERT_230KVEPA-HAR_1_LN,EPALMERT_230 KV_EPA-HAR:L230.Columbia-Montour+230/69.Columbia.T2,HARWOOD 230KV - EPALMERT 230KV (EPALMERT 230 KV EPA-HAR) L230.Columbia-Montour+230/69.Columbia.T2
NEWLONDON-KOKOMOHP 230 L/O NEWLONDON-WEBSTER 230,KOKOMOPS_230 KV_KOK-NEW1:Webster - New London 230 kV,NEWLONDN 230KV - KOKOMOPS 230KV (KOKOMOPS 230 KV KOK-NEW1) Webster - New London 230 kV
OX4 500 KV OX4 TX2 XFORMER,HAYFIEL4_230 KV_241A:L500.Clifton-Ox.561+500/230.Clifton.TX2,OX4 230KV - GALLWSRD 230KV (OX4 230 KV 2097B) L500.Clifton-Ox.561+500/230.Clifton.TX2
FIVEFORK 115 KV FIVEFORK-ROCKRIDG 110511,FIVEFORK_115 KV_FIV-ROC1:L500.Brighton-Conastone,FIVEFORK-ROCKRIDG 110511    A  115 KV L500.Brighton-Conastone
NEWCARLI 138 KV NEWCARLI-MAPLNIPS TIE,NEWCARLI_138 KV_NEW-MAP2:345/138.Olive.T2(Sctnlz),MAPLNIPS 138KV - NEWCARLI 138KV (NEWCARLI 138 KV NEW-MAP2) 345/138.Olive.T2
BRANDONS 230 KV BRANDONS-WAUGHCHA 2342,HOWARD_230 KV_HOW-PUM:L230.WaughChapel-BrandonShores.2342,WAUGHCHA 230KV - BRANDONS 230KV (BRANDONS 230 KV BRA-WAU3) L230.WaughChapel-BrandonShores.2342
HEBRON 69 KV HEBRON-MARDELA 6708-2,HEBRON_69 KV_HEB-ROC:L138.Loretto-Vienna.13780,MARDELA-VIENNA 6708-1       A  69 KV L138.Loretto-Vienna.13780
N_LND10469 KV   NLN-NLON,N_LND104_69 KV_NLN-NLON:ACTUAL,N_LND104 69KV - N_LONDON 69KV (N_LND104 69 KV NLN-NLON) BASE
11 FISK 138 KV  TR75R 12,11 FISK_138 KV_TR75R 12:L138.Jefferson-Fisk.4523,11 FISK 138KV - 11 FISK 12KV (11 FISK 138 KV TR75R 12) L138.Jefferson-Fisk.4523
JOHNSONM-OTTER B 138 KV,JOHNSONM_138 KV_JOH-OTT1:L765.Cloverdale-JoshuaFalls,OTTER 138KV - JOHNSONM 138KV (JOHNSONM 138 KV JOH-OTT1) L765.Cloverdale-JoshuaFalls
PHILIPSB 115 KV PHILIPSBG-SHAWVILL SF 1079,PHILIPSB_115 KV_PHI-SHA:ACTUAL,PHILIPSB 115KV - SHAWVILL 115KV (PHILIPSB 115 KV PHI-SHA) BASE
SALTSPRG 138 KV SALTSPRG-MASURY,MASURY_138 KV_MAS-MAY1:L500.Cranberry-WylieRidge,SALTSPRG 138KV - MASURY 138KV (SALTSPRG 138 KV SAL-MAS1) L500.Cranberry-WylieRidge
SIEGFRIE 230 KV SIEGFRIE 5 XFORMER,SIEGFRIE_230 KV_5:L230.Hosensack-Wescosville + 230/138.Wescosvlle.T5,SIEGFRIE 230KV - SIEGFRIE 138KV (SIEGFRIE 230 KV 5) L230.Hosensack-Wescosville + 230/138.Wescosvlle.T5
EDISON2 138 KV  EDI-OLI1,EDISON2_138 KV_EDI-OLI1:ACTUAL,OLIVE 138KV - EDISON2 138KV (EDISON2 138 KV EDI-OLI1) RAS.L765.Jefferson-Rockport + Rockport.U1
LOUDOUN4 500 KV LOUDOUN4 TX1 XFORMER,WMORELN4_230 KV_TX1:L500.Loudoun-Mosby.502A,WMORELN4 230KV - WMORELN4 35KV (WMORELN4 230 KV TX1) L500.Loudoun-Mosby.502A
POWERTON-TOWERLINE 138 KV L/O ROCK FALL-SCHAUFF ROAD 138 KV,81 TOULO_138 KV_0321X:L138.133RockFall-187SchauffRoad.18702,3 POWERT 138KV - TWRL 138KV (3 POWERT 138 KV POW-TWRL) L138.133RockFall-187SchauffRoad.18702
EDISON2 138 KV  EDI-GRA,EDISON2_138 KV_EDI-OLI1:L765.Dumont-Sorenson,EDISON2 138 KV  EDI-GRA L765.Dumont-Sorenson
MIAMIFOR 345 KV MIAMIFOR 10 XFORMER,MIAMIFOR_345 KV_10:ACTUAL,MIAMIFOR345 KV  10 L345.East Bend-Terminal
SEWARD 115 KV SEWARD-TOWER51 H1H2 1097,SEWARD_115 KV_SEW-TOW:L500.Conemaugh-Keystone.5003,SEWARD 115KV - TOWER51 115KV (SEWARD 115 KV SEW-TOW) L500.Conemaugh-Keystone.5003
PENNTECH_T1_115115_13_XF,PENNTECH_115 KV_115_13:ACTUAL,PENNTECH 13.8KV - PENNTECH 115KV (PENNTECH 115 KV 115_13) BASE
TANNERSC-DEARBORN1 TIE A 345 KV,TANNERSC_345 KV_TAN-MIA1:L345.TannersCreek-EastBend,TANNERSC 345KV - DEARBORN 345KV (TANNERSC 345 KV TAN-DEA1) L345.TannersCreek-MiamiFort
EAGLEVAL115 KV  EAG-PHI,EAGLEVAL_115 KV_EAG-PHI:ACTUAL,EAGLEVAL 115KV - PHILIPSB 115KV (EAGLEVAL 115 KV EAG-PHI) BASE
CHALKPT 500 KV CHALKPT 500-5T XFORMER,CHALKPT_500 KV_500-6T:500/230.ChalkPoint.T5,CHALKPT 500KV - CHALKPT 230KV (CHALKPT 500 KV 500-5T) 500/230.ChalkPoint.T6
BRIERY 230 KV BRIERY -CLOVER 235A1,EDANVILL_230 KV_EDA-ROX1:L500.Carson-RogersRoad.585,BRIERY  230 KV  235A1 L500.Carson-RogersRoad.585
02LYONS_138KV02L-SILI_1_LN,02LYONS_138 KV_02L-SILI:ACTUAL,SILICATP 138KV - 02LYONS 138KV (02LYONS 138 KV 02L-SILI) BASE
HINCHMAN 230 KV HINCHMAN-JACK PS M-2239,HINCHMAN_230 KV_HIN-JAC:ACTUAL,JACK PS 230KV - HINCHMAN 230KV (HINCHMAN 230 KV HIN-JAC) SandyPond.DC.Tie (NEISO) + LX.PratJct
EDELPHOS69 KV   EDE-NDE,EDELPHOS_69 KV_EDE-NDE:L345.EastLima-MaddoxCreek,NDELPHOS 69KV - EDELPHOS 69KV (EDELPHOS 69 KV EDE-NDE) L345.EastLima-MaddoxCreek
MONTGOMERY-LABADIE 4 345 KV L/O BELLEAU-MONTGOMERY 345 KV,LABADIE3_345 KV_30886312:ENONTP 345-ENON 345 1-BELLEAU 345-MONTGMRY 345 1,MONTGMR3 345KV - LABADIE3 345KV (LABADIE3 345 KV 30886312) ENONTP 345-ENON 345 1-BELLEAU 345-MONTGMRY 345 1
MAHANSLA 138 KV MAHANS LANE-TIDD,TIDD_AEP_138 KV_B-S:L345.Tidd-Collier.301,TIDD_AEP 138KV - MAHANSLA 138KV (MAHANSLA 138 KV MAH-TID) L345.Tidd-Collier.301
COLUMBIA 138 KV COLUMBIA-NORTHEA2,COLUMBIA_138 KV_COL-NOR1:L765.Dumont-Sorenson,NORTHEA2 138KV - COLUMBIA 138KV (COLUMBIA 138 KV COL-NOR1) L765.Dumont-Sorenson
MAPLEOE_138KVMAP-ZEL_1_LN,MAPLEOE_138 KV_MAP-ZEL:L500.Cabot-Cranberry,MAPLEOE 138KV - ZELIENOP 138KV (MAPLEOE 138 KV MAP-ZEL) L500.Cabot-Cranberry
CANTONCE345 KV  TR1,CANTONCE_345 KV_TR1:L345.CantonCentral-SouthCanton,CANTONCE 345KV - CANTONCE 138KV (CANTONCE 345 KV TR1) L345.CantonCentral-SouthCanton
SHEFFIELD - CALUMET 138KV L/O WILTON CENTER - DUMONT 765 KV,17ROXANA_138 KV_17R-PRA1:Wilton Center-Dumont 765kV + Sheffield-Gary Ave 34,LINE    138 KV  Wolf Lake-Sheffield 138 kV l/o Dumont-Wilton Center 765 kV FG LINE    765 KV  DUM-WIL1CMPLINE DUMMY
BURMA_115KVBUR-PIN_1_LN,BURMA_115 KV_BUR-PIN:L230.Glade-Warren.2088,BURMA 115KV - PINEY 115KV (BURMA 115 KV BUR-PIN) L230.Glade-Warren.2088
HAYES_FE138 KV  AVE-HAYE,HAYES_FE_138 KV_AVE-HAYE:ACTUAL,HAYES_FE 138KV - AVERY 138KV (HAYES_FE 138 KV AVE-HAYE) L345.Beaver-Hayes
112 WILT 765 KV 112 WILTON 65TR93 CT,112 WILT_765 KV_TR93CT-P:L765.Collins - Plano.2315,112 WILT 1KV - 112 WILT 765KV (112 WILT 765 KV TR93CT-P) L765.Collins - Plano.2315
CHALKPT 500 KV CHALKPT 500-6T XFORMER,CHALKPT_500 KV_500-5T:L500.BurchesHill-Cheltenham.5071,CHALKPT 500KV - CHALKPT 230KV (CHALKPT 500 KV 500-6T) L500.BurchesHill-Cheltenham.5071
ASHBURN 230 KV  227A,PLEASNTV_230 KV_274D:L500.Brambleton-GooseCreek.558,ASHBURN-COCHRANM 227A       B  230 KV L500.Brambleton-GooseCreek.558
KEYSTONE 230 KV KEYSTONE-SHELOCTA KHC 2014,SHELOCTA_230 KV_NO2:L500.SouthBend-Yukon,KEYSTONE-SHELOCTA KHC 2014  A  230 KV L500.Juniata-Keystone.5004
FRACKVIL 230 KV FRACKVIL-SIEGFRIE,FRACKVIL230 KV FRA-SIE JUNIATA-SUNBURY (5046) 500KV LINE,FRACKVIL 230KV - SIEGFRIE 230KV (FRACKVIL 230 KV FRA-SIE) L500.Juniata-Sunbury.5046
JACK ME 115 KV JACK ME-MENGES 994-1,JACK ME_115 KV_JAC-NHA:TEMP L115.Menges-PH.Glatfelter.994,JACK ME 115KV - MENGES 115KV (JACK ME 115 KV JAC-MEN) 230/115.Hunterstown.TR2
FALLS 138 KV FALLS -STEELTAP FAL-STE,FALLS_138 KV_FAL-STE:L230.Croydon-Burlington.D-220-30,FALLS 138KV - STEELTAP 138KV (FALLS 138 KV FAL-STE) L230.Croydon-Burlington.D-220-30
BAGLEY 230 KV BAGLEY -RAPHAERD BAG-RAP,BAGLEY_230 KV_BAG-RAP:L230.Graceton-Bagley-RaphaelRoad.2305,BAGLEY 230KV - RAPHAERD 230KV (BAGLEY 230 KV BAG-RAP) L230.Graceton-Bagley-RaphaelRoad.2305
ETOWANDA 230 KV ETOWANDA-HILLSIDE 2002 TIE,ETOWANDA_230 KV_ETO-HIL:L230.Lackawanna-Oxbow-NMeshoppen (Sctnlz F),ETOWANDA 230KV - HILLSIDE 230KV (ETOWANDA 230 KV ETO-HIL) L230.Lackawanna-Oxbow-NMeshoppen (Sctnlz F)
GLASGOW 138 KV  GLA-KEE,GLASGOW_138 KV_GLA-KEE:L138.LumsPond-Reybold.13841,KEENEY 138KV - GLASGOW 138KV (GLASGOW 138 KV GLA-KEE) DTX138.LumsPond.T1
KOKOMO-TIPTON 230 L/O NUCOR-CAYUGA 345,KOKOMOPS_230 KV_KOK-TIP:L345.Cayuga-Nucor (CIN),KOKOMOPS 230KV - TIPTON W 230KV (KOKOMOPS 230 KV KOK-TIP) L345.Cayuga-Nucor (CIN)
N COULTERVILLE 138/230 XFMR FLO W FRANKFORT-E MT VERNON 345,E W FKF3_138 KV_EWF-JORD:Mt Vernon-EWFKF3 345 kV,N Coulterville 138/230 Xfmr flo W Frankfort-E Mt Vernon 345 Mt Vernon-EWFKF3 345 kV
OAKGREEN115 KV 11D,OAKGREEN_115 KV_11D:L500.Morrisville-Spotsylvania.594,ORANGE 115KV - OAKGREEN 115KV (OAKGREEN 115 KV 11D) L500.Morrisville-Spotsylvania.594
CRESCENT RIDGE - 7713 138 KV L/O HENNEPIN - EKS TAP3 - HKOK 1556 138 KV,BEAV DUQ_345 KV_1_3TIE:Crescent (DUQ) 345/138 KV #2 TRANSFORMER,Crescent Ridge - 7713 138 kV l/o Hennepin - EKS Tap3 - HKOK 1556 138 kV L138.Hennepin-EKS Tap3-HKOK.1556
SMITHTON 138 KV SMITHTON-YUKON SLJ-YU,SMITHTON_138 KV_SMI-YUK2:L500.502Junction-NorthLongview,YUKON 138KV - SMITHTON 138KV (SMITHTON 138 KV SMI-YUK2) L500.502Junction-NorthLongview
BED-BLA CONTINGENCY 28,BED-BLA contingency 28 L500.Bismark-Doubs,BED-BLA contingency 28 L500.Bismark-Doubs
DESOTO  138 KV  DES-SEL,DESOTO_138 KV_DES-SEL:L765.Flatlick-Marysville,DESOTO 138KV - SELMAPAR 138KV (DESOTO 138 KV DES-SEL) L765.Flatlick-Marysville
DUPSEAFD-LAURELDP 6736 B 69 KV,DUPSEAFD_69 KV_DUP-LAU:230/138.PineyGrove.AT20+L230.PinyGrve-IndinR.23002,DUPSEAFD-LAURELDP 6736      A  69 KV 230/138.Vienna.AT20
EWAYNESB 138 KV EWAYNESB-RINGGOLD RWA1,EWAYNESB_138 KV_EWA-RIN:L500.Bedington-BlackOak,EWAYNESB-RINGGOLD RWA1      B  138 KV L138.Bedington-Harmony Jct-Marlowe-Cherry Run
MITCHELL 138 KV MITCHELL-SHEPLJCT MI-SLJ,SHEPLJCT_138 KV_SHE-SMI:L500.Cabot-Keystone.5002,SHEPLJCT-SMITHTON SLJ-YU    B  138 KV L500.Cabot-Keystone.5002
64_BELLW_138KV51172_1_LN,64 BELLW_138 KV_5117 2:138L5105 GF McCook-Ridgeland 138 kV SPOG 2-25,5117 138KV - 64 BELLW 138KV (64 BELLW 138 KV 5117 2) 138L5105 GF McCook-Ridgeland 138 kV SPOG 2-25
LOGTOWN 138 KV  LOG-NDEL,LOGTOWN_138 KV_LOG-NDEL:L765.Maliszewski-Marysville,LOGTOWN 138KV - NDELPHOS 138KV (LOGTOWN 138 KV LOG-NDEL) L765.Maliszewski-Marysville
KERRDAM 115 KV 193D,KERRDAM_115 KV_193D:ACTUAL,KERRDAM 115 KV  193D L500.Carson-Clover.556
EDWSFERY230 KV 203A,EDWSFERY_230 KV_203A:L500.Doubs-GooseCreek.514,EDWSFERY 230KV - PLEASNTV 230KV (EDWSFERY 230 KV 203A) L500.Doubs-GooseCreek.514
LORETTO 138 KV LORETTO-VIENNA 13780,LORETTO_138 KV_LOR-VIE:L230.IndianRiver-Milford.23034,VIENNA 138KV - LORETTO 138KV (LORETTO 138 KV LOR-VIE) L230.IndianRiver-Milford.23034
BUTL APS 138 KV BUTL APS-KARNSCIT KC-BT,BUTL APS_138 KV_BUT-KAR:L230.HomerCity-Shelocta-Keystone.2014,BUTL APS 138KV - KARNSCIT 138KV (BUTL APS 138 KV BUT-KAR) L230.HomerCity-Shelocta-Keystone.2014
HANTHORN138 KV  HAN-THA,HANTHORN_138 KV_HAN-THA:L345.EastLima-SouthWestLima,THAYER 138KV - HANTHORN 138KV (HANTHORN 138 KV HAN-THA) L345.EastLima-SouthWestLima
SALTSPRG_138KVSAL-MAS1_1_LN,SALTSPRG_138 KV_SAL-MAS1:ACTUAL,SALTSPRG 138KV - MASURY 138KV (SALTSPRG 138 KV SAL-MAS1) L138.Lowellville-Lincoln Park
BATESVILLE-HUBBLE138 FLO TANNERSCREEK-DEARBORN 345,TRENTON2_138 KV_TRE-COL1:L345.TannersCreek-Dearborn.1,BATESVIL 138KV - HUBBLE 138KV (BATESVIL 138 KV BAT-HUB1) L345.TannersCreek-Dearborn.1
OTTCRKPL230 KV  OTT-YOR,OTTCRKPL_230 KV_OTT-YOR:L500.Hunterstown-Conastone.5013,YORKANA 230KV - OTTCRKPL 230KV (OTTCRKPL 230 KV OTT-YOR) L500.Hunterstown-Conastone.5013
FARMVIEW138 KV  FRM-MIL,FARMVIEW_138 KV_FRM-MIL:L230.IndianRiver-Milford.23034,MILFORD 138KV - FARMVIEW 138KV (FARMVIEW 138 KV FRM-MIL) L230.IndianRiver-Milford.23034
LEXINGTN 500 KV LEXINGTN TX3 XFORMER,HARRSNBG_230 KV_260A:L500.BathCounty-Lexington.547,LEXINGTN 500KV - LEXINGTN 230KV (LEXINGTN 500 KV TX3) L500.BathCounty-Lexington.547
CONASTON-PEACHBOT 5012 A 500 KV,CONASTON_500 KV_500-4:TEMP: TMI-PeachBot 5007 & PeachBot-Conastone 5012,PEACHBOT 500KV - CONASTON 500KV (CONASTON 500 KV CNS-PEA) L500.PeachBottom-TMI.5007
TURKEY HILL MASCOUTA 138 L/O ST FRANICOIS LUTESVIL 345,PRES_138 KV_PRE-TIBB:St. Francis-Lutesville 345kV,Turkey Hill Mascouta 138 l/o St Franicois Lutesvil 345 St. Francis-Lutesville 345kV
BERYL   138 KV  BER-MTZ,BERYL_138 KV_BER-MTZ:ACTUAL,MTZI APS 138KV - BERYL 138KV (BERYL 138 KV BER-MTZ) L500.Brighton-Conastone.5011
BOXCAR-E MAIN ST 138 KV L/O PANA - AUSTIN 345 KV,AUSTIN_138 KV_AUS-TAY:Pana - Austin 345 kV,Maroa E - Goose Creek 345 kV l/o Pana-Austin 345 kV Pana - Austin 345 kV
GARDNERS 115 KV GARDNERS-TEXSEAST GAR-TEX,GARDNERS_115 KV_GAR-TEX:L115.RoundTop-Newberry-Cly,TEXSEAST 115KV - GARDNERS 115KV (GARDNERS 115 KV GAR-TEX) L115.RoundTop-Newberry-Cly (Sctnlz F)
CONASTON_230KVCNS-NOR1_1_LN,CONASTON_230 KV_CNS-NOR1:L500.Bedington-BlackOak,CONASTON 230KV - NRTHWES2 230KV (CONASTON 230 KV CNS-NOR1) L500.Bedington-BlackOak
122 BELV 138 KV 122 BELV-15623 15623 2,122 BELV_138 KV_15623 2:L345.Byron-Wayne.0626,15623 138KV - 122 BELV 138KV (122 BELV 138 KV 15623 2) L345.Byron-Wayne.0626
ABINGDON 138 KV ABINGDON-CLINCHRI,ABINGDON_138 KV_ABI-CLI1:L765.Baker-Broadford,CLINCHRI 138KV - ABINGDON 138KV (ABINGDON 138 KV ABI-CLI1) L765.Baker-Broadford
HAMPSHIR_138KVHAM-RID_1_LN,HAMPSHIR_138 KV_HAM-RID:DBL:502JCT-MT.STORM (TRAIL) 500kV & MtStorm U2 CBs,RIDGELEY 138KV - HAMPSHIR 138KV (HAMPSHIR 138 KV HAM-RID) L500.502Junction-MtStorm (TRAIL)
HARRISN 138 KV  HAR-OST,HARRISN_138 KV_HAR-OST:ACTUAL,HARRISN 138KV - OST 138KV (HARRISN 138 KV HAR-OST) L500.BurchesHill-PossumPoint.560
VIENNA 13710 SER DEV,VIENNA_138 KV_13710:L230.IndianRiver-Milford.23034,VIENNA 13710 SER DEV L230.IndianRiver-Milford.23034
HAVILAND69 KV   HAV-NVA,HAVILAND_69 KV_HAV-NVA:L138.AllenIM-Tillman-TimberRoad,NVANWERT 69KV - HAVILAND 69KV (HAVILAND 69 KV HAV-NVA) L138.AllenIM-Tillman-TimberRoad
ELANCAST138 KV  ELA-PRI1,ELANCAST_138 KV_ELA-PRI1:L500.Conastone-PeachBottom.5012,ELANCAST 138KV - PRINCEPL 138KV (ELANCAST 138 KV ELA-PRI1) L500.Conastone-PeachBottom.5012
JOSHUAF2_T1_765.1_XF,JOSHUAF2_765 KV_. 1:L500.Cloverdale-Lexington.566,JOSHUAF2 765KV - JOSHUAF2 138KV (JOSHUAF2 765 KV .  1) L500.Cloverdale-Lexington.566
BREWERSTREET - STABLE 138 KV L/O FERMI UNIT2,BRWSJ_138 KV_BRW-STAB:Fermi Unit 2,BRWSJ 138KV - STABL 138KV (BRWSJ 138 KV BRW-STAB) Fermi Unit 2
PIERCE 345/138 KV BK18 L/O TANNERS CREEK - MIAMI FORT 138 KV,BECKJORD_138 KV_PIE-BEC4:L345.Tanners Creek-Miami Fort,PIERC_DK 345KV - PIERC_DK 138KV (PIERC_DK 345 KV BK18) L345.TannersCreek-MiamiFort
BAGLEY  230 KV  BAG-GRAC,BAGLEY_230 KV_BAG-GRAC:L230.Graceton-FvFrks.110510 + 230/115.Grctn.230-1,GRACETON 230KV - BAGLEY 230KV (BAGLEY 230 KV BAG-GRAC) L230.Graceton-FvFrks.110510 + 230/115.Grctn.230-1
EDGEWATE 138 KV EDGEWATE-VASCOTAP SH-LH,EDGEWATE_138 KV_EDG-VAS:500/138.Yukon.T2,VASCOTAP 138KV - EDGEWATE 138KV (EDGEWATE 138 KV EDG-VAS) L500.SouthBend-Yukon
FREMNT-FREMONTC A 138 KV,FREMNT_138 KV_FRE-FRE1:L345.FostoriaCentral-Lemoyne,FREMNT 138KV - FREMONTC 138KV (FREMNT 138 KV FRE-FRE1) L345.FostoriaCentral-Lemoyne
7 STATE 138 KV STATELIN-17ROXANA TIE,17ROXANA_138 KV_17R-PRA1:Wilton Center-Dumont 765kV + Sheffield-Gary Ave 34,STATELIN-17ROXANA NIP TIE   A  138 KV L765.Dumont-Wilton Center.11215
MIAMIFOR 345 KV MIAMIFOR 9 XFORMER,MIAMIFOR_345 KV_9:L345.WestMilton-MiamiFort,MIAMIFOR 345KV - MIAMIFOR 138KV (MIAMIFOR 345 KV 9) L345.WestMilton-MiamiFort
STATE LINE-ROXANA 138 KV L/O SHEFFIELD 345/138 KV,7 STATE_345 KV_TR82CT:345/138.Sheffield.T2 (NIPS),7 STATE 138KV - 17ROXANA 138KV (7 STATE 138 KV STA-17R1) 345/138.Sheffield.T2 (NIPS)
EMILIE-ROLL PE 130-39 A 138 KV,FALLS_138 KV_FAL-STE:L500.NewFreedom-EastWindsor.5038,EMILIE 138KV - ROLL PE 138KV (EMILIE 138 KV EMI-ROL) L500.NewFreedom-EastWindsor.5038
MOROCCO-ALLENJUNCTION 345KV FLO LEMOYNE-MAJESTIC 345KV,LEMOYNE2_345 KV_MAJ-LEM1:L345.AllenJunction-Morocco (ITC) Tie,MAJESTIC 345KV - LEMOYNE2 345KV (LEMOYNE2 345 KV MAJ-LEM1) L345.AllenJunction-Morocco (ITC) Tie
CONEMAUG500 KV TX3,CONEMAUG_500 KV_TX3:L500.Conemaugh-Keystone.5003,CONEMAUG 500KV - CONEMAUG 230KV (CONEMAUG 500 KV TX3) L500.Conemaugh-Keystone.5003
SALTSPRG 138 KV SALTSPRG-MASURY,SALTSPRG_138 KV_SAL-MAS1:L345.Wellsville-Sammis,SALTSPRG 138KV - MASURY 138KV (SALTSPRG 138 KV SAL-MAS1) DBL:Hanna-Highland 345kv + Sammis-Wellsville 345kv
LONGWOOD 69 KV LONGWOOD-WYEMILLS 6707-3,BLOOMFLD_69 KV_BLO-EAS:L69.Easton-EastonTap-Muni-Longwood-WyeMills.6707,LONGWOOD-WYEMILLS 6707-3    B  69 KV 138/69.Easton.AT1 + L138.Steele-Easton.13712
MIAMIFOR 345 KV MIAMIFOR 10 XFORMER,MIAMIFOR_345 KV_10:L345.MiamiFort-Woodsdale.4592,MIAMIFOR 345KV - MIAMIFOR 138KV (MIAMIFOR 345 KV 10) L345.MiamiFort-Woodsdale.4592
08LAPLJT138 KV  08L-SAN1,08LAPLJT_138 KV_08L-SAN1:L345.EastLima-FostoriaCentral,SANDERSO 138KV - 08LAPLJT 138KV (08LAPLJT 138 KV 08L-SAN1) L345.EastLima-FostoriaCentral
FINLEY  138 KV  FIN-MIL,FINLEY_138 KV_FIN-MIL:ACTUAL,FINLEY 138KV - 02MLCRK 138KV (FINLEY 138 KV FIN-MIL) BASE
LICKRUN -ROCKWOOD LIC-ROC   A  115 KV,LICKRUN_115 KV_LIC-ROC:L115.Rockwood-Somerset,LICKRUN 115KV - ROCKWOOD 115KV (LICKRUN 115 KV LIC-ROC) L115.Rockwood-Somerset
TANNERS CREEK - MIAMI FORT 345 KV L/O MARYSVILLE - SORENSON 765 KV,TANNERSC_345 KV_TAN-DEA1:L345.Tanners Creek-Miami Fort,LINE    138 KV  Miami Fort-Hebron 138 kv l/o Tanners Creek-Dearborn 345 kV FG LINE    345 KV  TAN-DEA1CMPLINE DUMMY
BEATTY  138 KV  BEA-ZUB1,BEATTY_138 KV_BEA-ZUB1:L138.Bixby-LSII,BEATTY 138KV - ZUBER 138KV (BEATTY 138 KV BEA-ZUB1) L138.Bixby-LSII
HOWARD2-MELMORE B 138 KV,HOWARD2_138 KV_HOW-MEL1:L345.Beaver-DavisBesse,MELMORE 138KV - HOWARD2 138KV (HOWARD2 138 KV HOW-MEL1) L345.Beaver-DavisBesse
SPRUCE  138 KV  SPR-04S3,SPRUCE_138 KV_SPR-04S3:L345.Ashtabula-Perry,SPRUCE 138KV - SANBORN 138KV (SPRUCE 138 KV SPR-04S3) L345.Ashtabula-Perry
LAKVEW 138 KV LAKVEW-OTTAWATE,LAKVEW_138 KV_LAK-GRE1:L345.DavisBesse-Hayes,OTTAWATE 138KV - LAKVEW 138KV (LAKVEW 138 KV LAK-OTT1) L345.Beaver-DavisBesse
YORKANA B43 CB  230 KV,BAGLEY_230 KV_BAG-RAP5:L500.Brighton-Conastone.5011,JACK ME 230KV - YORKANA 230KV (JACK ME 230 KV JAC-YOR) DBL:Conastone.TX500-4 & L500.Brighton-Constne.5011
ELIMA   138 KV  ELI-NWL1,ELIMA_138 KV_ELI-NWL1:L345.EastLima-SouthWestLima,ELIMA 138KV - NWLIMA 138KV (ELIMA 138 KV ELI-NWL1) L345.EastLima-SouthWestLima
GEORGEWA 138 KV GEORGEWA-KAMMER2,GEORGEWA_138 KV_GEO-KAM:L138.Kammer-Natrium,GEORGEWA 138KV - NATRIUM2 138KV (GEORGEWA 138 KV GEO-NAT1) L138.Kammer-Natrium
SAKRON  230 KV  7,SAKRON_230 KV_7:L500.Conastone-PeachBottom.5012,SAKRON 230KV - SAKRON 138KV (SAKRON 230 KV 7) L500.Conastone-PeachBottom.5012
NELSON 345/138 TR82 L/O NELSON-ELECTRIC JCT 345,155 NELS_138 KV_TR82CT-S:L345.Nelson-Electric Junction.15502,Nelson 345/138 TR82 l/o Nelson-Electric Jct 345 L345.Nelson-Electric Junction.15502
DESOTO  138 KV  DES-SEL,DESOTO_138 KV_DES-SEL:L765.Maliszewski-Marysville,DESOTO 138KV - SELMAPAR 138KV (DESOTO 138 KV DES-SEL) L765.Maliszewski-Marysville
CRANBERY138 KV  CRA-HOY,CRANBERY_138 KV_CRA-HOY:L500.Cranberry-WylieRidge,CRANBERY 138KV - HOYTDAL2 138KV (CRANBERY 138 KV CRA-HOY) L500.Cranberry-WylieRidge
YUKON 500 KV YUKON TRAN 2 XFORMER,YUKON_500 KV_TRAN 6:L500.RhodesLane-Yukon.518,YUKON    TRAN  2  XFORMER   H  500 KV L500.RhodesLane-Yukon.518
KERRDAM 115 KV 193D,KERRDAM_115 KV_193D:L115.Carolina-Sockman-PleasantHillTap-Skippers.130,KERRDAM 115KV - KERRDP 115KV (KERRDAM 115 KV 193D) L115.Carolina-EatonsFerry-Kerrdam.22
DESOTO  345 KV  T2,DESOTO_345 KV_T2:ACTUAL,PIPECREE138 KV  MUL-PIP1 345/138.Desoto.T2
KUCHAR  138 KV  KUC-SIL,KUCHAR_138 KV_KUC-SIL:345/138.Olive.T2,KUCHAR 138KV - SILVERLK 138KV (KUCHAR 138 KV KUC-SIL) 345/138.Olive.T2
SHENANGO138 KV  SHE-SHA1,SHENANGO_138 KV_SHE-SHA1:ACTUAL,SHENANGO 138KV - SHARON 138KV (SHENANGO 138 KV SHE-SHA1) BASE
HAZARD_T2_1613_XF,STIFFIN_138 KV_T2 XF:ACTUAL,TRENTON2138 KV  TRE-HUT1 DUMONT 765-345KV T2 XF
ALLDAM6 138 KV ALLDAM6-KITTANNI SP-KT,ALLDAM6_138 KV_ALL-KIT:L500.SouthBend-Yukon,ALLDAM6-KITTANNI SP-KT      A  138 KV MAXCR: 500/230.Keystone.T3+U1+U2+5001+02+03+04
FRDRKSBG230 KV  2083A,FRDRKSBG_230 KV_2083A:ACTUAL,FRDRKSBG 230KV - BIRCHWD 230KV (FRDRKSBG 230 KV 2083A) BASE
50045005 59,50045005 59 L500.Hunterstown-Vinco.5068,TRANSFER INTERFACE: 50045005 L500.Hunterstown-Vinco.5068
NEWCARLI 138 KV NEWCARLI-MAPLNIPS TIE,NEWCARLI_138 KV_NEW-PLE:345/138.BentonHarbor.T1 (Sctnlz),MAPLNIPS 138KV - NEWCARLI 138KV (NEWCARLI 138 KV NEW-MAP2) 345/138.BentonHarbor.T1 (Sctnlz)
CUSHAW  115 KV  TX1,CUSHAW_115 KV_TX1:ACTUAL,CUSHAW 115KV - CUSHAW 2KV (CUSHAW 115 KV TX1) BASE
KEYSTONE B6 CB                 500 KV,JUNIATA_230 KV_JUN-LEW:L500.Conemaugh-Juniata.5005,KEYSTONE B6 CB                 500 KV L500.Conemaugh-Juniata.5005
ETOWANDA 230 KV ETOWANDA-HILLSIDE 2002 TIE,ETOWANDA_115 KV_ETO-NME:L230.Moshannon-Chapman-Lobo-Marshall,ETOWANDA 230KV - HILLSIDE 230KV (ETOWANDA 230 KV ETO-HIL) L230.Moshannon-Chapman-Lobo-Marshall
LADYSMTH-ELMONT4 574A A 500 KV,LADYSMTH_500 KV_574A:L500.Midlothian-NorthAnna.576,ELMONT4 500KV - LADYSMTH 500KV (LADYSMTH 500 KV 574A) L500.Midlothian-NorthAnna.576
ERDMAN  115 KV  ERD-PHI5,ERDMAN_115 KV_ERD-PHI5:ACTUAL,ERDMAN 115KV - PHILADRD 115KV (ERDMAN 115 KV ERD-PHI5) BASE
BEDINGTO_T2_500TRAN4_XF,BEDINGTO_500 KV_TRAN 4:L500.Bedington-Doubs,BEDINGTO500 KV  TRAN  4 L500.Bedington-Doubs
PRUNTYTO P11     CB      138 KV,PRUNTYTO_500 KV_TRAN 2:500/138.Pruntytown.Tran1 (Sctnlz),PRUNTYTO 500KV - PRUNTYTO 138KV (PRUNTYTO 500 KV TRAN  1) 500/138.Pruntytown.T3 & T4 (Sctnlz F)
FRANCISCO - DUFF 345 KV FLO GIBSON -ABBROWN 345 KV,DUFF_345 KV_DUF-FRC:Gibson-AB Brown 345 kV,Gibson-Francisco-345 kV l/o Gibson-Abbrown-345 kV Gibson-AB Brown 345 kV
ELIMA   345 KV  2-P,ELIMA_345 KV_2-P:345/138.FostoriaCentral.T1,ELIMA 345KV - ELIMA 1KV (ELIMA 345 KV 2-P) 345/138.FostoriaCentral.T1
CABINRUN230 KV  CAB-YARR,CABINRUN_230 KV_CAB-YARR:L230.Brambleton-PolandRoad.2183,YARDRIDG 230KV - CABINRUN 230KV (CABINRUN 230 KV CAB-YARR) L230.Brambleton-PolandRoad.2183
SWLIMA-WMOULTON             A  138 KV,WMOULTON_138 KV_WMO-CIT1:L345.SouthWestLima-Gristmill,SWLIMA 138KV - WMOULTON 138KV (SWLIMA 138 KV SWL-WMO1) L345.SouthWestLima-Gristmill
SHELOCTA_T1_230NO2_XF,SHELOCTA_230 KV_NO2:L230.HomerCity-Shelocta.2014 (Sctnlz),SHELOCTA230 KV  NO2 L345.Armstrong-HomerCity
BELLEAU - HUSTERA 138KV L/O LABADIE - MONTGOMERY 345KV,BELLEAU3_138 KV_LN 2656:Labadie - Montgomery 345kV,FTZUM T3 138KV - HUSTER 3 138KV (FTZUM T3 138 KV 30604307) Labadie - Montgomery 345kV
SHENANGO_138KVSHE-CRO2_1_LN,SHENANGO_138 KV_SHE-CRO2:L345.Hoytdale-McClelland,SHENANGO 138KV - CROSSFE 138KV (SHENANGO 138 KV SHE-CRO2) L345.Hoytdale-McClelland
911INDUS138 KV  911-NEWC,911INDUS_138 KV_911-NEWC:L345.Hoytdale-Mansfield,NEWCASOE 138KV - 911INDUS 138KV (911INDUS 138 KV 911-NEWC) L345.McClelland-Shenango & Hoytdale-Mansfield
51 MC CO345 KV  TR84_1,51 MC CO_345 KV_TR84_1:ACTUAL,51 MC CO 345KV - 51 MC CO 138KV (51 MC CO 345 KV TR84_1) L345.GoodingsGrove-Lockport.11604
BATESVILLE - HUBBLE 138KV L/O EASTBEND - TERMINAL 345 KV,MIAMIFOR_138 KV_MIA-CLI1:L345.EastBend-Terminal,BATESVIL 138KV - HUBBLE 138KV (BATESVIL 138 KV BAT-HUB1) L345.EastBend-Terminal
AEP-DOM,AEP-DOM for l/o Bath County-Valley:L500.BathCounty-Valley.548,AEP-DOM contingency 33 L500.BathCounty-Valley.548
PALISADES - ROOSEVELT 345KV L/O PALISADES - ARGENTA 2 345KV,PALISAD2_345 KV_PAL-ROO:L345.Argenta-Palisades.2,PALISAD2 345KV - ROOSEVLT 345KV (PALISAD2 345 KV PAL-ROO) L345.Argenta-Palisades.2
CLAYTOR 138 KV  CLA-SCH1,CLAYTOR_138 KV_CLA-SCH1:L765.JacksonsFerry-Cloverdale + 138CB.JF.L,CLAYTOR 138KV - SCHRISTI 138KV (CLAYTOR 138 KV CLA-SCH1) L765.JacksonsFerry-Cloverdale + 138CB.JF.L
APSOUTH CONTINGENCY 66,APSouth Interface:L500.FrontRoyal-WarrenCo.592 + FrontRoyal.CC,APSOUTH contingency 66 L500.FrontRoyal-WarrenCo.592 + FrontRoyal.CC
EBEND_345KVEBE-TER1_1_LN,EBEND_345 KV_EBE-TER1:L345.TannersCreek-Dearborn.1,EBEND 345KV - TERMINAL 345KV (EBEND 345 KV EBE-TER1) L345.TannersCreek-Dearborn.1
CLY 115 KV CLY-NEWBERRY 975-2,NEWBERRY_115 KV_NEW-ROU:Hunterstown-TexasEastern-Gardners (991) 115 kV lin,CLY 115KV - NEWBERRY 115KV (CLY 115 KV CLY-NEW) L115.Hunterstown-TexasEastern-Gardners.991
SHAWVILL115 KV  BNK 1A-S,SHAWVILL_115 KV_BNK 1A-S:L230.Elko-Quehanna-Moshannon,SHAWVILL 1KV - SHAWVILL 115KV (SHAWVILL 115 KV BNK 1A-S) L230.Elko-Quehanna-Moshannon
EDENSRID138 KV  EDE-IND1,EDENSRID_138 KV_EDE-IND1:ACTUAL,EDENSRID 138KV - INDIANSP 138KV (EDENSRID 138 KV EDE-IND1) L500.Broadford-Sullivan (TVA) Tie
TRENTON2 138 KV TRENTON2-HUTCHING TIE,COLLEGEC_138 KV_COL-COL6:L138.CollegeCorner-Trenton-Hutching,TRENTON2 138KV - HUTCHING 138KV (TRENTON2 138 KV TRE-HUT1) L765.Marysville-Sorenson
IRONWOOD_230KVIRO-NLE_1_LN,IRONWOOD_230 KV_IRO-NLE:ACTUAL,IRONWOOD 230KV - NLEBNON 230KV (IRONWOOD 230 KV IRO-NLE) BASE
CAPITALA138 KV  CAP-TWI,CAPITALA_138 KV_CAP-TWI:ACTUAL,TWINBRAN 138KV - CAPITALA 138KV (CAPITALA 138 KV CAP-TWI) L138.TwinBranch-BeechRoad-CountyRoad
MTSTORM4 500 KV MTSTORM-PRUNTYTO,IDYLWOO4_230 KV_202A:L500.Bedington-BlackOak,PRUNTYTO 500KV - MTSTORM4 500KV (MTSTORM4 500 KV MTS-PRU) L500.Bedington-BlackOak
MTZION  230 KV  MTZ-QUI4,MTZION_230 KV_MTZ-QUI4:L500.BurchesHill-PossumPoint.560,MTZION 230KV - QUINCEOR 230KV (MTZION 230 KV MTZ-QUI4) L500.BurchesHill-PossumPoint.560
OLIVE-UNIVPARK A 345 KV,OLIVE_345 KV_OLI-OLIV:L345.Braidwood-EastFrankfort.2001,OLIVE   345 KV  OLI-UNI1 L345.Braidwood-EastFrankfort.2001
PRUNTYTO_T3_500TRAN3_XF,PRUNTYTO_500 KV_TRAN 4:L500.FtMartin-Pruntytown.508,PRUNTYTO 500KV - PRUNTYTO 138KV (PRUNTYTO 500 KV TRAN  3) L500.FtMartin-Pruntytown.508
SMIT APS 138 KV SMIT APS-WYLIERID 214/WYR,SMIT APS_138 KV_SMI-WYL:L345.Toronto-WylieRidge,WYLIERID 138KV - SMIT APS 138KV (SMIT APS 138 KV SMI-WYL) L345.Toronto-WylieRidge
BUTL_APS_138KVBUT-KAR_1_LN,BUTL APS_138 KV_BUT-KAR:345/138.Ashtabula.TR4,BUTL APS 138KV - KARNSCIT 138KV (BUTL APS 138 KV BUT-KAR) 345/138.Ashtabula.TR4
SHENANGO138 KV  SHE-CRO1,SHENANGO_138 KV_SHE-CRO1:345/138.Hoytdale.T2,SHENANGO 138KV - CROSSFE 138KV (SHENANGO 138 KV SHE-CRO1) 345/138.Hoytdale.T2
CRISFIE 69 KV   CRI-KST,CRISFIE_69 KV_CRI-KST:ACTUAL,CRISFIE 69KV - KINGSTON 69KV (CRISFIE 69 KV CRI-KST) BASE
GRAND MOUND - MAQUOKETA 161 KV L/O ROCK CREEK - SALEM 345 KV,GR MND 6_161 KV_GRM-MQO6:Salem-Rock Crk 345,E. Calamus-Mqoketa 161 l/o Salem-Rock Crk 345 L345.Salem-RockCreek(MEC)
GERMANTO 115 KV GERMANTO-STRABAN 998,GERMANTO_115 KV_GER-STR:L500.Hunterstown-Conastone.5013+Cap,STRABAN 115KV - GERMANTO 115KV (GERMANTO 115 KV GER-STR) L500.Hunterstown-Conastone.5013
BLACKOAK 138 KV BLACKOAK-CROSSSCH BLA-CRS,BLACKOAK_138 KV_BLA-CRS:ACTUAL,CROSSSCH 138KV - BLACKOAK 138KV (BLACKOAK 138 KV BLA-CRS) BASE
FALCON  69 KV   FAL-20F1,FALCON_69 KV_FAL-20F1:L138.BigSandy-Inez,FALCON2 69KV - FALCON 69KV (FALCON 69 KV FAL-20F1) L138.BigSandy-Inez
BUREAU - LTVSTEEL 1552 138 KV,BUREAU_138 KV_BUR-LTVS:L138.Hennepin-LTVSteel-Woodhall,7713    -981 CRES 7713 2    B  138 KV L138.EastKewanee-PrinceTap-LTVSteel-Hennepin.1552
EDGEMOOR69 KV   EDG-WDPL,EDGEMOOR_69 KV_EDG-WDPL:ACTUAL,EDGEMOOR 69KV - WESTDPL 69KV (EDGEMOOR 69 KV EDG-WDPL) L69.BasinRd-WestDPL
GREYSPT 115 KV  GRE-RAP2,GREYSPT_115 KV_GRE-RAP2:L230.Fredericksburg-Birchwood.2083,GREYSPT 115KV - RAPPAHAN 115KV (GREYSPT 115 KV GRE-RAP2) L230.Fredericksburg-Birchwood.2083
STJOHNS4 230 KV STJOHNS4 TX2 XFORMER,STJOHNS4_230 KV_TX2:ACTUAL,STJOHNS4 230KV - STJOHNS4 115KV (STJOHNS4 230 KV TX2) BASE
SUGAR CREEK-DRESSER 345 KV L/O CAYUGA XF9,DRESSER_345 KV_DRE-MIR:Cayuga 2 Transformer 9,Sugar Creek-Dresser 345 kV l/o Cayuga XF9 Cayuga 2 Transformer 9
NMESHOPP-OXBOW ETL A 230 KV,NMESHOPP_230 KV_4 TX:L500.Hopatcong-Lackawanna.5063,OXBOW 230KV - NMESHOPP 230KV (NMESHOPP 230 KV NME-OXB) L500.Hopatcong-Lackawanna.5063
LAUSCHTO230 KV  LAU-SAK3,LAUSCHTO_230 KV_LAU-SAK3:L500.Conastone-PeachBottom.5012,LAUSCHTO 230KV - SAKRON 230KV (LAUSCHTO 230 KV LAU-SAK3) L500.Conastone-PeachBottom.5012
EASTON_T1_138AT-1_XF,EASTON_138 KV_AT-1:ACTUAL,PRESTON 69 KV   PRE-TAN 138/69.Easton.AT1 + L138.Steele-Easton.13712
CLAYMONT 69 KV CLAYMONT-NAAMANS 6834,CLAYMONT_69 KV_CLA-NAA:ACTUAL,CLAYMONT 69KV - NAAMANS 69KV (CLAYMONT 69 KV CLA-NAA) L230.Edgemoor-Harmony.23012
74 KEWAN138 KV  7405 2,74 KEWAN_138 KV_7405 2:L138.Keemin-18706-187SchauffRoad.18706,74 KEWAN-7405 7405 2        A  138 KV L138.Keemin-18706-187SchauffRoad.18706
PIERC_DK345 KV  BK17,PIERC_DK_345 KV_BK17:L345.Pierce-Foster,PIERC_DK 345KV - PIERC_DK 138KV (PIERC_DK 345 KV BK17) L345.Pierce-Foster
PRESTON 69 KV PRESTON-TODD 6716-6,PRESTON_69 KV_PRE-TOD:138/69.Easton.AT1 + L138.Steele-Easton.13712,PRESTON-TODD 6716-6         B  69 KV 138/69.Easton.AT1 + L138.Steele-Easton.13712
EDWSFERY_230KV23111_1_LN,EDWSFERY_230 KV_23111:L500.Doubs-GooseCreek.514,DICKERSO 230KV - EDWSFERY 230KV (EDWSFERY 230 KV 23111) L500.Doubs-GooseCreek.514
MIAMIFOR 345 KV MIAMIFOR 9 XFORMER,MIAMIFOR_345 KV_9:ACTUAL,MIAMIFOR 9        XFORMER   H  345 KV L345.Tanners Creek-Dearborn1
GRANDPT 138 KV GRANDPOI-LETTERKE GRP-RX/R,GRANDPT_138 KV_GRA-GUI:ACTUAL,GRANDPT 138KV - LETTERKE 138KV (GRANDPT 138 KV GRA-LET) 230/115.Lewistown.T3
ARSENAL 345 KV ARSENAL -BRUNOTIS ARS-BRU1,ARSENAL_345 KV_ARS-BRU1:L345.Arsenal-BrunotIsland.306,BRUNOTIS 345KV - ARSENAL 345KV (ARSENAL 345 KV ARS-BRU1) L345.Arsenal-BrunotIsland.306
CHARLTSV230 KV  233A1,CHARLTSV_230 KV_233A1:L500.Dooms-Cunningham.534,CHARLTSV 230KV - HYDROAD 230KV (CHARLTSV 230 KV 233A1) L500.Dooms-Cunningham.534
HUBBARDS138 KV  HUB-BIG1,HUBBARDS_138 KV_HUB-BIG1:L138.BigSandy-Inez,HUBBARDS138 KV  HUB-BIG1 L138.BigSandy-Inez
FALLS   138 KV  FALL1TR,FALLS_138 KV_FALL1TR:ACTUAL,FALLS 138KV - FALLS 35KV (FALLS 138 KV FALL1TR) BASE
EAKRON  138 KV  EAK-HAY,EAKRON_138 KV_EAK-HAY:L345.Hanna-Juniper,EAKRON 138KV - HAYELMRZ 138KV (EAKRON 138 KV EAK-HAY) L345.Hanna-Juniper
BUTL_APS_138KVBUT-KAR_1_LN,BUTL APS_138 KV_BUT-KAR:L345.ErieWest-Ashtabula-Perry + SPS.Warren,BUTL APS 138KV - KARNSCIT 138KV (BUTL APS 138 KV BUT-KAR) L345.ErieWest-Ashtabula-Perry
BATTLEBO_115KV1001A_1_LN,BATTLEBO_115 KV_1001A:L500.BrunswickSwitchingStationHeritage-Wake.570,BATTLEBO 115KV - CONSLDSL 115KV (BATTLEBO 115 KV 1001A) L500.BrunswickSwitchingStationHeritage-Wake.570
NELSON 138 KV NELSON-VIENNA 13707,VIENNA_138 KV_13710:L230.IndianRiver-Milford.23034,VIENNA 138KV - NELSON 138KV (NELSON 138 KV NEL-VIE) L230.IndianRiver-Milford.23034
CAYUGA3 - CAYUGA 345 KV L/O KANSAS - SUGAR CREEK 345 KV,CAYUGA2_345 KV_CAY-CAY2:Kansas - Sugar Creek 345 kV,CAYUGA3 345KV - CAYUGA2 345KV (CAYUGA2 345 KV CAY-CAY2) Kansas - Sugar Creek 345 kV
GILBERT 115 KV  GIL-GLEN,GILBERT_115 KV_GIL-GLEN:L230.MartinsCreek-Portland.1008,GILBERT 115KV - GLENDON 115KV (GILBERT 115 KV GIL-GLEN) L230.MartinsCreek-Portland.1008
LAYMAN_138KVLAY-WOL_1_LN,LAYMAN_138 KV_LAY-WOL:L500.Belmont-Harrison,WOLFCREE 138KV - LAYMAN 138KV (LAYMAN 138 KV LAY-WOL) L500.FlintRun-Harrison.598
PLEASNT 138 KV PLEASNT -STMARYS STM-PLE,PLEASNT_138 KV_STM-PLE:765/500.Belmont.T5 (Sctnlz),PLEASNT 138KV - STMARYS 138KV (PLEASNT 138 KV STM-PLE) 765/500.Belmont.T5 (Sctnlz)
13 CRAWF 345 KV 45L1309M,13 CRAWF_345 KV_1311:ACTUAL,13 CRAWF 345KV - 148 W LO 345KV (13 CRAWF 345 KV 1309) 13 CRAWFORD TR84
HOYTDAL2 138 KV HOYTDAL2-MAPLEOE,HOYTDAL2_138 KV_HOY-MAP1:L345.McClelland-Shenango,HOYTDAL2 138KV - MAPLEOE 138KV (HOYTDAL2 138 KV HOY-MAP1) L345.McClelland-Shenango
LEMOYNE2 B1           CB       345 KV,JOHNSOFE_138 KV_JOH-LAK2:Carlisle (FE) 345/138 kV Transformer,LEMOYNE2 B1           CB       345 KV Lemoyne (FE) 345/138 kV #2 Transformer
GLASGOW 138 KV  GLA-KEE,GLASGOW_138 KV_GLA-KEE:ACTUAL,KEENEY 138KV - GLASGOW 138KV (GLASGOW 138 KV GLA-KEE) L500.PeachBottom.BusTie.2
DAVISBES B34562 345 KV,DAVISBES B34562 CB 345 KV:L345.DAVISBESSE-LEMOYNE CB 65 outage forces interface CTG,DAVISBES B34562 345 KV 345/4.DavisBesse.TR01.StationService
JUNIATA 2 XFORMER H 500 KV,NOTTINGH_230 KV_2-3:L500.Juniata-TMI.5008,JUNIATA  1        XFORMER   H  500 KV TEMP:ALBURTIS-JUN. 5009+ JUN.-TMI 5008
FACEROCK69 KV   FAROZBR,FACEROCK_69 KV_FAROZBR:L500.Brighton-Conastone.5011,FACEROCK69 KV   FAROZBR L500.Brighton-Conastone.5011
COOPERPE230 KV  COO-GRA,COOPERPE_230 KV_COO-GRA:L500.Conastone-PeachBottom.5012,GRACETON 230KV - COOPERPE 230KV (COOPERPE 230 KV COO-GRA) L500.Conastone-PeachBottom.5012
ASPENSLR_115KVASP-ROXB_1_LN,ASPENSLR_115 KV_ASP-ROXB:L115.Hunterstown-TexasEastern-Gardners.991,ASPENSLR 115KV - ROXBURY 115KV (ASPENSLR 115 KV ASP-ROXB) L115.Hunterstown-TexasEastern-Gardners.991
MASURY  138 KV  MAS-CRO1,MASURY_138 KV_MAS-CRO1:L345.Hoytdale-McClelland,CROSSFE 138KV - MASURY 138KV (MASURY 138 KV MAS-CRO1) L345.Hoytdale-McClelland
BURMA 115 KV BURMA-PINEY BA,BURMA_115 KV_BUR-PIN:345/138.Ashtabula.TR4,BURMA 115KV - PINEY 115KV (BURMA 115 KV BUR-PIN) 345/138.Ashtabula.TR4
IDYLWOO4_230KV202A_1_LN,IDYLWOO4_230 KV_202A:L500.Burches Hill-Possum Point.560,IDYLWOO4 230KV - CLARK4 230KV (IDYLWOO4 230 KV 202A) L500.BurchesHill-PossumPoint.560
HAMPSHIR_138KVHAM-RID_1_LN,HAMPSHIR_138 KV_HAM-RID:ACTUAL,HAMPSHIR138 KV  HAM-RID MEADOW BROOK - GREENLAND GAP 500 KV LINE
CLOVERD2345 KV  3,CLOVERD2_345 KV_3:L765.Cloverdale-JoshuaFalls,CLOVERD2345 KV  11A L765.Cloverdale-JoshuaFalls
EDINBUR4138 KV  TX4,EDINBUR4_138 KV_TX4:L500.MtStorm-Valley.550,EDINBUR4138 KV  TX3 550 LINE: MTSTORM-VALLEY
0704_07013807043_1_LN,955 RIVE_138 KV_0704 5:ACTUAL,0704_07013807043_1_LN BASE
OLIVE   345 KV  OLI-OLIV,OLIVE_345 KV_OLI-OLIV:L765.Jefferson-Rockport,OLIVUNPA 345KV - OLIVE 345KV (OLIVE 345 KV OLI-OLIV) RAS.L765.Jefferson-Rockport + Rockport.U1
TANNERSC345 KV  TAN-MIA1,TANNERSC_345 KV_TAN-MIA1:L345.EastBend-Terminal,TANNERSC 345KV - MIAMIFOR 345KV (TANNERSC 345 KV TAN-MIA1) EastBend-Terminal + Dearborn-Pierce
STILLWELL - DUMONT 345KV L/O DUMONT - ELDERBERRY 345KV,DUMONT2_345 KV_DUM-STI1:L345.Dumont-Elderberry,STILLWEL 345KV - DUMONT2 345KV (DUMONT2 345 KV DUM-STI1) L345.Dumont-Elderberry
FOURRIVR 230 KV FOURRIVR-STJOHNS4 256A,FOURRIVR_230 KV_256A:L500.Midlothian-NorthAnna.576,FOURRIVR 230KV - STJOHNS4 230KV (FOURRIVR 230 KV 256A) L500.Midlothian-NorthAnna.576
DOEX530 345 KV  DOE-PIE1,DOEX530_345 KV_DOE-PIE1:L345.OhioCentral-MuskingumRiver,DOEX530 345KV - PIERCE 345KV (DOEX530 345 KV DOE-PIE1) L345.OhioCentral-MuskingumRiver
EBEND 345 KV EBEND-TERMINAL,EBEND_345 KV_EBE-TER1:L765.Marysville-Sorenson,EBEND 345KV - TERMINAL 345KV (EBEND 345 KV EBE-TER1) L765.Marysville-Sorenson
NEWCARLI 138 KV NEWCARLI-MAPLNIPS TIE,NEWCARLI_138 KV_NEW-MAP2:ACTUAL,NEWCARLI 138KV - MAPLNIPS 138KV (NEWCARLI 138 KV NEW-MAP2) L138.Bosserman-NewCarlisle
WAYNECK 161 KV  WAY-WYEK,WAYNECK_161 KV_WAY-WYEK:ACTUAL,WAYNECK 161KV - WYNCO_EK 161KV (WAYNECK 161 KV WAY-WYEK) BASE
EMPORIA 115 KV  TX2,EMPORIA_115 KV_TX2:ACTUAL,EMPORIA 115KV - EMPORIA 13KV (EMPORIA 115 KV TX2) L138.EastElkhart-Mottville
LAFAYETTE 138/230 TR1 FLO SORENSON-MARYSVIL 765KV,TRENTON2_138 KV_TRE-HUT1:L765.Marysville-Sorenson,HAVILAND 138KV - ELIMA 138KV (ELIMA 138 KV ELI-HAV1) L765.Marysville-Sorenson
EWAYNESB_138KVEWA-RIN_1_LN,EWAYNESB_138 KV_EWA-RIN:L138.Reid-Antrim (Sctnlz),RINGGOLD 138KV - EWAYNESB 138KV (EWAYNESB 138 KV EWA-RIN) L138.Reid-Antrim (Sctnlz)
TILTONS2 138 KV TILTONS2-WBELLAI2,TILTONS2_138 KV_TIL-WBE1:ACTUAL,TILTONS2-WBELLAI2           B  138 KV L500.Belmont-Harrison
NORTHLAKEGEORGE-BURLINGTON L/O UNIVERSITY-MUKWONAGO 138KV,BRLGTN43_138 KV_39267393:University-Mukwonago 138kV,NLK GV 3 138KV - BRLGTN43 138KV (BRLGTN43 138 KV 39267393) University-Mukwonago 138kV
LAYTOJCT138 KV  LAY-SMI,LAYTOJCT_138 KV_LAY-SMI:L500.502Junction-NorthLongview,SMITHTON 138KV - LAYTOJCT 138KV (LAYTOJCT 138 KV LAY-SMI) L500.502Junction-NorthLongview
02FOWLES_138KV02F-02P1_1_LN,02FOWLES_138 KV_02F-02P1:L345.Avonlake-Juniper,02FOWLES 138KV - PLSNTVLY 138KV (02FOWLES 138 KV 02F-02P1) L345.Avonlake-Juniper
WHITESTN 115 KV WHITESTN-HARMONYV 65A,HARMONYV_230 KV_TX2:L230.Fredericksburg-Birchwood.2083,WHITESTN-HARMONYV 65A       B  115 KV L230.Birchwood-Dahlgren.2145
AQUAHAR_230KVAQU-GAR1_1_LN,AQUAHAR_230 KV_AQU-GAR1:L500.LadySmth-Chancelr.581,AQUAHAR 230KV - GARRSNV 230KV (AQUAHAR 230 KV AQU-GAR1) L500.LadySmth-Chancelr.581
CRES_DUQ_138KVCRE-MTN_1_LN,CRES DUQ_138 KV_CRE-MTN:Crescent-Collier-Brunot 331 (DUQ) 345 KV LINE,CRES DUQ 138KV - MT NEBO 138KV (CRES DUQ 138 KV CRE-MTN) L345.Crescent-Collier-BrunotIsland.331
EBERSOLE138 KV  EBE-FOS2,EBERSOLE_138 KV_EBE-FOS2:ACTUAL,FOSTORIA 138KV - EBERSOLE 138KV (EBERSOLE 138 KV EBE-FOS2) L345.EastLima-FostoriaCentral
STATE LINE-WOLF LAKE 138 KV L/O STATE LINE-ROXANA 138 KV,7 STATE_138 KV_STA-17W1:138L13853 State Line-Roxana 138 kV Line,7 STATE 138KV - 17ROXANA 138KV (7 STATE 138 KV STA-17R1) 138L13803 State Line-Wolf Lake 138 kV Line
HYATTCS_345KVMAR-HYA2_1_LN,HYATTCS_345 KV_MAR-HYA2:L765.Maliszewski-Marysville,MARYSVI2 345KV - HYATTCS 345KV (HYATTCS 345 KV MAR-HYA2) L765.Maliszewski-Marysville
BENTONHA138 KV  BEN-CRY1,BENTONHA_138 KV_BEN-CRY1:L138.Riverside-MainStreet,BENTONHA 138KV - CRYSTAL 138KV (BENTONHA 138 KV BEN-CRY1) L138.Riverside-MainStreet
LENOX 115 KV LENOX-NMESHOPP NML 1090,LENOX_115 KV_LEN-NME:Lenox-NMeshopp 1090 & Lackawanna-OXBOW DBL,LENOX-NMESHOPP NML 1090     B  115 KV L345.HomerCity-Watercure [NYISO]
BRIGHTON 230 KV BRIGHTON-MTZION 23123,BRIGHTON_230 KV_BRI-BUR3:ACTUAL,BRIGHTON 230KV - MTZION 230KV (BRIGHTON 230 KV BRI-MTZ2) BASE
LACLEDESTEEL N-TP-MORO 138KV L/O MORO-ROXFORD 345KV,LAC N T3_138 KV_LAC-MORO:L345.Moro2-Roxford (Ameren),MORO2 138KV - LAC N T3 138KV (LAC N T3 138 KV LAC-MORO) L345.Moro2-Roxford (Amren)
LAKIN 138 KV LAKIN-SPORNAEP,LAKIN_138 KV_LAK-SPO1:765/138.NorthProctorville.T2,SPORNAEP 138KV - LAKIN 138KV (LAKIN 138 KV LAK-SPO1) 765/138.NorthProctorville.T2
NELSON TR84 345/138 KV L/O NELSON-H471 345 KV,155 NELS_138 KV_TR81CT-S:L345.155Nelson-H471.15504,155 NELS 345KV - 155 NELS 1KV (155 NELS 345 KV TR84CT-P) 155 Nelson-H471 (15504) 345 kV
BEDINGTO 500 KV BEDINGTO-BLACKOAK 500KV,BEDINGTO_500 KV_BED-BLA:L500.Conastone-PeachBottom.5012,MANOR 230KV - GRACETON 230KV (GRACETON 230 KV GRA-MANO) L500.Conastone-PeachBottom.5012
ASHBURN 230 KV  227A,PLEASNTV_230 KV_274D:L230.Brambleton-PolandRoad.2183,ASHBURN 230 KV  227A L230.Brambleton-PolandRoad.2183
YUKON    TRAN  2  XFORMER   H  500 KV,MEADOWBR_500 KV_TRAN 2:500/138.MeadowBrook.T1&T3 (Sctnlz F),YUKON    TRAN  2  XFORMER   H  500 KV 500/138.Yukon.T1 & T3 (Sctnlz F)
DELAWAIM T            CB       138 KV,DELAWAIM_138 KV_DEL-HOG1:345/138.Desoto.T1 (Sctnlz),DELAWAIM T            CB       138 KV L345.Desoto-FallCreek
COOK 345 KV COOK-OLIVE,COOK_345 KV_COO-OLI1:L765.Dumont-WiltonCenter.11215,OLIVE 345KV - COOK 345KV (COOK 345 KV COO-OLI1) L765.Dumont-WiltonCenter.11215
BRISTERS 500 KV BRISTERS TX1 XFORMER,POSSUMP4_500 KV_TX1:L500.Bristers-Ox.539,POSSUMP4 500KV - POSSUMP4 230KV (POSSUMP4 500 KV TX1) L500.Bristers-Ox.539
PLEASNT 138 KV PLEASNT -STMARYS STM-PLE,PLEASNT_138 KV_STM-PLE:L138.Kammer-Natrium,PLEASNT 138KV - STMARYS 138KV (PLEASNT 138 KV STM-PLE) L138.Kammer-Natrium
71 HIGGI 138 KV 71 HIGGIN 38L4607 LK,71 HIGGI_138 KV_4607:ACTUAL,71 HIGGI138 KV  4607 345L10803T R Lockport-McCook & McCook TR84
PHILO   138 KV  PHI-WPH,PHILO_138 KV_PHI-WPH:L138.OhioCentral-Powelson,PHILO 138KV - WPHILO 138KV (PHILO 138 KV PHI-WPH) L138.OhioCentral-Powelson
CROMBY 230 KV CROMBY CROM5TR XFORMER,CROMBY_230 KV_CROM5TR:L230.Limerick-Cromby.220-60,CROMBY  230 KV  CROM5TR LIMERICK-CROMBY 220-60
SPORNAEP138 KV SPO-RUT1,SPORNAEP_138 KV_SPO-RUT1:ACTUAL,SPORNAEP138 KV  SPO-RUT1 L765.Kammer-Belmont-Mountaineer
116 GOOD345 KV 11620,116 GOOD_345 KV_11620:ACTUAL,900 ELWO 345KV - 116 GOOD 345KV (116 GOOD 345 KV 11622) L345.GoodingsGrove-Elwood.11620
BIGPINET138 KV  BIG-GAR,BIGPINET_138 KV_BIG-GAR:L345.Ashtabula-Perry,GARRNJCT 138KV - BIGPINET 138KV (BIGPINET 138 KV BIG-GAR) L345.ErieWest-Ashtabula-Perry
COLU PL 230 KV COLU PL-MONTOUR,COLU PL_230 KV_COL-MON:ACTUAL,MONTOUR 230KV - COLU PL 230KV (COLU PL 230 KV COL-MON) L230.Milton-Montour
COLLEGEC 138 KV COLLEGEC-COLLINSV,COLLINSV_138 KV_HUS-COL:L345.TannersCreek-Dearborn.1,COLLEGEC 138KV - COLLINSV 138KV (COLLEGEC 138 KV COL-COL6) L345.TannersCreek-MiamiFort
63 SAWYE138 KV  1324 2,63 SAWYE_138 KV_1324 2:ACTUAL,33 HAYFO 138KV - 63 SAWYE 138KV (63 SAWYE 138 KV 1324 2) BASE
IDYLWOO4_230KV202A_1_LN,IDYLWOO4_230 KV_202A:L500.Loudoun-Morrisville.569,IDYLWOO4 230KV - CLARK4 230KV (IDYLWOO4 230 KV 202A) L500.Loudoun-Morrisville.569
REPUBSM 138 KV REP-BLU,REPUBSM_138 KV_REP-BLU:L345.Wellsville-Sammis,REPUBSM 138KV - BLUEBELL 138KV (REPUBSM 138 KV REP-BLU) L345.Wellsville-Sammis
WEFOSTOR138 KV WEF-02W1,WEFOSTOR_138 KV_WES-WOOD:L345.EastLima-FostoriaCentral,WEFOSTOR138 KV  WEF-02W1 L345.EastLima-FostoriaCentral
HAVILAND138 KV HAV-TIM,HAVILAND_138 KV_HAV-TIM:L765.Maliszewski-Marysville,HAVILAND 138KV - TIMBERRD 138KV (HAVILAND 138 KV HAV-TIM) L765.Maliszewski-Marysville
TODDHUNT 345 KV TODDHUNT 15 XFORMER,TODDHUNT_345 KV_15:345/138.Todhunter.T16,TODDHUNT 345KV - TODDHUNT 138KV (TODDHUNT 345 KV 15) 345/138.Todhunter.T16
PIERC_DK345 KV  BK18,PIERC_DK_345 KV_BK18:L345.EastBend-Terminal,PIERC_DK 345KV - PIERC_DK 138KV (PIERC_DK 345 KV BK18) L345.EastBend-Terminal
ETOWANDA 230 KV ETOWANDA 4 TX XFORMER,NMESHOPP_230 KV_4 TX:L230.ETowanda-Hillside.2002 [NYISO],NMESHOPP 230KV - NMESHOPP 115KV (NMESHOPP 230 KV 4 TX) L230.ETowanda-Hillside.2002 [NYISO]
CECIL 138 KV CECIL-GLASGOW 13810,GLASGOW_138 KV_GLA-KEE:L500.PeachBottom.BusTie.2,GLASGOW 138KV - CECIL 138KV (CECIL 138 KV CEC-GLA) L500.PeachBottom.BusTie.2
OTTCRKPL230 KV  OTT-YOR,OTTCRKPL_230 KV_OTT-YOR:L500.Brighton-Conastone.5011,YORKANA 230KV - OTTCRKPL 230KV (OTTCRKPL 230 KV OTT-YOR) L500.Brighton-Conastone.5011
BENTONHA 345 KV BENTONHA . 1 XFORMER,BENTONHA_138 KV_BEN-WES1:L345.Cook-Segreto,BENTONHA 138KV - WESTSTRE 138KV (BENTONHA 138 KV BEN-WES1) L345.Cook-Segreto
STEELCTY 500 KV STEELCTY 500/230 XF,QUARRY_230 KV_1:L500.Hosensack-SteelCity.5032,STEELCTY 230KV - QUARRY 230KV (QUARRY 230 KV QUA-STE2) L500.Hosensack-SteelCity.5032
HOMERCIT 345 KV HOMERCIT N.AUTO-P XFORMER,HOMERCIT_345 KV_N.AUTO-P:L345.Ashtabula-Perry,HOMERCIT N.AUTO-S XFORMER   L  1 KV 345/230.HomerCity.AT-S
GREENBUS_69KVGRN-TAS_1_LN,GREENBUS_69 KV_GRN-TAS:ACTUAL,GREENBUS 69KV - TASLEY 69KV (GREENBUS 69 KV GRN-TAS) BASE
MITCHELL138 KV  MIT-WIL,MITCHELL_138 KV_MIT-WIL:L345.Tidd-Collier,MITCHELL 138KV - WILSON 138KV (MITCHELL 138 KV MIT-WIL) L345.Tidd-Collier.301
GARRETAP-GARRETT B 115 KV,GARRETAP_115 KV_GAR-GAR:L500.Brighton-Conastone.5011,GARRETAP 115KV - GARRETT 115KV (GARRETAP 115 KV GAR-GAR) L500.Brighton-Conastone.5011
1 LASALL 345 KV 1 LASALLE C 45TR81 CT,1 LASALL_138 KV_TR81CT-S:ACTUAL,1 LASALL 345KV - 1 LASALL 1KV (1 LASALL 345 KV TR81CT-P) BASE
BRAMBLET-EVRGREEN 2172B     A  230 KV,EVRGREEN_230 KV_EVR-YARD:L230.GooseCreek-Ashburn-Beaumeade.227,BRAMBLET 230KV - EVRGREEN 230KV (BRAMBLET 230 KV BRA-EVRG) L230.Beaumeade-Ashburn-PleasntView.274
INDIANRI 138 KV INDIANRI-NELSON 13703,NELSON_138 KV_AT1:L230.IndianRiver-PineyGrove.23002,INDIANRI-NELSON 13703       B  138 KV L230.IndianRiver-PineyGrove.23002
AUGTINE 138 KV  08A-WEN1,AUGTINE_138 KV_08A-WEN1:ACTUAL,AUGTINE 138KV - WEST_END 138KV (AUGTINE 138 KV 08A-WEN1) BASE
CEDARSUB_230KVCED-ROSY_1_LN,CEDARSUB_230 KV_CED-ROSY:L230.Roseland-William.S-2297,ROSELAND 230KV - CEDARSUB 230KV (CEDARSUB 230 KV CED-ROSY) L230.Roseland-William.S-2297
COLLEGE CORNER-COLLINSVILLE 138 KV L/O TERMINAL.BK11 345/138 KV,BUFFINGT_138 KV_BUF-08F1:345/138.Terminal.BK11,COLLEGEC 138KV - COLLINSV 138KV (COLLEGEC 138 KV COL-COL6) 345/138.Terminal.BK11
BREMO4  230 KV  2193A,BREMO4_230 KV_2193A:L500.Midlothian-NorthAnna.576,FRKUNION 230KV - BREMO4 230KV (BREMO4 230 KV 2193A) L500.Midlothian-NorthAnna.576
CANTON 34 KV CAN-BLO2,CANTON_34 KV_CAN-BLO2:ACTUAL,CANTON  34 KV   CAN-BLO2 L115.Everts Sub-Mansfield
ASYLUM_230KVASY-ETOW_1_LN,ASYLUM_230 KV_ASY-ETOW:ACTUAL,ASYLUM 230KV - ETOWANDA 230KV (ASYLUM 230 KV ASY-ETOW) BASE
PERRYMAN115 KV  110615SD,PERRYMAN_115 KV_110615SD:ACTUAL,PERRYMAN115 KV  110615SD BASE
AQUASCO 230 KV  AQU-HOL2,AQUASCO_230 KV_AQU-HOL2:ACTUAL,AQUASCO 230KV - HOLLANDC 230KV (AQUASCO 230 KV AQU-HOL2) BASE
ETOWANDA 4 TX     XFORMER   H  230 KV,ETOWANDA_230 KV_4 TX:L230.EastTowanda-Canyon-NMeshoppen + 230/115.NM.T4,ETOWANDA 230KV - ETOWANDA 115KV (ETOWANDA 230 KV 4 TX) L230.EastTowanda-Canyon-NMeshoppen + 230/115.NM.T4
EASTONTP69 KV   EAT-EMU,EASTONTP_69 KV_EAT-EMU:ACTUAL,EASTONTP 69KV - EMUNI 69KV (EASTONTP 69 KV EAT-EMU) L138.Steele-Easton.13712
BED-BLA CONTINGENCY 86,BED-BLA contingency 28 L500.Bismark-Doubs,BED-BLA contingency 86 TEMP:L500.Bismark-Doubs & Doubs.500.Cap4
11 FISK 138 KV  TR82CT-S,11 FISK_138 KV_TR82CT-S:ACTUAL,11 FISK 1KV - 11 FISK 138KV (11 FISK 138 KV TR82CT-S) BASE
WARRENT_115KV45B_1_LN,WARRENT_115 KV_45B:L500.BrunswickSwitchingStationHeritage-Wake.570,WARRENT 115KV - KERR45 115KV (WARRENT 115 KV 45B) L500.BrunswickSwitchingStationHeritage-Wake.570
IDYLWOO4 230 KV IDYLWOO4-CLARK4 202A,IDYLWOO4_230 KV_202A:L500.Burches Hill-Possum Point.560,IDYLWOO4 230KV - CLARK4 230KV (IDYLWOO4 230 KV 202A) L500.BurchesHill-PossumPoint.560
CEDARCRE_230KVCED-SIL_1_LN,CEDARCRE_230 KV_CED-SIL:ACTUAL,SILVERUN 230KV - CEDARCRE 230KV (CEDARCRE 230 KV CED-SIL) L230.Cartanza-Milford.23033
LAKIN 138 KV LAKIN-SPORNAEP,LAKIN_138 KV_LAK-SPO1:GAVIN SPORN2 138KV LINE,LAKIN-SPORNAEP              B  138 KV GAVIN SPORN2 138KV LINE
ALBRIGHT 138 KV ALBRIGHT-GARRETT,GARRETT_138 KV_TRAN 2:ACTUAL,GARRETT 138KV - ALBRIGHT 138KV (ALBRIGHT 138 KV ALB-GAR) L500.Bedington-BlackOak
MTVERNON TR 345/138 KV L/O MTVERNON-EWFKF 345 KV,E W FKF3_345 KV_TR 1:Mt Vernon-EWFKF3 345 kV,MtVernon TR 345/138 kV l/o MtVernon-EWFKF 345 kV Mt Vernon-EWFKF3 345 kV
JOSHUAF2_T1_765.1_XF,JOSHUAF2_765 KV_. 1:765/500.Cloverdale.T14,JOSHUAF2 765KV - JOSHUAF2 138KV (JOSHUAF2 765 KV .  1) 765/500.Cloverdale.T14
ASPENSLR115 KV  ASP-ROXB,ASPENSLR_115 KV_ASP-ROXB:L500.Conastone-PeachBottom.5012,ASPENSLR 115KV - ROXBURY 115KV (ASPENSLR 115 KV ASP-ROXB) L500.Conastone-PeachBottom.5012
HARWGATE 115 KV HARWGATE-LOCKS 100J,HARWGATE_115 KV_100J:L230.Chesterfield-Basin.259,LOCKS 115KV - HARWGATE 115KV (HARWGATE 115 KV 100J) L230.Chesterfield-Basin.259
DESOTO  138 KV  DES-SEL,DESOTO_138 KV_DES-SEL:L765.HangingRock-Jefferson,DESOTO 138KV - SELMAPAR 138KV (DESOTO 138 KV DES-SEL) L765.HangingRock-Jefferson
AHOSKIE 115 KV  136B,AHOSKIE_115 KV_136B:L115.SouthHampton-WatkinsCr-Franklin-UnionCamp.93,TUNIS 115KV - AHOSKIE 115KV (AHOSKIE 115 KV 136B) L115.SouthHampton-WatkinsCr-Franklin-UnionCamp.93
ELROY   500 KV  ELR-HOS,ELROY_500 KV_ELR-HOS:Alburtis-Branchburg 500,HOSENSAC 500KV - ELROY 500KV (ELROY 500 KV ELR-HOS) L500.Alburtis-Branchburg.5016
DOUBS   500 KV  DOU-GOO,DOUBS_500 KV_DOU-GOO:L500.Elmont-Cunningham.553,DOUBS 500KV - GOOSECRE 500KV (DOUBS 500 KV DOU-GOO) L500.Elmont-Cunningham.553
BEAVER  138 KV  BEA-NAS1,BEAVER_138 KV_BEA-NAS1:345/138.Beaver.T2,NASA 138KV - BEAVER 138KV (BEAVER 138 KV BEA-NAS1) 345/138.Beaver.T2
NELSON 345/138 TR82 L/O NELSON 345/138 TR81,155 NELS_345 KV_TR82CT-P:345/138.155Nelson.TR81,155 NELS 1KV - 155 NELS 138KV (155 NELS 138 KV TR82CT-S) TEMP: 15503 & 345/138 Nelson TR81
CONASTON_T1_500500-4_XF,CONASTON_500 KV_500-4:L500.Brighton-Conastone,CONASTON 500KV - CONASTON 230KV (CONASTON 500 KV 500-4) L500.Brighton-Conastone.5011
TRENTON2 138 KV TRENTON2-HUSTON 3281,TRENTON2_138 KV_TRE-COL1:L765.Marysville-Sorenson,HUSTON 138KV - TRENTON2 138KV (TRENTON2 138 KV HUS-TRE) L765.Marysville-Sorenson
SHELOCTA 230 KV SHELOCTA NO2 XFORMER,SHELOCTA_230 KV_NO2:ACTUAL,BLAIRSVE NO.1 TX  XFORMER   H  138 KV L230.HomerCity-Shelocta-Keystone.2014
CONASTON 230 KV CON-GRAC,CONASTON_230 KV_CON-GRAC:L500.Brighton-Conastone,CONASTON 230KV - GRACETON 230KV (CONASTON 230 KV CON-GRAC) L500.Brighton-Conastone.5011
TOULON-POWERTON 138 KV L/O FARGO-SANDBURG 345 KV,3 POWERT_138 KV_POW-TWRL:L345.Fargo-Sandbrg,SANDBRG 161KV - SANDBRG 138KV (SANDBRG 161 KV TR3) Oak Grove - Sandburg 345 kV
ELIMA   345 KV  ELI-SWL1,ELIMA_345 KV_ELI-SWL1:L765.Marysville-Sorenson,ELIMA 345KV - SWLIMA 345KV (ELIMA 345 KV ELI-SWL1) L765.Marysville-Sorenson
167 PLAN765 KV  TR93CT-P,167 PLAN_765 KV_TR93CT-P:ACTUAL,167 PLAN 1KV - 167 PLAN 765KV (167 PLAN 765 KV TR93CT-P) L345.Braidwood-EastFrankfort.2001
CLOVERD2 T11 DIS               345 KV,CLOVERD2_345 KV_3:L765.Jacksons Ferry -Cloverdale + 138 kV L CB,CLOVERD2 T11 DIS               345 KV 345/138.CLoverdale.T3
VERMILION-NCHAMPGN 138 KV L/O TILTONEC-WEST TILT 138 KV,NCHAMPGN_138 KV_NCH-VERM:Tiltonec-West Tilt 138 kV,VERM1333 138KV - NCHAMPGN 138KV (NCHAMPGN 138 KV NCH-VERM) Tiltonec-West Tilt 138 kV
SAXTON-THREESPR 2K 1062 A 115 KV,SAXTON_115 KV_SAX-THR:500/230.Hunterstown.T1,SAXTON-THREESPR 2K 1062     A  115 KV L500.Brighton-Conastone
74 KEWAN138 KV L74B1Z1,74 KEWAN_138 KV_7405 2:L138.Keemin-18706-187SchauffRoad.18706,74 KEWAN138 KV  L74B1Z1 L138.Keemin-18706-187SchauffRoad.18706
CHESTNT 115 KV  1024A,CHESTNT_115 KV_1024A:L500.Carson-RogersRoad.585,CHESTNT 115KV - COXDP 115KV (CHESTNT 115 KV 1024A) L500.Carson-RogersRoad.585
KENZIECR345 KV  TR1,KENZIECR_345 KV_TR1:ACTUAL,KENZIECR 345KV - KENZIECR 138KV (KENZIECR 345 KV TR1) BASE
REDLION 230 KV  RED-SIL2,REDLION_230 KV_RED-SIL2:L230.RedLion-SilverRun.23057 (Future),REDLION 230KV - SILVERUN 230KV (REDLION 230 KV RED-SIL2) L230.RedLion-SilverRun.23057 (Future)
TWITTYCK115 KV  TX1,TWITTYCK_115 KV_TX1:ACTUAL,TWITTYCK 115KV - TWITTYCK 35KV (TWITTYCK 115 KV TX1) BASE
LALLENDO345 KV  LAL-ORE,LALLENDO_345 KV_LAL-ORE:Tidd.Cardinal.U1,OREGONEN 345KV - LALLENDO 345KV (LALLENDO 345 KV LAL-ORE) Tidd.Cardinal.U1
SWLIMA  138 KV  SWL-WMO1,SWLIMA_138 KV_SWL-WMO1:138/69.Hutching.T7A,SWLIMA 138KV - WMOULTON 138KV (SWLIMA 138 KV SWL-WMO1) 138/69.Hutching.T7A
16 WAUKE138 KV  TR83CT-S,16 WAUKE_138 KV_TR83CT-S:ACTUAL,16 WAUKE 1KV - 16 WAUKE 138KV (16 WAUKE 138 KV TR83CT-S) 138L1608 Waukegan-1608-Libertyville 138 kV Line
BEVERLY2 345 KV BEVERLY2-MUSKING2,BEVERLY2_345 KV_BEV-MUS1:ACTUAL,BEVERLY2 345KV - MUSKING2 345KV (BEVERLY2 345 KV BEV-MUS1) BASE
HATFIELD500 KV  HAT-RHO,HATFIELD_500 KV_HAT-RHO:ACTUAL,RHODESLN 500KV - HATFIELD 500KV (HATFIELD 500 KV HAT-RHO) BASE
KAMMER2 345 KV  KAM-LAM,KAMMER2_345 KV_KAM-LAM:L765.Kammer-Belmont-Mountaineer+765/500.Belmont.T5,KAMMER2 345KV - LAMPING 345KV (KAMMER2 345 KV KAM-LAM) L765.Kammer-Belmont-Mountaineer+765/500.Belmont.T5
STATELIN-17WOLFLK NIP TIE A 138 KV,CHIC_AVE_138 KV_CHI-USS1:L765.Dumont-WiltonCenter.11215,STATELIN-17WOLFLK NIP TIE   B  138 KV L765.Dumont-Wilton Center.11215
BLUEGRAS 138 KV BLUEGRAS-BYBERRY 130-18,BYBERRY_138 KV_BYB-NES:L230.Emilie-Eddington-Croydon,BLUEGRAS-BYBERRY 130-18     B  138 KV L230.Emilie-Eddington-Croydon
LACKAWAN230 KV  LAC-PAU,LACKAWAN_230 KV_LAC-PAU:500/230.Lackawanna.T4,LACKAWAN 230KV - PAUPACK 230KV (LACKAWAN 230 KV LAC-PAU) 500/230.Lackawanna.T4
ELIMSPOR 230 KV ELIMSPOR-SUNBURY,ELIMSPOR_230 KV_ELI-SUN:L230.Montour-Saegers.2,ELIMSPOR 230KV - SUNBURY 230KV (ELIMSPOR 230 KV ELI-SUN) L230.Montour-Saegers.2
LINE 230 KV CEDARSUB-CEDARGRO CED-CEDY,CEDARSUB_230 KV_CED-CEDY:ACTUAL,CEDARSUB 230KV - CEDARGRO 230KV (CEDARSUB 230 KV CED-CEDY) L230.Roseland-William.S-2297
46 DESPL138 KV  I4607,46 DESPL_138 KV_I4607:ACTUAL,46 DESPL138 KV  I4607 BASE
WESCOSVI_T2_5003_XF,WESCOSVI_500 KV_3:L500.Breinigsville-Wescosville.5044,WESCOSVI 138KV - S WHI 138KV (S WHI 138 KV SWH-WES1) L500.Breinigsville-Wescosville.5044
BRAMBLET-EVRGREEN 2172B,BRAMBLET_230 KV_BRA-EVRG:L230.Beco-DTC.2249,BRAMBLET 230KV - EVRGREEN 230KV (BRAMBLET 230 KV BRA-EVRG) L230.Beco-DTC.2249
BRAMBLET-EVRGREEN 2172B     A   230 KV,EVRGREEN_230 KV_EVR-YARD:L230.Buttermilk-Beaumeade.2152,BRAMBLET 230KV - EVRGREEN 230KV (BRAMBLET 230 KV BRA-EVRG) L230.Buttermilk-Beaumeade.2152
DOUBS   500 KV  DOU-GOO,DOUBS_500 KV_DOU-GOO:L500.MtStorm-Meadowbrook.5529,DOUBS 500KV - GOOSECRE 500KV (DOUBS 500 KV DOU-GOO) L500.MtStorm-Meadowbrook.5529
MARBLEHEAD 161\138KV XFMR L/O MAYWOOD-HERLEMAN 345KV FG,MARBHD 3_161 KV_TR_1:Maywood-Herleman 345kV,MARBHD 3 161KV - MARBHD 3 138KV (MARBHD 3 161 KV TR_1) Maywood-Herleman 345kV
MILLWDPL69 KV   MIL2-MNB,MILLWDPL_69 KV_MIL2-MNB:ACTUAL,MILLWDPL 69KV - MTNEBO 69KV (MILLWDPL 69 KV MIL2-MNB) BASE
CHESTNUT115 KV  CHE-FRE8,CHESTNUT_115 KV_CHE-FRE8:ACTUAL,CHESTNUT 115KV - FRED BC 115KV (CHESTNUT 115 KV CHE-FRE8) L230.Graceton-Bagley.2304
EBERSOLE138 KV  EBE-FLA,EBERSOLE_138 KV_EBE-FLA:L345.EastLima-FostoriaCentral,EBERSOLE 138KV - FLAGCITY 138KV (EBERSOLE 138 KV EBE-FLA) L345.EastLima-FostoriaCentral
BEDINGTO 500 KV BEDINGTO-BLACKOAK 500KV,BEDINGTO_500 KV_BED-BLA:L500.Elmont-Cunningham.553,CROZET 230KV - BARRCKRD 230KV (CROZET 230 KV 233B) L500.Elmont-Cunningham.553
BAIR    115 KV  BAI-HIL,BAIR_115 KV_BAI-HIL:L115.Yorkana-Yoe-Windsor.989,BAIR 115KV - HILL 115KV (BAIR 115 KV BAI-HIL) L115.Yorkana-Yoe-Windsor.989
MIAMIFOR138 KV MIA-HEB,MIAMIFOR_138 KV_MIA-HEB:345/138.Buffington.46,MIAMIFOR 138KV - HEBRON1 138KV (MIAMIFOR 138 KV MIA-HEB) 345/138.Buffington.46
GLENDON 115 KV  GLE-NORW,GLENDON_115 KV_GLE-NORW:L500.Hosensack-SteelCity.5032,NORTHWOO 115KV - GLENDON 115KV (GLENDON 115 KV GLE-NORW) L500.Hosensack-SteelCity.5032
GLENDON 115 KV GLENDON-NORTHWOO 951,NORTHWOO_115 KV_NOR-NOR4:L230.MartinsCreek-MorrisPark-Gilbert.P-2016,NORTHWOO 115KV - AMDEASTN 115KV (AMDEASTN 115 KV AMD-NORW) L230.MartinsCreek-MorrisPark-Gilbert.P-2016 w/LX
PLEASNTV-ASHBURN 274D A 230 KV,PLEASNTV_230 KV_274D:L500.Brambleton-GooseCreek.558,PLEASNTV 230KV - ASHBURN 230KV (PLEASNTV 230 KV 274D) L500.Brambleton-GooseCreek.558
CONCRDDP69 KV   CON-PEP,CONCRDDP_69 KV_CON-PEP:L69.CoolSprings-Harbeson.6753,CONCRDDP 69KV - PEPPER 69KV (CONCRDDP 69 KV CON-PEP) L69.CoolSprings-Harbeson.6753
ELIMA_138KVELI-HAV1_1_LN,ELIMA_138 KV_ELI-HAV1:L765.Marysville-Sorenson,HAVILAND 138KV - ELIMA 138KV (ELIMA 138 KV ELI-HAV1) L765.Marysville-Sorenson
JUNIATA 500 KV JUNIATA 1 XFORMER,JUNIATA_500 KV_1:500/230.TMI.T1,JUNIATA 500KV - JUNIATA 230KV (JUNIATA 500 KV 1) 500/230.TMI.T1
WAGNER  230 KV  230-2,WAGNER_230 KV_230-2:L230.BrndnShrs-RvrSde.2344 + 230/115.RvrSide.230-1,WAGNER 230KV - WAGNER 115KV (WAGNER 230 KV 230-2) L230.BrndnShrs-RvrSde.2344 + 230/115.RvrSide.230-1
MIDDLJCT 115 KV MIDDLJCT-YORKHAVE 977-1,MIDDLJCT_115 KV_5 TX RE:L230.Jackson-TMI.1051,MIDDLJCT 115KV - YORKHAVE 115KV (MIDDLJCT 115 KV MID-YOR8) L230.Jackson-TMI.1051
CABOT 138 KV CABOT-WOODLAND CAB-KV,CABOT_138 KV_CAB-LAW:L500.Cabot-Cranberry,CABOT 138KV - WOODLAND 138KV (CABOT 138 KV CAB-WOO) L500.Cabot-Cranberry
BATESVILLE - HUBBLE 138KV L/O MIAMIFORT UNIT7,BATESVIL_138 KV_BAT-HUB1:MiamiFort Unit 7,BATESVIL 138KV - HUBBLE 138KV (BATESVIL 138 KV BAT-HUB1) MiamiFort Unit 7
INDIANRI 138 KV INDIANRI-NELSON 13703,INDIANRI_230 KV_AT-20:230/138.PineyGrove.AT20,INDIANRI-NELSON 13703       A  138 KV 230/138.PineyGrove.AT20+L230.PinyGrve-IndinR.23002
HIGHRIDG230 KV  HIG-SAN1,HIGHRIDG_230 KV_HIG-SAN1:L230.Burtonsville-SandySprings-HighRidge.2334,SANDYSPG 230KV - HIGHRIDG 230KV (HIGHRIDG 230 KV HIG-SAN1) L230.Burtonsville-SandySprings-HighRidge.2334
HARWOOD 230 KV HARWOOD 5 XFORMER,HARWOOD_230 KV_5:ACTUAL,WESCOSVI 3        XFORMER   H  500 KV L230.Harwood-Susquehanna.2
CLOVERD2345 KV  3,CLOVERD2_345 KV_3:345/138.Cloverdale.T19,CLOVERD2 345KV - CLOVERD2 138KV (CLOVERD2 345 KV 3) 345/138.Cloverdale.T19
BERCON  69 KV   BER-BERW,BERCON_69 KV_BER-BERW:L230.Harwood-Susquehanna.1 + 230/69.Harwood.T5,BERCON 69KV - BERWICK 69KV (BERCON 69 KV BER-BERW) L230.Harwood-Susquehanna.1 + 230/69.Harwood.T5
94 HAURD-11323 11323 B 138 KV,94 HAURD_138 KV_11323:L345.155Nelson-H471.15504,94 HAURD 138KV - 11323 138KV (94 HAURD 138 KV 11323) L345.155Nelson-H471.15504
MASTER-NPHILADE 220-44 B 230 KV,DELA PE_69 KV_DEL-SWA:Master-North Philadelphia (220-44) 230 kV line,BALA    230 KV  BAL-PLY Master-North Philadelphia (220-44) 230 kV line
BOONETWN230 KV  BOO-SRE,BOONETWN_230 KV_BOO-SRE:500/230.Conastone.500-4,BOONETWN 230KV - SREADING 230KV (BOONETWN 230 KV BOO-SRE) 500/230.Conastone.500-4
BLAIRSVE138 KV  BLA-SOC,BLAIRSVE_138 KV_BLA-SOC:L500.SouthBend-Yukon,BLAIRSVE 138KV - SOCIALHA 138KV (BLAIRSVE 138 KV BLA-SOC) L500.SouthBend-Yukon
KELLAM  69 KV   KEL-RED,KELLAM_69 KV_KEL-RED:ACTUAL,KELLAM 69KV - REDBDPL 69KV (KELLAM 69 KV KEL-RED) BASE
BENTONHA 345 KV BENTONHA . 1 XFORMER,BENTONHA_345 KV_. 1:345/138.KenzieCreek.T1 (Sctnlz),BENTONHA 138KV - WESTSTRE 138KV (BENTONHA 138 KV BEN-WES1) 345/138.KenzieCreek.T1 (Sctnlz)
SAXTON-THREESPR 2K 1062 A 115 KV,SAXTON_115 KV_SAX-THR:Altoona-Raystown.2001 230kv,SAXTON 115KV - THREESPR 115KV (SAXTON 115 KV SAX-THR) L230.Altoona-Raystown.2001
PLEASNTV TX3 XFORMER L 230 KV,PLEASNTV_500 KV_TX3:L230.Brambleton-PolandRoad.2183,PLEASNTV 500KV - PLEASNTV 230KV (PLEASNTV 500 KV TX3) L230.Brambleton-PolandRoad.2183
BERLNLK_138KVBER-NILE_1_LN,BERLNLK_138 KV_BER-NILE:L345.Hanna-Juniper,NILES 138KV - BERLNLK 138KV (BERLNLK 138 KV BER-NILE) L345.Hanna-Juniper
GLENBROO_69KVGLE-SAL1_1_LN,GLENBROO_69 KV_GLE-SAL1:L230.Columbia-Montour+230/69.Columbia.T2,GLENBROO 69KV - SALEMPL 69KV (GLENBROO 69 KV GLE-SAL1) L230.Columbia-Montour+230/69.Columbia.T2
CUMB PL 230 KV  CUM-WIGR,CUMB PL_230 KV_CUM-WIGR:L500.Juniata-TMI.5008,CUMB PL 230KV - WILLGROV 230KV (CUMB PL 230 KV CUM-WIGR) L500.Juniata-TMI.5008
BEDINGTO 138 KV BEDINGTO-HARMOJCT BEM,HARMOJCT_138 KV_HAR-MAR:L500.Bedington-Doubs,BEDINGTO 138KV - HARMOJCT 138KV (BEDINGTO 138 KV BED-HAR) L500.Bedington-Doubs
WEFOSTOR138 KV  WES-WOOD,WEFOSTOR_138 KV_WES-WOOD:345/138.FostoriaCentral.T1,WOODVLTE 138KV - WEFOSTOR 138KV (WEFOSTOR 138 KV WES-WOOD) 345/138.FostoriaCentral.T1
EDGEWDPL-NELSON 6743-1 B 69 KV,EDGEWDPL_69 KV_EDG-NSA:L138.Loretto-Vienna.13780,NELSON 69KV - EDGEWDPL 69KV (EDGEWDPL 69 KV EDG-NEL) L138.Loretto-Vienna.13780
DESOTO  138 KV  DES-SEL,DESOTO_138 KV_DES-SEL:L345.EastLima-FostoriaCentral,DESOTO 138KV - SELMAPAR 138KV (DESOTO 138 KV DES-SEL) L345.EastLima-FostoriaCentral
POLANDRD230 KV  2183A,POLANDRD_230 KV_2183A:L230.EvergreenMills-YarleyRidge.2209,BRAMBLET 230KV - POLANDRD 230KV (POLANDRD 230 KV 2183A) L230.EvergreenMills-YarleyRidge.2209
BENTMOUN138 KV  BEN-CLE1,BENTMOUN_138 KV_BEN-CLE1:345/138.Cloverdale.T19,BENTMOUN 138KV - CLEARBRO 138KV (BENTMOUN 138 KV BEN-CLE1) 345/138.Cloverdale.T19
0906    138 KV  0906 5,0906_138 KV_0906 5:ACTUAL,0906    138 KV  0906 5 138L1808 Will Co-1808-Goodings Grove 138 kV Line
BUTL APS 138 KV BUTL APS-KARNSCIT KC-BT,BUTL APS_138 KV_BUT-KAR:L345.ErieWest-Ashtabula-Perry + SPS.Warren,BUTL APS-KARNSCIT KC-BT     A  138 KV L345.ErieWest-Ashtabula-Perry + SPS.Warren
WEEDMAN - MAHOMET 138 KV L/O PONTIAC - DRESDEN 345 KV,WEEDMAN3_138 KV_1592 4:Dresden-Pontiac 345 kV,WEEDMAN3 138KV - MAHOMET 138KV (WEEDMAN3 138 KV 1592   4) Dresden-Pontiac 345 kV
DAWES-KANAWHAR              B  138 KV,DAWES_138 KV_DAW-KAN1:L765.Culloden-Wyoming,KANAWHAR 138KV - DAWES 138KV (DAWES 138 KV DAW-KAN1) L765.Culloden-Wyoming
JUNIATA 500 KV JUNIATA 1 XFORMER,JUNIATA_500 KV_1:L500.Juniata-TMI.5008,JUNIATA  1        XFORMER   H  500 KV TEMP:ALBURTIS-JUN. 5009+ JUN.-TMI 5008
SMITHTON 138 KV SMITHTON-YUKON LAYJ-YU,SMITHTON_138 KV_SMI-YUK:L138.Charleroi-Yukon,SMITHTON-YUKON SLJ-YU       B  138 KV L500.Hatfield-Ronco
REPUBSM_138KVREP-BLU_1_LN,REPUBSM_138 KV_REP-BLU:L345.Hanna-Juniper,REPUBSM 138KV - BLUEBELL 138KV (REPUBSM 138 KV REP-BLU) L345.Hanna-Juniper
BUTL_APS_138KVBUT-KAR_1_LN,BUTL APS_138 KV_BUT-KAR:L500.Cabot-Keystone.5002,BUTL APS 138KV - KARNSCIT 138KV (BUTL APS 138 KV BUT-KAR) L500.Cabot-Keystone.5002
BLAIRSVE_138KVBLA-SOC_1_LN,BLAIRSVE_138 KV_BLA-SOC:L345.Ashtabula-ErieWest,SOCIALHA 138KV - BLAIRSVE 138KV (BLAIRSVE 138 KV BLA-SOC) L345.Ashtabula-ErieWest
TODDSTVN115 KV  198C,TODDSTVN_115 KV_198C:L500.Morrisville-Spotsylvania.594,GOLDDALE 115KV - TODDSTVN 115KV (TODDSTVN 115 KV 198C) L500.Morrisville-Spotsylvania.594
AEP-DOM,AEP-DOM contingency 19 L765.Culloden-Wyoming,TRANSFER INTERFACE: AEP-DOM L765.Culloden-Wyoming
148_W_LO_138KV5826_1_LN,148 W LO_138 KV_5826:ACTUAL,58 GRAND 138KV - 148 W LO 138KV (148 W LO 138 KV 5826) BASE
SALTSPRG_138KVSAL-MAS1_1_LN,SALTSPRG_138 KV_SAL-MAS1:L345.McClelland-Shenango,SALTSPRG 138KV - MASURY 138KV (SALTSPRG 138 KV SAL-MAS1) L345.McClelland-Shenango
COLLEGEC_138KVCOL-COL6_1_LN,COLLEGEC_138 KV_COL-COL6:L345.TannersCreek-EastBend,COLLEGEC 138KV - COLLINSV 138KV (COLLEGEC 138 KV COL-COL6) L345.TannersCreek-EastBend
LEGHORN-GOOSECREEK 345 KV L/O WILTON CENTER-DUMONT 765 KV,DUMONT2_345 KV_DUM-TWI2:L765.Dumont-Wilton Center.11215,Maroa -E GooseCreek 345 kV l/o Wilton Center-Dumont 765 kV L765.Dumont-WiltonCenter.11215
STILLWELL 345/138KV XF1 L/O WILTON CENTER-DUMONT 765KV,DUMONT2_345 KV_DUM-STI1:L765.Dumont-Wilton Center.11215,Gary Ave XF2 345/138 kV l/o Wiltoncenter-Dumont 765 kV Dumont-Wilton Center 765kV
COOLSPRI_230KVCOL-MIL_1_LN,COOLSPRI_230 KV_COL-MIL:L230.IndianRiver-Milford.23034,MILFORD 230KV - COOLSPRI 230KV (COOLSPRI 230 KV COL-MIL) L230.IndianRiver-Milford.23034
CONASTON 500 KV CONASTON 500-2 XFORMER,NOTTINGHM 2-3 SER DEV A 230 KV:TEMP.DBL.500/230.CONASTONE.500-4 + Peach Bot - Conaston,CONASTON 500KV - CONASTON 230KV (CONASTON 500 KV 500-4) TEMP:DBL.Conastone.500-2+Brighton.Conastone.5011
MINUEST_230KVMIN-SEW2_1_LN,MINUEST_230 KV_MIN-SEW2:L230.Sewaren-MinueStreet-Linden.R-2218,SEWAREN 230KV - MINUEST 230KV (MINUEST 230 KV MIN-SEW2) L230.Sewaren-MinueStreet-Linden.R-2218
BRUNSWIC_230KVBRU-MEA_1_LN,BRUNSWIC_230 KV_BRU-MEA:L500.Hopatcong-Lackawanna.5063,BRUNSWIC 230KV - MEADOWRD 230KV (BRUNSWIC 230 KV BRU-MEA) L500.Hopatcong-Lackawanna.5063
ETOWANDA 230 KV ETOWANDA-HILLSIDE 2002 TIE,ETOWANDA_230 KV_ETO-HIL:L500.Susquehanna-Wescosville.5043,ETOWANDA 230KV - HILLSIDE 230KV (ETOWANDA 230 KV ETO-HIL) L500.Susquehanna-Wescosville.5043
ASHTABUL138 KV  ASH-04S4,ASHTABUL_138 KV_ASH-04S4:L345.Ashtabula-Perry,ASHTABUL 138KV - SANBORN 138KV (ASHTABUL 138 KV ASH-04S4) L345.Ashtabula-Perry
JACK ME 230 KV JACK ME-TMI 1051,JACK ME_230 KV_JAC-TMI:500/230.Hunterstown.T1,TMI 230KV - JACK ME 230KV (JACK ME 230 KV JAC-TMI) 500/230.Hunterstown.T1
EWATERVT-WESTSTRE EAS-WES   B  138 KV,EWATERVT_138 KV_EAS-WES:L345.Cook-Segreto,WESTSTRE 138KV - EWATERVT 138KV (EWATERVT 138 KV EAS-WES) L345.Cook-Segreto
DICKERSH 230 KV DICKERSH-DICKERSO 23104,DICKERSH_230 KV_DIC-DIC4:Dickerson H-Dickerson (23103) 230 kV line,DICKERSH 230KV - DICKERSO 230KV (DICKERSH 230 KV DIC-DIC4) L230.DickersonH-Dickerson.23103
NBRISTOL 138 KV NBRISTOL-WOLFHILL,CLINCHRI_138 KV_CLI-LEB1:L500.Broadford-Sullivan (TVA) Tie,NBRISTOL 138KV - WOLFHILL 138KV (NBRISTOL 138 KV NBR-WOL1) L500.Broadford-Sullivan (TVA) Tie
MADDOXCR345 KV  MAD-RPM,MADDOXCR_345 KV_MAD-RPM:ACTUAL,RPMONE 345KV - MADDOXCR 345KV (MADDOXCR 345 KV MAD-RPM) BASE
SHAMPTON115 KV  93A,SHAMPTON_115 KV_93A:ACTUAL,SHAMPTON 115KV - WTKINSCR 115KV (SHAMPTON 115 KV 93A) L115.Pecan-Carolina.1010
GARRETAP_115KVGAR-GAR_1_LN,GARRETAP_115 KV_GAR-PEN:ACTUAL,GARRETAP 115KV - GARRETT 115KV (GARRETAP 115 KV GAR-GAR) L500.BlackOak-Hatfield
BASIN 230 KV BASIN -CHESTER4 259A,BASIN_230 KV_259A:L500.Carson-Midlothian.563,CHESTER4 230KV - BASIN 230KV (BASIN 230 KV 259A) L500.Carson-Midlothian.563
LINWDPE 230 KV  220-86,LINWDPE_230 KV_220-86:Tidd.Cardinal.U1,LINWDPE 230 KV  220-86 Tidd.Cardinal.U1
CLIMAXDP69 KV   173B,CLIMAXDP_69 KV_173B:ACTUAL,CLIMAXDP 69KV - CHATHAM4 69KV (CLIMAXDP 69 KV 173B) BASE
KAMMER2 138 KV KAM-WBE,KAMMER2_138 KV_KAM-WBE:345/138.Kammer.T303,KAMMER2 138KV - WBELLAI2 138KV (KAMMER2 138 KV KAM-WBE) 345/138.Kammer.T303
14403 138 KV 14403 -951 AURO 14403 1,14403_138 KV_14403 1:138L11103 Electric Jct-Aurora 138 kV Line,951 AURO 138KV - 14403 138KV (14403 138 KV 14403 1) 138L11103 Electric Jct-Aurora 138 kV Line
MONR_AE_69KVMON-VINE_1_LN,MONR AE_69 KV_MON-VINE:L230.Churchtown-Orchard.2314 (FUTURE),MONR AE 69KV - VINELAND 69KV (MONR AE 69 KV MON-VINE) L230.Cumberland-Orchard.2314
HOYTDAL2345 KV  2,HOYTDAL2_345 KV_1:DBL:345kvShenango-McClelland+Hoytdale.T2,SHENANGO 138KV - CROSSFE 138KV (SHENANGO 138 KV SHE-CRO2) L345.Hoytdale-McClelland
JEFFERSO 345 KV JEFFERSO-CLIFTYCR TIE,JEFFERSO_345 KV_JEF-CLI1:L765.Dumont-Sorenson,JEFFERSO 345KV - CLIFTYCR 345KV (JEFFERSO 345 KV JEF-CLI1) L765.Dumont-Sorenson
MILFORD 230 KV MILFORD-STEELE 23076,CARTANZA_230 KV_CAR-SIL:L230.Milford-Steele.23076,STEELE 230KV - MILFORD 230KV (MILFORD 230 KV MIL-STE) L230.Cartanza-RedLion.23032
JEFFERSO 345 KV JEFFERSO-CLIFTYCR TIE,JEFFERSO_345 KV_JEF-CLI1:ACTUAL,JEFFERSO-CLIFTYCR TIE       A  345 KV L765.Hanging Rock-Jefferson
HAVILAND138 KV HAV-TIM,HAVILAND_138 KV_HAV-TIM:L765.Flatlick-Marysville,TIMBERRD 138KV - HAVILAND 138KV (HAVILAND 138 KV HAV-TIM) L765.Flatlick-Marysville
PLEASNTV TX3 XFORMER L 230 KV,PLEASNTV_500 KV_TX3:500/230.Brambleton.TX1 (Sctnlz),PLEASNTV 500KV - PLEASNTV 230KV (PLEASNTV 500 KV TX3) 500/230.Brambleton.TX1 (Sctnlz)
PLYWOOD_115KV151A_1_LN,REMINGTN_115 KV_TX1:L230.Dooms-Charlottesville.233,SEDGEHIL 115KV - PLYWOOD 115KV (PLYWOOD 115 KV 151A) L230.Dooms-Charlottesville.233
MCCRACKEN - BRYAN 161KV L/O SHAWNEE-MARSHAL 161KV,BRYAN2_161 KV_BRY-MCCR:L161.Shawnee-Marshall.C31(TVA),MCCRACKE 161KV - BRYAN2 161KV (BRYAN2 161 KV BRY-MCCR) Shawnee - C31 - Marshall 161 kV
15518-132 GARDEN 15518 2 138 KV L/O CORDOVA-SUB 39 345 KV,15518_138 KV_15518 2:L345.940Cordova-Sub39,15518 138KV - 132 GARD 138KV (15518 138 KV 15518 2) L345.940Cordova-Sub39
DOEX530 345 KV  DOE-PIE1,DOEX530_345 KV_DOE-PIE1:L345.DOEX530-Pierce.2,DOEX530 345KV - PIERCE 345KV (DOEX530 345 KV DOE-PIE2) L345.TannersCreek-Dearborn.1
BEAUMEAD-ASHBURN 274C B 230 KV,BEAUMEAD_230 KV_274C:L230.Brambleton-PolandRoad.2183,ASHBURN 230KV - BEAUMEAD 230KV (BEAUMEAD 230 KV 274C) L230.Brambleton-PolandRoad.2183
NOTTINGH 230 KV NOTTINGH-PEACHTAP 220-08,NOTTINGH_230 KV_NOT-PEA:L500.Conastone-PeachBottom.5012,NOTTINGH-PEACHTAP 220-08    A  230 KV L500.Conastone-Peach Bottom.5012
LEXINGTN 500 KV LEXINGTN TX3 XFORMER,LEXINGTN_500 KV_TX3:L500.Dooms-Lexington.555,LEXINGTN 500KV - LEXINGTN 230KV (LEXINGTN 500 KV TX3) L500.Dooms-Lexington.555
MAHANSLA 138 KV MAHANS LANE-TIDD,MAHANSLA_138 KV_MAH-TID:Wylie Ridge #5 #6 500/345 kV trans,TIDD_AEP 138KV - MAHANSLA 138KV (MAHANSLA 138 KV MAH-TID) Wylie Ridge #5 & #6 500/345 kV trans
KEYSTONE 230 KV KEYSTONE-SHELOCTA KHC 2014,SHELOCTA_230 KV_NO2:L500.Conemaugh-Keystone.5003,KEYSTONE-SHELOCTA KHC 2014  A  230 KV L500.Juniata-Keystone.5004
OAKGREEN115 KV 11D,OAKGREEN_115 KV_11D:L500 Chickahominy-Elmont.557A(Sctnlz),ORANGE 115KV - OAKGREEN 115KV (OAKGREEN 115 KV 11D) L500 Chickahominy-Elmont.557A(Sctnlz)
JACK ME 230 KV JACK ME-TMI 1051,JACK ME_230 KV_JAC-TMI:500/230.Conastone.500-4,JACK ME-TMI 1051            B  230 KV L500.Conastone-Peach Bottom.5012
PAWNEETP138 KV  PAW-LER2,PAWNEETP_138 KV_PAW-LER2:L345.GlenWillow-Perry,LEROYCEN 138KV - PAWNEETP 138KV (PAWNEETP 138 KV PAW-LER2) L345.GlenWillow-Perry
HOMEDEPT138 KV  HOM-LEM,HOMEDEPT_138 KV_HOM-LEM:L345.Lemoyne-Midway,LEMOYNE2 138KV - HOMEDEPT 138KV (HOMEDEPT 138 KV HOM-LEM) TEMP:L345.Lemoyne-Midway.Lemoyne-Dowling
20 BRAID 345 KV 20 BRAID-66 E FRN 2001,20 BRAID_345 KV_2001:L345.Lasalle - Plano.0101,20 BRAID 345KV - 66 E FRN 345KV (20 BRAID 345 KV 2001) L345.Lasalle - Plano.0101
ELWODOE_138KVELW-LNC1_1_LN,ELWODOE_138 KV_ELW-LNC1:L345.Hanna-Juniper,ELWODOE 138KV - LNCOLNPK 138KV (ELWODOE 138 KV ELW-LNC1) L345.Hanna-Juniper
DILLSBUR 115 KV DILLSBUR-GARDNERS 973-2,DILLSBUR_115 KV_DIL-GAR:L115.Hunterstown-TexasEastern-Gardners.991,DILLSBUR-GARDNERS 973-2     B  115 KV L115.MiddletownJct-Collins (Sctnlz)
PRESTON-TANYARD 6716-5 B 69 KV,PRESTON_69 KV_PRE-TAN:L230.IndianRiver-PineyGrove.23002,TANYARD 69KV - PRESTON 69KV (PRESTON 69 KV PRE-TAN) L230.IndianRiver-PineyGrove.23002
BRUNNERI 230 KV BRUNNERI-YORKANA 1055,BRUNNERI_230 KV_BRU-YOR:Jackson-TMI (1051) 230 kV line,BRUNNERI-YORKANA 1055       A  230 KV L230.Jackson-TMI.1051
HAYNIE_115KVHAY-PIN_1_LN,HAYNIE_115 KV_HAY-PIN:L115.Eclipse-Piney.1038,PINEY 115KV - HAYNIE 115KV (HAYNIE 115 KV HAY-PIN) L115.Eclipse-Piney.1038
NMESHOPP #3 TX XFORMER L 115 KV,NMESHOPP_230 KV_#3 TX:L230.EastTowanda-Canyon-NMeshoppen + 230/115.NM.T4,NMESHOPP 230KV - NMESHOPP 115KV (NMESHOPP 230 KV #3 TX) L230.EastTowanda-Canyon-NMeshoppen + 230/115.NM.T4
MTAIRYTP_69KVMTA-REN1_1_LN,MTAIRYTP_69 KV_MTA-REN1:ACTUAL,RENAN 69KV - MTAIRYTP 69KV (MTAIRYTP 69 KV MTA-REN1) BASE
111 ELEC 138 KV 111 ELEC-951 AURO 11105,111 ELEC_138 KV_11105:ACTUAL,951 AURO 138KV - 111 ELEC 138KV (111 ELEC 138 KV 11105) L138.Wayne-WestChicago.14405 (SPOG 3-30)
KELLAM_69KVKEL-RED_1_LN,KELLAM_69 KV_KEL-RED:ACTUAL,KELLAM 69KV - REDBDPL 69KV (KELLAM 69 KV KEL-RED) BASE
PLYWOOD 115 KV  151A,PLYWOOD_115 KV_151A:L500.Cloverdale-Lexington.566,SEDGEHIL 115KV - PLYWOOD 115KV (PLYWOOD 115 KV 151A) L500.Cloverdale-Lexington.566
SEWARD 115 KV SEWARD-TOWER51 H1H2 1097,SEWARD_115 KV_SEW-TOW:L500.Cabot-Keystone.5002,SEWARD 115KV - TOWER51 115KV (SEWARD 115 KV SEW-TOW) L500.Cabot-Keystone.5002
0901 138 KV 0901 3,0901_138 KV_0901 3:ACTUAL,LINE    138 KV  0901 4 179 BLOO138 KV  TR84 CB CB      OPEN    179 BLOO138 KV  TR84CT-SCMPTRAFODUMMY   179 BLOO345 KV  BT3-
MAPLTNDP115 KV  108C,MAPLTNDP_115 KV_108C:L115.Pecan-Carolina.1010,MAPLTNDP 115KV - TUNIS 115KV (MAPLTNDP 115 KV 108C) L115.Pecan-Carolina.1010
GARDNERS_115KVGAR-MOU_1_LN,GARDNERS_115 KV_GAR-MOU:ACTUAL,GARDNERS 115KV - MOUN ME 115KV (GARDNERS 115 KV GAR-MOU) L115.MiddletownJct-Collins.975 (Sctnlz)
NEWCARLI138 KV  NEW-PLE,NEWCARLI_138 KV_NEW-PLE:345/138.KenzieCreek.T1,NEWCARLI 138KV - PLETCHER 138KV (NEWCARLI 138 KV NEW-PLE) 345/138.KenzieCreek.T1
SHAWVILL115 KV  BNK 1A-S,SHAWVILL_115 KV_BNK 1A-S:L230.Milesburg-Moshannon,SHAWVILL 1KV - SHAWVILL 115KV (SHAWVILL 115 KV BNK 1A-S) L230.Milesburg-Moshannon
FACEROCK69 KV   FAC-MAN,FACEROCK_69 KV_FAC-MAN:L69.FaceRock-Millwood.1,FACEROCK 69KV - MANOR 69KV (FACEROCK 69 KV FAC-MAN) L69.FaceRock-Millwood.1
HOPKINS 138 KV  HOPKINS,HOPKINS_138 KV_HOPKINS:L138.BigSandy-Inez,HOPKINS 138 KV  HOPKINS L138.BigSandy-Inez
BLMNTDOM230 KV  201,BELLSMIL_230 KV_121-5T:L500.BurchesHill-PossumPoint.560,BLMNTDOM230 KV  201 L500.BurchesHill-PossumPoint.560
LINE 69 KV MONR AE-VINELAND 0711-1,MONR AE_69 KV_MON-VINE:138/23.England.TXB,MONR AE 69KV - VINELAND 69KV (MONR AE 69 KV MON-VINE) 138/23.England.TXB
02RDGVL 138 KV  02R-STRY,02RDGVL_138 KV_02R-STRY:ACTUAL,02RDGVL 138KV - STRYKER 138KV (02RDGVL 138 KV 02R-STRY) BASE
GREENWAY230 KV  2188B1,GREENWAY_230 KV_2188B1:L230.Shellhorn-Enterprise.2186,SHELHORN 230KV - GREENWAY 230KV (GREENWAY 230 KV 2188B1) L230.Shellhorn-Enterprise.2186
CRES_DUQ_138KVCRE-MTN_1_LN,CRES DUQ_138 KV_CRE-MTN:L345.Tidd-Collier,CRES DUQ 138KV - MT NEBO 138KV (CRES DUQ 138 KV CRE-MTN) L345.Tidd-Collier.301
CROZET_230KV291B_1_LN,FORTROBI_138 KV_FOR-WOL1:500/35.MtStorm.RSS6+U1-3 (RSS2.OOS Sctnlz F),CROZET 230KV - BARRCKRD 230KV (CROZET 230 KV 291B) 500/35.MtStorm.RSS2
MITCHELL 138 KV MITCHELL-SHEPLJCT MI-SLJ,SHEPLJCT_138 KV_SHE-SMI:L500.Cabot-Cranberry,SHEPLJCT 138KV - MITCHELL 138KV (MITCHELL 138 KV MIT-SHE) L500.Cabot-Cranberry
HUNTINGT138 KV  HUN-SOR1,HUNTINGT_138 KV_HUN-SOR1:ACTUAL,HUNTINGT 138KV - SORENSON 138KV (HUNTINGT 138 KV HUN-SOR1) L765.Dumont-Greentown
GLENDON 115 KV GLENDON-HOSENSAC 914,GLENDON_115 KV_GLE-HOS:L230.MartinsCreek-Portland.1008,HOSENSME 115KV - GLENDON 115KV (GLENDON 115 KV GLE-HOS) TEMP:L230.MartinsCreek-Portland.1008_LX
LAFAYETTE XF1 L/O CAYUGA 2,08LAFYTE_230 KV_1P:Cayuga2 345 kV Units,08LAFYTE 138KV - 08LAFYTE 1KV (08LAFYTE 138 KV 1S) Cayuga2 345 kV Units
LOUDOUN4 500 KV LOUDOUN4 TX1 XFORMER,LOUDOUN4_500 KV_TX1:L500.Brambleton-Mosby.590A,LOUDOUN4 500KV - LOUDOUN4 230KV (LOUDOUN4 500 KV TX1) L500.Brambleton-Mosby.590A
HALFWAY 138 KV HALFWAY-MARLOWE RI1,HALFWAY_138 KV_HAL-PAR:L500.Bedington-Doubs,HALFWAY-MARLOWE RI1         B  138 KV L500.Brighton-Doubs
DAUPHIN 230 KV DAUPHIN-JUNIATA 1087,DAUPHIN_230 KV_DAU-JUN:L500.Hunterstown-Conastone.5013,JUNIATA 230KV - DAUPHIN 230KV (DAUPHIN 230 KV DAU-JUN) L500.Hunterstown-Conastone.5013
DESOTO  138 KV  DES-SEL,DESOTO_138 KV_DES-SEL:L138.BluffPoint-Randolph,DESOTO 138KV - SELMAPAR 138KV (DESOTO 138 KV DES-SEL) L138.BluffPoint-Randolph
NW TAP - WEST LAFAYETTE 138 KV L/O REYNOLDS TR 765/345 KV,08NW TAP_138 KV_NWT-WLA:L765.Greentown-Reynolds + Reynolds.T3,08NW TAP 138KV - WLAFYETT 138KV (08NW TAP 138 KV NWT-WLA) L765.Greentown-Reynolds + Reynolds.T3
KEYSTONE 230 KV KEYSTONE-SHELOCTA KHC 2014,KEYSTONE_230 KV_4 TX-S:345/138.Ashtabula.TR4,KEYSTONE-SHELOCTA KHC 2014  A  230 KV L345.ErieWest-Ashtabula-Perry
ESIDELIM138 KV  ESI-GOME,ESIDELIM_138 KV_ESI-GOME:L345.EastLima-MaddoxCreek,GOMER 138KV - ESIDELIM 138KV (ESIDELIM 138 KV ESI-GOME) L345.EastLima-MaddoxCreek
HOOVERSV 115 KV HOOVERSV-TOWER51 H1H2 1071,HOOVERSV_115 KV_HOO-TOW:L230.HomerCity-Quemahoning-Hooversville.2024,TOWER51 115KV - HOOVERSV 115KV (HOOVERSV 115 KV HOO-TOW) L230.HomerCity-Quemahoning.2024 (Sctnlz)
12 DRESDEN 45TR81 CT H 345 KV,12 DRESD_345 KV_TR81CT-P:L345.Lisle-Lockport.10801,12 DRESD 345KV - 12 DRESD 1KV (12 DRESD 345 KV TR81CT-P) L345.Lisle-Lockport.10801
CROZET 230 KV CROZET -DOOMS4 291A,CROZET_230 KV_291A:L500 Chickahominy-Elmont.557A(Sctnlz),CROZET 230KV - DOOMS4 230KV (CROZET 230 KV 291A) L500 Chickahominy-Elmont.557A(Sctnlz)
ENTRPRIS230 KV  2186A,ENTRPRIS_230 KV_2186A:L230.Belmont-CochranMill-GooseCreek.2286,SHELHORN 230KV - ENTRPRIS 230KV (ENTRPRIS 230 KV 2186A) L230.Belmont-CochranMill-GooseCreek.2286
BRUNNERI 230 KV BRUNNERI-WHEMPFIE 2305,BRUNNERI_230 KV_BRU-MID6:500/230.Conastone.500-4,BRUNNERI 230KV - WHEMPFIE 230KV (BRUNNERI 230 KV BRU-WHE) 500/230.Conastone.500-4
HOPEWEL4230 KV  228A,HOPEWEL4_230 KV_228A:L500.Morrisville-Spotsylvania.594,HOPEWEL4 230KV - CHESTER4 230KV (HOPEWEL4 230 KV 228A) L500.Morrisville-Spotsylvania.594
REDBANK 138 KV  RED-OAK,REDBANK_138 KV_RED-OAK:ACTUAL,REDBANK 138KV - 08OAKLEY 138KV (REDBANK 138 KV RED-OAK) L138.Rochelle-Terminal
BEDINGTO 500 KV BEDINGTO-BLACKOAK 500KV,BEDINGTO_500 KV_BED-BLA:L500.Hunterstown-Conastone.5013+Cap,MANOR 230KV - GRACETON 230KV (GRACETON 230 KV GRA-MANO) L500.Hunterstown-Conastone.5013
DOOMS4 500 KV DOOMS4 TX7H XFORMER,DOOMS4 500 KV 534A 553 LINE: ELMONT-CUNNINGHAM TX#2,DOOMS4   TX9      XFORMER   H  500 KV L500.Elmont-Cunningham.553
PALISADES-ROOSEVELT 345 L/O PALISADES-VERGENNES 345,PALISAD2_345 KV_PAL-ROO:Palisades-Vergennes 345 kV,Palisades-Vergennes 345 kV l/o Palisades-Roosevelt  345 kV Palisades-Roosevelt 345 kV
NOTTINGH 230 KV NOTTINGHM 2-3 SER DEV,NOTTINGHM 2-3 SER DEV A 230 KV:TEMP.DBL.500/230.CONASTONE.500-4 + Peach Bot - Conaston,NOTTINGHM 2-3 SER DEV       A  230 KV L500.Brighton-Conastone.5011
CHARLERO 138 KV CHARLERO-GORDEN,CHARLERO_138 KV_CHA-YUK:L500.Cabot-Keystone.5002,BELMON-CHARLERO CH-SLJ      A  138 KV L500.Cabot-Keystone.5002
BLOOMSBU69 KV   BLO-COL2,HUNLOCK_69 KV_HUN-KOO:L230.Harwood-Susquehanna.2,BLOOMSBU69 KV   BLO-COL2 L230.Harwood-Susquehanna.1
BUFFINGT138 KV  BUF-08F1,BUFFINGT_138 KV_BUF-08F1:ACTUAL,BUFFINGT 138KV - FLORNCE 138KV (BUFFINGT 138 KV BUF-08F1) L345.Tanners Creek-Dearborn1
SHAWVILL115 KV  BNK 1A-S,SHAWVILL_115 KV_BNK 1A-S:Ridgway-Whetstone 115 kV line,SHAWVILL 1KV - SHAWVILL 115KV (SHAWVILL 115 KV BNK 1A-S) Ridgway-Whetstone 115 kV line
BURCHESH 230 KV BURCHESH-TALBERT 23081,BURCHESH230 KV BUR-PAL3 OAK GROVE-TALBERT-MORGANTOWN 67/85,BURCHESH-TALBERT 23081      A  230 KV L500.Burches Hill-Chalk Point.5071
BELLEFON138 KV  BEL-HAN1,BELLEFON_138 KV_BEL-HAN1:ACTUAL,BELLEFON 138KV - HANGRTAP 138KV (BELLEFON 138 KV BEL-HAN1) BASE
BRISTERS 500 KV BRISTERS TX1 XFORMER,BRISTERS_500 KV_TX1:L500.Loudoun-Mosby.584A,BRISTERS 500KV - BRISTERS 230KV (BRISTERS 500 KV TX1) L500.Loudoun-Mosby.584A
NOTTINGH 230 KV NOTTINGHM 1-3 SER DEV,NOTTINGHM 2-3 SER DEV A 230 KV:TEMP.DBL.500/230.CONASTONE.500-4 + Peach Bot - Conaston,NOTTINGHM 1-3 SER DEV       A  230 KV L500.Conastone-PeachBottom.5012
BRIGHTON 230 KV BRIGHTON-MTZION 23123,MTZION_230 KV_MTZ-QUI4:L500.BurchesHill-PossumPoint.560,BRIGHTON 230KV - MTZION 230KV (BRIGHTON 230 KV BRI-MTZ5) L500.BurchesHill-PossumPoint.560
MARDELA-VIENNA 6708-1 A 69 KV,MARDELA_69 KV_MAR-VIE:L138.Loretto-Vienna.13780,MARDELA-VIENNA 6708-1       A  69 KV L230.IndianRvr-PineyGrve.23002+230/138.PinyGr.AT20
16901_138KV16901Z1_1_LN,16901_138 KV_16901 1:ACTUAL,16901 138KV - 169 MCGI 138KV (16901 138 KV 16901 1) BASE
SCOTTSVI 138 KV SCOTTSVI-BREMO_VP,SCOTTSVI_138 KV_SCO-BRE1:L230.Bremo-ForkUnion.2193 (Future),BREMO4 138KV - SCOTTSVI 138KV (SCOTTSVI 138 KV SCO-BRE1) L230.Bremo-ForkUnion.2193 (Future)
NAPLNN 138 KV NAP-MID,NAPLNN_138 KV_NAP-MID:L345.EastLima-FostoriaCentral,MIDWAYTE 138KV - NAPLNN 138KV (NAPLNN 138 KV NAP-MID) L345.EastLima-FostoriaCentral
CENTECIN69 KV   CEN-RIC,CENTECIN_69 KV_CEN-RIC:L345.EastLima-FostoriaCentral,CENTECIN 69KV - RICHMOPK 69KV (CENTECIN 69 KV CEN-RIC) L345.EastLima-FostoriaCentral
HARWOOD 230 KV HARWOOD 5 XFORMER,HARWOOD_230 KV_5:230/69.Harwood.T6,HARWOOD 230KV - HARWOOD 69KV (HARWOOD 230 KV 5) 230/69.Harwood.T6
HOPECREE230 KV  HOP-SIL,HOPECREE_230 KV_HOP-SIL:L500.PeachBottom-RockSprings.5014,HOPECREE 230KV - SILVERUN 230KV (HOPECREE 230 KV HOP-SIL) L500.PeachBottom-RockSprings.5014
KINGSTON_69KVKST-WOR_1_LN,KINGSTON_69 KV_KST-WOR:ACTUAL,WOVERDPL 69KV - KINGSTON 69KV (KINGSTON 69 KV KST-WOR) BASE
KEYSTONE 230 KV KEYSTONE-SHELOCTA KHC 2014,SHELOCTA_230 KV_NO2:L500.Keystone-SouthBend.5001(513),SHELOCTA 230KV - SHELOCTA 115KV (SHELOCTA 230 KV NO2) L500.Keystone-SouthBend.5001(513)
16 WAUKE345 KV  TR83CT-P,16 WAUKE_345 KV_TR83CT-P:L138.Waukegan-1607-RoundLake-Gurnee-Antioch.1607,16 WAUKE 345KV - 16 WAUKE 1KV (16 WAUKE 345 KV TR83CT-P) L138.Waukegan-1607-RoundLake-Gurnee-Antioch.1607
PA-CENT CONTINGENCY 4,TRANSFER INTERFACE: PA-CENT:L500.HOPATCONG-LACKAWANNA.5063,TRANSFER INTERFACE: PA-CENT L500.Hopatcong-Lackawanna.5063
STINGER 138 KV  STI-VAL,CONCORD_138 KV_CON-TWI:345/138.EastElkhart.T2 (Sctlz),VALLEYIM 138KV - STINGER 138KV (STINGER 138 KV STI-VAL) L138.EastElkhart-Mottville
DOEX530 345 KV  DOE-PIE2,DOEX530_345 KV_DOE-PIE2:L345.TannersCreek-Dearborn.1,DOEX530 345KV - PIERCE 345KV (DOEX530 345 KV DOE-PIE2) L345.TannersCreek-Dearborn.1
EVERTSUB_115KVEVE-STR_1_LN,EVERTSUB_115 KV_EVE-STR:ACTUAL,EVERTSUB115 KV  EVE-STR ELKO 230/138 #1 & FOREST LINE TERMINAL (APS)
BEDINGTO 138 KV BEDINGTO-NIPETOWN BRE1,NIPETOWN_138 KV_NIP-REI:L500.Bedington-Doubs,BEDINGTO 138KV - NIPETOWN 138KV (BEDINGTO 138 KV BED-NIP) L500.Bedington-Doubs
CORRIDOR138 KV  COR-MOR1,CORRIDOR_138 KV_COR-MOR1:L345.Vassell-HyattCS,CORRIDOR 138KV - MORSE 138KV (CORRIDOR 138 KV COR-MOR1) L345.Vassell-HyattCS
ROBM_LAS_138_FLO_BUNSONVIL_EUGENE_345,REYNOLD2_138 KV_REY-17G1:Eugene-Bunsonville 345,Robm_Las_138_flo_Bunsonvil_Eugene_345 L345.Bunsonville-Eugene
KAMMER2_138KVKAM-NAT_1_LN,KAMMER2_138 KV_KAM-NAT:ACTUAL,KAMMER2 138 KV  KAM-NAT ___BELMONT 500/138 #1 & #2 (APS)
NPORTSMO138 KV  NPO-SLU1,NPORTSMO_138 KV_NPO-SLU1:765/138.NorthProctorville.T2,SLUCASVI 138KV - NPORTSMO 138KV (NPORTSMO 138 KV NPO-SLU1) 765/138.NorthProctorville.T2
ELIMA   138 KV  ELI-HAV1,ELIMA_138 KV_ELI-HAV1:L345.EastLima-FostoriaCentral,HAVILAND 138KV - ELIMA 138KV (ELIMA 138 KV ELI-HAV1) L345.EastLima-FostoriaCentral
SPOTSLV 115 KV  GOL-SPOT,SPOTSLV_115 KV_GOL-SPOT:L500.Morrisville-Spotsylvania.594,SPOTSLV 115KV - GOLDDALE 115KV (SPOTSLV 115 KV GOL-SPOT) L500.Morrisville-Spotsylvania.594
GARDNERS_115KVGAR-TEX_1_LN,GARDNERS_115 KV_GAR-TEX:L500.Brighton-Conastone,TEXSEAST 115KV - GARDNERS 115KV (GARDNERS 115 KV GAR-TEX) L500.Brighton-Conastone.5011
08OAKLEY138 KV  CEN-OAK,08OAKLEY_138 KV_CEN-OAK:138/69.Mitchell.BK4,08OAKLEY 138KV - 08CNTRAL 138KV (08OAKLEY 138 KV CEN-OAK) 138/69.Mitchell.BK4
PLYMOUTH 230 KV PLYMOUTH-WHITPAIN 220-13,PLYMOUTH_230 KV_PLY-WHI3:L230.Whitpain-Roxborough-Westmoreland.220-65,WHITPAIN 230KV - PLYMOUTH 230KV (PLYMOUTH 230 KV PLY-WHI3) L230.Whitpain-Roxborough-Westmoreland.220-65
02FOWLES 138 KV 02FOWLES-PLSNTVLY,02FOWLES_138 KV_02F-02P1:L345.Avonlake-Juniper,02FOWLES 138KV - PLSNTVLY 138KV (02FOWLES 138 KV 02F-02P1) L345.Avonlake-Juniper
GLENARM 115 KV GELNARM-WINDYEDGE2 110512,GLENARM_115 KV_GLE-WIN2:L230.Graceton-Bagley-RaphaelRoad.2313,GLENARM 115KV - WINDYEDG 115KV (GLENARM 115 KV GLE-WIN2) L230.Graceton-Bagley-RaphaelRoad.2313
116 GOOD345 KV 11620,116 GOOD_345 KV_11622:L345.GoodingsGrove-Elwood.11620,900 ELWO 345KV - 116 GOOD 345KV (116 GOOD 345 KV 11622) L345.GoodingsGrove-Elwood.11620
CHICKHOM230 KV  2091A1,CHICKHOM_230 KV_2091A1:L500.Carson-Midlothian.563,CHICKHOM 230KV - ELKO4 230KV (CHICKHOM 230 KV 2091A1) L500.Carson-Midlothian.563
COLONIAL 115 KV COL.PIPE-RRIDGE2 110512,COLONIAL_115 KV_COL-ROC2:230/115.NorthEast.230-2,COL.PIPE-RRIDGE1 110511     B  115 KV L230.Graceton-Bagley.2304
JUNIATA_230KVJUN-LEW_1_LN,JUNIATA_230 KV_JUN-LEW:ACTUAL,JUNIATA 230KV - LEWISTOW 230KV (JUNIATA 230 KV JUN-LEW) L500.Juniata-Keystone.5004
64_BELLW_138KV51184_1_LN,64 BELLW_138 KV_5117 2:ACTUAL,5118 138KV - 64 BELLW 138KV (64 BELLW 138 KV 5118 4) BASE
MICKLETO 230 KV MICKLETO MICK #4 XFORMER,MICKLETO_230 KV_MICK #4:230/69.Mickleton.T1,MICKLETO 230KV - MICKLETO 69KV (MICKLETO 230 KV MICK #4) 230/69.Mickleton.T1
20_BRAID_345KV2001_1_LN,20 BRAID_345 KV_2001:L345.Bloom-DavisCreek.17907 + TR84 + L17908,20 BRAID 345KV - 66 E FRN 345KV (20 BRAID 345 KV 2001) L345.Bloom-DavisCreek.17907 + TR84 + L17908
ALLLUD4J 138 KV ALLLUD4J-ALLDAM6 ALJ-ALL,ALLLUD4J_138 KV_ALJ-ALL:L230.HomerCity-Shelocta-Keystone.2014,ALLLUD4J 138KV - ALLDAM6 138KV (ALLLUD4J 138 KV ALJ-ALL) L230.HomerCity-Shelocta-Keystone.2014
CLEARBRO138 KV  CLE-ROA1,CLEARBRO_138 KV_CLE-ROA1:L345.Cloverdale-MattFunk,CLEARBRO 138KV - ROANOKE 138KV (CLEARBRO 138 KV CLE-ROA1) L345.Cloverdale-MattFunk
TRENTON2 138 KV TRENTON2-HUSTON 3281,TRENTON2_138 KV_HUS-TRE:L345.EastBend-Terminal,HUSTON 138KV - TRENTON2 138KV (TRENTON2 138 KV HUS-TRE) L345.EastBend-Terminal
SCOTTSVI 138 KV SCOTTSVI-BREMO_VP,SCOTTSVI_138 KV_SCO-BRE1:L765.Cloverdale-JoshuaFalls,BREMO4 138KV - SCOTTSVI 138KV (SCOTTSVI 138 KV SCO-BRE1) L765.Cloverdale-JoshuaFalls
GLADE 230 KV GLADE-WARREN GES 2088,CORRYE_115 KV_COR-WAR:L230.Glade-Warren.2088,BURMA 115KV - PINEY 115KV (BURMA 115 KV BUR-PIN) L230.Glade-Warren.2088
GRACETON 230 KV GRACETON-SAFEHARB 2303,CONASTON_230 KV_CON-GRAC:L230.Conastone-Graceton.2323,GRACETON-SAFEHARB 2303      A  230 KV L230.Conastone-Graceton.2323
CARTANZA230 KV  CAR-SIL,CARTANZA_230 KV_CAR-SIL:L230.CedarCreek-SilverRun.23030,SILVERUN 230KV - CARTANZA 230KV (CARTANZA 230 KV CAR-SIL) L230.CedarCreek-SilverRun.23030
RICHLND 138 KV RICHLND-02RDGVL,RICHLND_138 KV_RIC-02R1:L138.Richland-Wauseon,RICHLND 138KV - 02RDGVL 138KV (RICHLND 138 KV RIC-02R1) L138.Richland-Naomi-Midway-Wauseon
CARSON4 230 KV  238A,CARSON4_230 KV_238A:L230.Winfall-SHrtford-Chowan-Ednton-Mackeys.2131,SAPONY 230KV - CARSON4 230KV (CARSON4 230 KV 238A) L230.Winfall-SHrtford-Chowan-Ednton-Mackeys.2131
BELMONT_138KVBEL-OAK_1_LN,BELMONT_138 KV_BEL-OAK:DTX138.Parkersburg.T3&4,OAKG APS 138KV - BELMONT 138KV (BELMONT 138 KV BEL-OAK) DTX138.Parkersburg.T3&4
APSOUTH CONTINGENCY 38,APSOUTH contingency 38 L500.Ladysmith-Possum Point.568,APSOUTH contingency 38 L500.Ladysmith-Possum Point.568
CLIFFORD138 KV  CLI-COL1,CLIFFORD_138 KV_CLI-COL1:L500.Cloverdale-Lexington.566,CLIFFORD 138KV - COLLEEN 138KV (CLIFFORD 138 KV CLI-COL1) L500.Cloverdale-Lexington.566
BRUNNERI 230 KV BRUNNERI-WHEMPFIE 2305,BRUNNERI_230 KV_BRU-WHE:230/115.Yorkana.T3,BRUNNERI 230KV - WHEMPFIE 230KV (BRUNNERI 230 KV BRU-WHE) 230/115.Yorkana.T3
EASTON 138 KV EASTON AT-1 XFORMER,EASTON_138 KV_AT-1:L138.Steele-Hillsboro-WyeMills.13761/13788,EASTON   AT-1     XFORMER   H  138 KV L138.Steele-Hillsboro-WyeMills.13761/13788
08LAPLJT138 KV  08L-SAN1,08LAPLJT_138 KV_08L-SAN1:L345.EastLima-MaddoxCreek,08LAPLJT 138KV - SANDERSO 138KV (08LAPLJT 138 KV 08L-SAN1) L345.EastLima-MaddoxCreek
ALLDAM6 138 KV ALLDAM6-KITTANNI SP-KT,ALLDAM6_138 KV_ALL-KIT:L500.BlackOak-Hatfield,ALLDAM6-KITTANNI SP-KT      A  138 KV MAXCR: 500/230.Keystone.T3+U1+U2+5001+02+03+04
STAFFORD 230 KV 2104B,STAFFORD_230 KV_2104B:L500.Morrisville-Spotsylvania.594,CRANESCR 230KV - STAFFORD 230KV (STAFFORD 230 KV 2104B) L500.Morrisville-Spotsylvania.594
BRUNOTIS 138 KV BRUNOTIS-COLLIER Z-40,BRUNOTIS_138 KV_BRU-COL0:BRUNOT ISLAND - COLLIER Z-41 138 KV LINE (DUQ),COLLIER 138KV - BRUNOTIS 138KV (BRUNOTIS 138 KV BRU-COL0) L138.Brunot Island-Collier.Z-41
SWLIMA  138 KV  SWL-WMO1,SWLIMA_138 KV_SWL-WMO1:138/69.Haviland.T4,SWLIMA 138KV - WMOULTON 138KV (SWLIMA 138 KV SWL-WMO1) 138/69.Haviland.T4
NILES   23 KV   TR7,NILES_23 KV_TR7:ACTUAL,NILES 23KV - NILES 14.4KV (NILES 23 KV TR7) BASE
77 MAZON-0108 0108 2 B 138 KV,77 MAZON_138 KV_0108 2:L345.Braidwood-EastFrankfort.2001,0108 138KV - 77 MAZON 138KV (77 MAZON 138 KV 0108 2) L345.Braidwood-EastFrankfort.2001
CACAPONT_138KVCAC-MESS_1_LN,CACAPONT_138 KV_CAC-MESS:L500.Bedington-BlackOak,MESSICRD 138KV - CACAPONT 138KV (CACAPONT 138 KV CAC-MESS) L500.Bedington-BlackOak
BOXWOOD_138KVBOX-REU1_1_LN,BOXWOOD_138 KV_BOX-REU1:L500.Cloverdale-Lexington.566,REUSENS 138KV - BOXWOOD 138KV (BOXWOOD 138 KV BOX-REU1) L500.Cloverdale-Lexington.566
KEYSTONE_T5_2304TX-S_XF,KEYSTONE_230 KV_4 TX-S:L345.Ashtabula-ErieWest,KEYSTONE 1KV - KEYSTONE 230KV (KEYSTONE 230 KV 4 TX-S) L345.Ashtabula-ErieWest
114_NORT_138KV114111_1_LN,114 NORT_138 KV_11411 1:ACTUAL,114_NORT_11413811412Z1_1_LN BASE
156 CHER 345 KV 156 CHERRY 45TR82 CT,156 CHER_138 KV_TR82CT-S:L345.CherryValley-SilverLake.15616,156 CHER 1KV - 156 CHER 138KV (156 CHER 138 KV TR82CT-S) L345.CherryValley-SilverLake.15616
CARS DUQ138 KV  CAR-OAK1,CARS DUQ_138 KV_CAR-OAK1:ACTUAL,CARS DUQ 138KV - OAKL DUQ 138KV (CARS DUQ 138 KV CAR-OAK1) L138.Forbes-Oakland.Z-48
EDINBUR4138 KV  TX4,EDINBUR4_138 KV_TX4:L500.Cloverdale-Lexington.566,EDINBUR4 138KV - EDINBUR4 115KV (EDINBUR4 138 KV TX4) L500.Cloverdale-Lexington.566
SAXTON-THREESPR 2K 1062 A 115 KV,SAXTON_115 KV_SAX-THR:L500.BlackOak-Hatfield,SAXTON-THREESPR 2K 1062     A  115 KV L500.Brighton-Conastone
SUGARCK-DRESSER-345 L/O CAYUGA-CAYUGACT-345,DRESSER_345 KV_DRE-MIR:Cayuga2-Cayuga CT 345kV,SugarCk-Dresser-345 l/o Cayuga-CayugaCT-345 Cayuga2-Cayuga CT 345kV
HYATTCS 345 KV  MAR-HYA2,HYATTCS_345 KV_MAR-HYA2:L765.Maliszewski-Marysville,MARYSVI2 345KV - HYATTCS 345KV (HYATTCS 345 KV MAR-HYA2) L765.Maliszewski-Marysville
DEERCR  138 KV  DEA-LON,DEERCR_138 KV_DEA-LON:ACTUAL,DEERCR 138KV - LONDONOE 138KV (DEERCR 138 KV DEA-LON) BASE
BRIGHTON_T1_500NO.1TR_XF,CLBHOUSE_230 KV_TX1:L500.MtStorm-Pruntytown.554,BRIGHTON 500KV - BRIGHTON 230KV (BRIGHTON 500 KV NO.1TR) L500.MtStorm-Pruntytown.554
SHELOCTA_T1_230NO2_XF,SHELOCTA_230 KV_NO2:ACTUAL,SHELOCTA 230KV - SHELOCTA 115KV (SHELOCTA 230 KV NO2) BASE
ASHBURN-COCHRANM 227A       B  230 KV,ASHBURN_230 KV_227B:L230.EvergreenMills-Brableton.2172,ASHBURN-COCHRANM 227A       B  230 KV L230.EvergreenMills-Brableton.2172
NSALISBU 69 KV NSALISBUR-PEMBERTON 6701-1,NSALISBU_69 KV_NSA-PEM:L230.IndianRiver-PineyGrove.23002,NSALISBUR-PEMBERTON 6701-1  B  69 KV L230.IndianRvr-PineyGrve.23002+230/138.PinyGr.AT20
ALLLUD4J 138 KV ALLLUD4J-ALLDAM6 ALJ-ALL,ALLLUD4J_138 KV_ALJ-ALL:L500.Keystone-SouthBend.5001(513),ALLLUD4J 138KV - ALLDAM6 138KV (ALLLUD4J 138 KV ALJ-ALL) L500.Keystone-SouthBend.5001(513)
VALERO  69 KV   VAL-VAPK,VALERO_69 KV_VAL-VAPK:L230.Bridgeport-Mickleton.2315,VALERO 69KV - VALEPKTP 69KV (VALERO 69 KV VAL-VAPK) L230.Bridgeport-Mickleton.2315
FARMERSV-RIDG PN RV 1048 A 115 KV,RIDG PN_115 KV_RID-WHE:L230.Forest-SquabHollow + SPS.Warren,FARMERSV 115KV - RIDG PN 115KV (FARMERSV 115 KV FAR-RID) L230.Forest-Glade
VIENNA 138 KV AT1,VIENNA_138 KV_AT1:ACTUAL,VIENNA  69 KV   VIE-VNL2 138/69.Easton.AT1 + L138.Steele-Easton.13712
MESSICRD_138KVMES-RID_1_LN,MESSICRD_138 KV_MES-RID:L500.Bedington-Doubs,RIDGELEY 138KV - MESSICRD 138KV (MESSICRD 138 KV MES-RID) L500.Bedington-Doubs.520
BAIR    115 KV  BAI-HIL,BAIR_115 KV_BAI-JAC:L230.Yorkana-BrunnerIsland + Yorkana.T1,BAIR 115KV - HILL 115KV (BAIR 115 KV BAI-HIL) L230.Yorkana-BrunnerIsland + Yorkana.T1
EPALMERT_230KVEPA-HAR_1_LN,EPALMERT_230 KV_EPA-HAR:ACTUAL,HARWOOD 230KV - EPALMERT 230KV (EPALMERT 230 KV EPA-HAR) BASE
GLASGOW 138 KV  GLA-KEE,GLASGOW_138 KV_GLA-KEE:L500.Conastone-PeachBottom.5012,KEENEY 138KV - GLASGOW 138KV (GLASGOW 138 KV GLA-KEE) L500.Conastone-PeachBottom.5012
ETOWANDA-NMESHOPP ETL 1057 B 115 KV,NMESHOPP_230 KV_4 TX:L115.EastTowanda-NorthMeshoppen.1057,NMESHOPP 115KV - ETOWANDA 115KV (ETOWANDA 115 KV ETO-NME) L230.AsylumTwp-EastTowanda
GERMANTO 115 KV GERMANTO-STRABAN 998,GERMANTO_115 KV_GER-STR:ACTUAL,GERMANTO-STRABAN 998        B  115 KV L500.Brighton-Waugh Chapel
NEWBERRY-ROUNDTOP 975-1 A 115 KV,NEWBERRY_115 KV_NEW-ROU:L500.Brighton-Conastone,NEWBERRY 115KV - ROUNDTOP 115KV (NEWBERRY 115 KV NEW-ROU) L500.Brighton-Conastone.5011
BLANCO_69KVBLA-CHUR_1_LN,BLANCO_69 KV_BLA-CHUR:230/138.CedarCreek.AT20,CHURCH 69KV - BLANCO 69KV (BLANCO 69 KV BLA-CHUR) 230/138.CedarCreek.AT20
DAUPHIN 230 KV DAUPHIN-JUNIATA 1087,DAUPHIN_230 KV_DAU-JUN:L500.Conastone-PeachBottom.5012,JUNIATA 230KV - DAUPHIN 230KV (DAUPHIN 230 KV DAU-JUN) L500.Conastone-PeachBottom.5012
CLY     115 KV  CLY-YOR,CLY_115 KV_CLY-YOR:L500.Conastone-PeachBottom.5012,YORKHAVE 115KV - CLY 115KV (CLY 115 KV CLY-YOR) L500.Conastone-PeachBottom.5012
SKIMMER4 115 KV SKIMMER4-BALCFALL 141A,SKIMMER4_115 KV_141A:L765.Cloverdale-JoshuaFalls,BALCFALL 115KV - SKIMMER4 115KV (SKIMMER4 115 KV 141A) L765.Cloverdale-JoshuaFalls
HOWARD-PUMPHREY 2332-B A 230 KV,WAGNER_230 KV_230-2:L230.BrandonShores-Wagner.2346,HOWARD 230KV - PUMPHREY 230KV (HOWARD 230 KV HOW-PUM) L230.BrandonShores-Wagner.2346
BED-BLA CONTINGENCY 42,APSOUTH contingency 36:L500.MtStorm-Pruntytown.554,WEST contingency 42 L500.MtStorm-Pruntytown.554
SCHUYLKI69 KV   SCH 5TR,SCHUYLKI_69 KV_SCH 5TR:ACTUAL,SCHUYLKI 13.8KV - SCHUYLKI 69KV (SCHUYLKI 69 KV SCH 5TR) BASE
DESPER  230 KV  DES-LOUI,DESPER_230 KV_DES-LOUI:L500.Morrisville-Spotsylvania.594,LOUISAPP 230KV - DESPER 230KV (DESPER 230 KV DES-LOUI) L500.Morrisville-Spotsylvania.594
120 LOMB345 KV  TR84CT-P,120 LOMB_345 KV_TR84CT-P:ACTUAL,120 LOMB 345KV - 120 LOMB 1KV (120 LOMB 345 KV TR84CT-P) BASE
BIRCHWD 230 KV  BIR-COMO,BIRCHWD_230 KV_BIR-COMO:ACTUAL,BIRCHWD 230KV - COMORNDP 230KV (BIRCHWD 230 KV BIR-COMO) BASE
BAKER_L2138 KV  BAK-BAKE,BAKER_L2_138 KV_BAK-BAKE:ACTUAL,BAKER_LN 138KV - BAKER_L2 138KV (BAKER_L2 138 KV BAK-BAKE) BASE
COLLINSV 138 KV COLLINSV-HUSTON 3281,COLLINSV_138 KV_HUS-COL:L765.Marysville-Sorenson,COLLINSV 138KV - HUSTON 138KV (COLLINSV 138 KV HUS-COL) L765.Marysville-Sorenson
IDYLWOO4230 KV  207A,IDYLWOO4_230 KV_207A:L230.Beaumead-Ashburn-PleasantView.274,BRADDOCK 230KV - IDYLWOO4 230KV (IDYLWOO4 230 KV 207A) L230.Beaumead-Ashburn-PleasantView.274
EASTON_T1_138AT-1_XF,EASTON_138 KV_AT-1:L138.Steele-Hillsboro-WyeMills.13761/13788,EASTON   AT-1     XFORMER   H  138 KV L138.Steele-Hillsboro-WyeMills.13761/13788
ALLENIM 138 KV  ALL-LOG,ALLENIM_138 KV_ALL-LOG:L765.Marysville-Sorenson,ALLENIM 138KV - LOGTOWN 138KV (ALLENIM 138 KV ALL-LOG) L765.Marysville-Sorenson
MIDDLETO 138 KV MIDDLETO-MTPLEASN 13808-2,MIDDLETO_138 KV_MID-TOW:Keeney-Steele.23009,MTPLEASN 138KV - MIDDLETO 138KV (MIDDLETO 138 KV MID-MTP) L230.Keeney-Steele.23009
CLIFTON 500 KV  TX2,CLIFTON_500 KV_TX2:L500.Ladysmith-Possum Point.568,CLIFTON 500KV - CLIFTON 230KV (CLIFTON 500 KV TX2) L500.Ladysmith-Possum Point.568
EAGLEVAL_115KVEAG-PHI_1_LN,EAGLEVAL_115 KV_EAG-PHI:ACTUAL,EAGLEVAL 115KV - PHILIPSB 115KV (EAGLEVAL 115 KV EAG-PHI) BASE
81 TOULO 138 KV 3 POWERTON-81 TOULON 0321,81 TOULO_138 KV_0321X:L345.Nelson-Electric Junction.15502,81 TOULO 138KV - 3 POWERT 138KV (81 TOULO 138 KV 0321X) L345.Nelson-ElectricJunction.15502
BRAMBLET 230 KV BRAMBLET-LOUDOUN4 2045A,BRAMBLET_230 KV_BRA-EVRG:L230.Brambleton-PolandRoad.2183,BRAMBLET230 KV  2045A L230.Brambleton-PolandRoad.2183
DOEX530 345 KV  DOE-PIE1,DOEX530_345 KV_DOE-PIE1:L765.Jefferson-Rockport,DOEX530 345KV - PIERCE 345KV (DOEX530 345 KV DOE-PIE1) L765.Jefferson-Rockport
FRGSNSOU69 KV   SMR-FRGS,FRGSNSOU_69 KV_SMR-FRGS:ACTUAL,SMRST_EK 69KV - FRGSNSOU 69KV (FRGSNSOU 69 KV SMR-FRGS) L765.Kammer-Belmont-Mountaineer+765/500.Belmont.T5
MOUN UGI 230 KV MOUN UGI 1 XFORMER,MOUN UGI_230 KV_1:ACTUAL,MOUN UGI 230KV - MOUN UGI 69KV (MOUN UGI 230 KV 1) 230/69.Mountain.T3(UGI) w/ 23030 closed
ARSENAL-BRUNOTIS 306 B 345 KV,ARSENAL_345 KV_ARS-BRU1:L345.Arsenal-BrunotIsland.306,ARSENAL-BRUNOTIS 306        B  345 KV L345.Arsenal-BrunotIsland.305
MONTOUR 230 KV  MON-SAE2,MONTOUR_230 KV_MON-SAE2:L230.Montour-Saegers.1,SAEGERS 230KV - MONTOUR 230KV (MONTOUR 230 KV MON-SAE2) L230.Montour-Saegers.1
MINUEST 230 KV MINUEST-SEWAREN R-2218,MINUEST_230 KV_MIN-SEW2:L230.Sewaren-MinueStreet-Linden.R-2218,SEWAREN 230KV - MINUEST 230KV (MINUEST 230 KV MIN-SEW) L500.Hopatcong-Ramapo.5018
LINE 69 KV MONR AE-VINELAND 0711-1,MONR AE_69 KV_MON-VINE:L69.Sherman-Vineland.0761,MONR AE-VINELAND 0711-1     A  69 KV L230.Churchtown-Orchard-Cumberland
DOEX530 345 KV  DOE-PIE2,DOEX530_345 KV_DOE-PIE2:L345.KygerCreek-Marquis,DOEX530 345KV - PIERCE 345KV (DOEX530 345 KV DOE-PIE2) L345.KygerCreek-Marquis
TRENTON2138 KV  TRE-COL1,TRENTON2_138 KV_TRE-COL1:L765.Flatlick-Marysville,COLLEGEC 138KV - TRENTON2 138KV (TRENTON2 138 KV TRE-COL1) L765.Flatlick-Marysville
CONASTON 5012/500-4 GCB C     500 KV,CONASTON_500 KV_500-4:TEMP: TMI-PeachBot 5007 & PeachBot-Conastone 5012,CONASTON 5012/500-4 GCB C     500 KV L500.PeachBottom-TMI.5007
LENOX_115KVLEN-MAC_1_LN,LENOX_115 KV_LEN-MAC:L500.Hopatcong-Lackawanna.5063,LENOX 115KV - MACNEW_T 115KV (LENOX 115 KV LEN-MAC) L500.Hopatcong-Lackawanna.5063
CORRIDOR138 KV  COR-MOR1,CORRIDOR_138 KV_COR-MOR1:345/138.JugStreet.XF5,CORRIDOR 138KV - MORSE 138KV (CORRIDOR 138 KV COR-MOR1) 345/138.JugStreet.XF5
STATE LINE 345/138 TR82 L/O BLUE ISLAND - BURNHAM 345 KV + BLUE ISLAND TR81,7 STATE_345 KV_TR82CT:DBL:L345.Burnham-BluIsl.17702+L345.Burnham-Calumet,7 STATE 345KV - 7 STATE 138KV (7 STATE 345 KV TR82CT) L345.Burnham-BlueIsl.17702 + 345/138.BluIsl.TR81
ASHBURN 230 KV  227B,ASHBURN_230 KV_227B:L230.EvergreenMills-YarleyRidge.2209,ASHBURN 230KV - BEAUMEAD 230KV (ASHBURN 230 KV 227B) L230.EvergreenMills-YarleyRidge.2209
ELDRED_230KVELD-SUN_1_LN,ELDRED_230 KV_ELD-SUN:ACTUAL,SUNBURY 230KV - ELDRED 230KV (ELDRED 230 KV ELD-SUN) L230.Columbia-Montour
NEWTON 345/138 2 L/O NEWTON 345/138 1,NEWTON 3_345 KV_TR1:Newton TR2 345/138,NEWTON 3 345KV - NEWTON 3 138KV (NEWTON 3 345 KV TR2) Newton TR1 345/138
MAROA-E GOOSECREEK 345KV L/O FARADAY-ARLOND 345KV,GOOSECRK_345 KV_GOO-MAR:Faraday-Arlond 345 kV,Maroa-E GooseCreek 345kV l/o Faraday-Arlond 345kV L345.Faraday-Arlond
KEENEY 230 KV KEENEY AT20 XFORMER,KEENEY_230 KV_AT20:L230.Harmony-Keeney.23013,KEENEY 230KV - KEENEY 138KV (KEENEY 230 KV AT20) L230.Harmony-Keeney.23013
REDHILL 115 KV  39C,REDHILL_115 KV_39C:L500.Elmont-Cunningham.553,REDHILL 115KV - SHERWOOD 115KV (REDHILL 115 KV 39C) L500.Elmont-Cunningham.553
LENOX 115 KV LENOX-NMESHOPP NML 1090,LENOX_115 KV_LEN-NME:L230.ETowanda-ScotchHollow-Grover (Sctnlz),NMESHOPP 115KV - LENOX 115KV (LENOX 115 KV LEN-NME) L230.ETowanda-ScotchHollow-Grover (Sctnlz)
FACEROCK_T2_1152_XF,FACEROCK_115 KV_2:L500.Conastone-PeachBottom.5012,FACEROCK FAROZBR  SER DEV   A  69 KV L500.Conastone-PeachBottom.5012
WESTWOOD 345-138 -BK1 L/O SORENSON-MARYSVIL-765,WESTWOOD_345 KV_1:L765.Marysville-Sorenson,WESTWOOD 345KV - WESTWOOD 138KV (WESTWOOD 345 KV 1) L765.Marysville-Sorenson
4609_138KV460-DES2_1_LN,4609_138 KV_460-DES2:ACTUAL,4609 138KV - 198 DESP 138KV (4609 138 KV 460-DES2) BASE
CONASTON-GRACETON 2323 B 230 KV,CONASTON_230 KV_CNS-GRA:L230.Conastone-Northwest.2310,CONASTON-GRACETON 2323      A  230 KV L230.Conastone-Northwest.2310
LAYMAN 138 KV LAYMAN-WOLFCREE 86,LAYMAN_138 KV_LAY-WOL:ACTUAL,LAYMAN-WOLFCREE 86          B  138 KV L765.Kammer-Belmont-Mountaineer
APSOUTH CONTINGENCY 8,APSOUTH contingency 8 CalvertCliffs.U2(for TLC),APSOUTH contingency 8 CalvertCliffs.U2
HUMMELCR138 KV  HUM-GRE1,HUMMELCR_138 KV_HUM-GRE1:L138.Greentown-Delco,GREENTO2 138KV - HUMMELCR 138KV (HUMMELCR 138 KV HUM-GRE1) L138.Greentown-Delco
EDELPHOS69 KV   EDE-NDE,EDELPHOS_69 KV_EDE-NDE:L138.Sterling-ESideLima-Gomer-NDelphos,NDELPHOS 69KV - EDELPHOS 69KV (EDELPHOS 69 KV EDE-NDE) L138.Sterling-ESideLima-Gomer-NDelphos
WEFOSTOR_138KVWES-WOOD_1_LN,WEFOSTOR_138 KV_WES-WOOD:L345.FostoriaCentral-Lallendorf,WOODVLTE 138KV - WEFOSTOR 138KV (WEFOSTOR 138 KV WES-WOOD) L345.FostoriaCentral-Lallendorf
HALLWOOD_69KVHAL-OAK_1_LN,HALLWOOD_69 KV_HAL-OAK:L69.OakHall-Perdue-Tasley.6778,OAKHALL 69KV - HALLWOOD 69KV (HALLWOOD 69 KV HAL-OAK) L69.OakHall-Perdue-Tasley.6778
MESSICRD 138 KV MESSICRD-MORGAN WC3,MESSICRD_138 KV_MES-RID:L500.Bedington-Doubs,MESSICRD-MORGAN WC3         A  138 KV L500.Bedington-BlackOak
MONEL 138 KV MON-REU1,MONEL_138 KV_MON-REU1:ACTUAL,REUSENS 138KV - MONEL 138KV (MONEL 138 KV MON-REU1) L765.Cloverdale-JoshuaFalls
CONASTON 230 KV CON-GRAC,CONASTON_230 KV_CON-GRAC:L500.Keeney-RockSprings.5025,CONASTON 230KV - GRACETON 230KV (CONASTON 230 KV CON-GRAC) L500.Keeney-RockSprings.5025
HUNTERST500 KV  1 BANK,HUNTERST_500 KV_1 BANK:L500.Hunterstown-Conastone.5013,HUNTERST 500KV - HUNTERST 230KV (HUNTERST 500 KV 1 BANK) L500.Hunterstown-Conastone.5013
MIDDLJCT 115 KV MIDDLJCT-YORKHAVE 977-1,MIDDLJCT_115 KV_MID-YOR7:L115.MiddletownJct-Collins.975 (Sctnlz),MIDDLJCT 115KV - YORKHAVE 115KV (MIDDLJCT 115 KV MID-YOR8) L115.MiddletownJct-Collins.975 (Sctnlz)
PRGEORGE230 KV  TX1,PRGEORGE_230 KV_TX1:L230.Surry-Yadkin.223,PRGEORGE 230KV - PRGEORGE 115KV (PRGEORGE 230 KV TX1) L230.Surry-Yadkin.223
ARSENAL-BRUNOTIS 306 B 345 KV,ARSENAL_345 KV_ARS-BRU2:L345.BrunotIsland-Tecumseh-Carson.302,BRUNOTIS 345KV - ARSENAL 345KV (ARSENAL 345 KV ARS-BRU2) L345.BrunotIsland-Tecumseh-Carson.302
IDYLWOO4 230 KV IDYLWOO4-CLARK4 202A,IDYLWOO4_230 KV_202A:L230.GooseCreek-Ashburn-Beaumeade.227,IDYLWOO4 230KV - CLARK4 230KV (IDYLWOO4 230 KV 202A) L230.GooseCreek-Ashburn-Beaumeade.227
111 ELEC 345 KV 111 ELECT J 45TR81 CT,111 ELEC_138 KV_TR81CT-S:345L11124 Electric Jct-Lombard 345 kV Line,111 ELEC138 KV  TR81CT-S 345L11124 Electric Jct-Lombard 345 kV Line
LAKEVIE4 230 KV LAKEVIE4-CLBHOUSE 254A,ALTAVSTA_138 KV_TX4:L500.Carson-RogersRoad.585,LAKEVIE4-CLBHOUSE 254A      B  230 KV L500.Carson-RogersRoad.585
ETOWANDA_230KVETO-HIL_1_LN,ETOWANDA_230 KV_ETO-HIL:ACTUAL,ETOWANDA 230KV - HILLSIDE 230KV (ETOWANDA 230 KV ETO-HIL) DBL.L500.Hopatcong-Lackawanna&Moshan-Champ-Lobo
HOPECREE_230KVHOP-SIL_1_LN,HOPECREE_230 KV_HOP-SIL:L500.HopeCreek-RedLion.5015,HOPECREE 230KV - SILVERUN 230KV (HOPECREE 230 KV HOP-SIL) L500.HopeCreek-RedLion.5015
SIEGFRIE 4 XFORMER H 230 KV,SIEGFRIE_230 KV_4:L500.Juniata-Sunbury.5046,SIEGFRIE 230KV - SIEGFRIE 138KV (SIEGFRIE 230 KV 4) L500.Juniata-Sunbury.5046
STURGIS 69 KV STURGIS-HOWE TIE,STURGIS_69 KV_STU-HOW1:138/69/34.Mottville.TX5,HOWE 69KV - STURGIS 69KV (STURGIS 69 KV STU-HOW1) 138/69/34.Mottville.TX5
PIERC_DK345 KV  BK17,PIERC_DK_345 KV_BK17:ACTUAL,PIERC_DK345 KV  BK17 L345.East Bend-Terminal
BURMA 115 KV BURMA-PINEY BA,BURMA_115 KV_BUR-PIN:L345.Armstrong-HomerCity,BURMA 115KV - PINEY 115KV (BURMA 115 KV BUR-PIN) L345.Armstrong-HomerCity
MITCHELL138 KV  MIT-WIL,MITCHELL_138 KV_MIT-WIL:L500.Cabot-Cranberry,MITCHELL 138KV - WILSON 138KV (MITCHELL 138 KV MIT-WIL) L500.Cabot-Cranberry
SUSQUEHA 500 KV SUSQUEHA 21 XFORMER,SUSQUEHA_500 KV_21:L500.Lackawanna-Shickshinny.5062,SUSQUEHA 500KV - SUSQUEHA 230KV (SUSQUEHA 500 KV 21) L500.Lackawanna-Shickshinny.5062
IDYLWOO4 230 KV IDYLWOO4-CLARK4 202A,IDYLWOO4_230 KV_202A:L500.Clifton-Mosby.559A,IDYLWOO4 230KV - CLARK4 230KV (IDYLWOO4 230 KV 202A) L500.Clifton-Mosby.559A
NEWCARLI138 KV  NEW-PLE,NEWCARLI_138 KV_NEW-PLE:L345.Cook-Segreto,NEWCARLI 138KV - PLETCHER 138KV (NEWCARLI 138 KV NEW-PLE) L345.Cook-Segreto
APSOUTH CONTINGENCY 39,APSOUTH contingency 39 L500.Dooms-Cunningham.534,APSOUTH contingency 39 L500.Dooms-Cunningham.534
ASHLAND 138 KV  ASH-HOWA,ASHLAND_138 KV_ASH-HOWA:ACTUAL,ASHLAND 138KV - HOWARD2 138KV (ASHLAND 138 KV ASH-HOWA) BASE
RICHLND 138 KV  RIC-WAUS,RICHLND_138 KV_RIC-WAUS:ACTUAL,RICHLND 138KV - WAUSEON 138KV (RICHLND 138 KV RIC-WAUS) L138.Richland-Ridgeville-Stryker
SALTSPRG 138 KV SALTSPRG-MASURY,SALTSPRG_138 KV_SAL-MAS1:TEMP:Niles-Shenango + Saltsprg-Masury,SALTSPRG 138KV - MASURY 138KV (SALTSPRG 138 KV SAL-MAS1) L345.Niles-Shenango
NBRISTOL 138 KV NBRISTOL-WOLFHILL,NBRISTOL_138 KV_NBR-WOL1:L138.Abingdon-ClinchRiver,WOLFHILL 138KV - NBRISTOL 138KV (NBRISTOL 138 KV NBR-WOL1) Temp: L138.Abingdon-ClinchRiver
GORDONSV 230 KV GORDONSV-LOUISACT 2088A,GORDONSV_230 KV_2088A:L500.Morrisville-Spotsylvania.594,LOUISACT 230KV - GORDONSV 230KV (GORDONSV 230 KV 2088A) L500.Morrisville-Spotsylvania.594
SMITHJCT 115 KV SMITHJCT-SMITHST 967,SMITHJCT_115 KV_SMI-SMI:230/115.MiddletownJct.T5,SMITHJCT 115KV - SMITHST 115KV (SMITHJCT 115 KV SMI-SMI) 230/115.MiddletownJct.T5
CARRCROF138 KV  CAR-EDG,CARRCROF_138 KV_CAR-EDG:ACTUAL,EDGEMOOR 138KV - CARRCROF 138KV (CARRCROF 138 KV CAR-EDG) BASE
BERCON  69 KV   BER-BERW,BERCON_69 KV_BER-BERW:L230.Harwood-Susquehanna.2,BERCON 69KV - BERWICK 69KV (BERCON 69 KV BER-BERW) L230.Harwood-Susquehanna.2
ETOWANDA230 KV  ETO-SCO,ETOWANDA_230 KV_ETO-SCO:ACTUAL,ETOWANDA 230KV - SCOTCHHO 230KV (ETOWANDA 230 KV ETO-SCO) L230.EastTowanda-Canyon-NMeshoppen
ATHENIA 138 KV ATHENIA-FAIRLAWN I-1361,BERGEN_138 KV_BER-FAIM:L138.Fairlawn-KullerRoad.L-1364,ATHENIA-FAIRLAWN I-1361     B  138 KV L138.Fairlawn-Kuller Road.L-1364
BEAV DUQ138 KV  BEA-CRE8,BEAV DUQ_138 KV_BEA-CRE8:L345.Crescent-Mansfield,BEAV DUQ 138KV - CRES DUQ 138KV (BEAV DUQ 138 KV BEA-CRE8) L345.Crescent-Mansfield
APSOUTH CONTINGENCY 31,APSouth Interface:500/138.Bedington.T2&T4 + 500.Cap.2&3 (Sctnlz F),APSOUTH contingency 48 500/138.Bedington.T2 + 500.Cap.2&3 (Sctnlz)
SHAWVILL115 KV  BNK 1A-S,SHAWVILL_115 KV_BNK 1A-S:L230.Forest-SquabHollow,SHAWVILL 1KV - SHAWVILL 115KV (SHAWVILL 115 KV BNK 1A-S) L230.Forest-SquabHollow
PRGEORGE230 KV  TX1,PRGEORGE_230 KV_TX1:500/230.Carson.TX2 (Sctnlz),PRGEORGE 230KV - PRGEORGE 115KV (PRGEORGE 230 KV TX1) 500/230.Carson.TX2 (Sctnlz F)
TANNERS CREEK-MIAMI FORT 345 KV L/O MIAMI FORT UNIT 8,TANNERSC_345 KV_TAN-DEA1:L345.Tanners Creek-Miami Fort,LINE    138 KV  Miami Fort-Hebron 138 kv l/o Tanners Creek-Dearborn 345 kV FG LINE    345 KV  TAN-DEA1CMPLINE DUMMY
NATRIUM 138 KV NATRIUM-NEWMARTI,NATRIUM2_138 KV_NAT-NEW:ACTUAL,NEWMARTI 138KV - NATRIUM2 138KV (NATRIUM2 138 KV NAT-NEW) RAS.L500.Belmont-Harrison + Pleasants.U2
LINE 230 KV CEDARSUB-CEDARGRO CED-CEDY,CEDARSUB_230 KV_CED-CEDY:L230.Roseland-William.S-2297,CEDARSUB 230KV - CEDARGRO 230KV (CEDARSUB 230 KV CED-CEDY) L230.Roseland-William.S-2297
PORTUNIO345 KV  20,PORTUNIO_345 KV_20:ACTUAL,PORTUNIO 345KV - PORTUNIO 138KV (PORTUNIO 345 KV 20) L345.Zimmer-SilverGrove-RedBank & 345/138.SG.T23
BAGLEY  230 KV  BAG-RAP5,BAGLEY_230 KV_BAG-RAP5:ACTUAL,BAGLEY 230KV - RAPHAERD 230KV (BAGLEY 230 KV BAG-RAP5) L500.Brighton-Conastone.5011
94 HAURD138 KV 96101,94 HAURD_138 KV_96101:Bergen.CC1,961 LEE 138KV - 94 HAURD 138KV (94 HAURD 138 KV 96101) Bergen.CC1
BAYSHOR2138 KV  TR01,BAYSHOR2_138 KV_TR01:ACTUAL,BAYSHOR2 138KV - BAYSHOR2 4.2KV (BAYSHOR2 138 KV TR01) BASE
MICKLETO69 KV   MIC-VAL,MICKLETO_69 KV_MIC-VAL:ACTUAL,VALERO 69KV - MICKLETO 69KV (MICKLETO 69 KV MIC-VAL) BASE
AP SOUTH REACTIVE TRANSFER INTERFACE,TRANSFER INTERFACE: BED-BLA:MtStorm.U1,TRANSFER INTERFACE: BED-BLA CalvertCliffs.U1(for TLC)
EDELPHOS_69KVEDE-NDE_1_LN,EDELPHOS_69 KV_EDE-NDE:L765.Marysville-Sorenson,NDELPHOS 69KV - EDELPHOS 69KV (EDELPHOS 69 KV EDE-NDE) 765/345.Marysville.T2
MONTGOMERY-LABADIE 4 345 KV L/O BELLEAU-MONTGOMERY 345 KV,LABADIE3_345 KV_30886312:ENON 345 1-BELLEAU 345-ROOT 345 1,MONTGMR3 345KV - LABADIE3 345KV (LABADIE3 345 KV 30886312) ENON 345 1-BELLEAU 345-ROOT 345 1
SAWMILL -DUBLIN   SAW-DUB1  A  138 KV,SAWMILL_138 KV_SAW-DUB1:L345.Beatty-Cole,SAWMILL 138KV - DUBLIN 138KV (SAWMILL 138 KV SAW-DUB1) L345.Beatty-Cole
ALBIONIM 138 KV ALBIONIM-NORTHPOR TIE,ALBIONIM_138 KV_ALB-NOR1:ACTUAL,NORTHPOR 138KV - ALBIONIM 138KV (ALBIONIM 138 KV ALB-NOR1) Robison Park 345/138 T5 XF
ESAYRE_115KVESA-NWA_1_LN,ESAYRE_115 KV_ESA-NWA:L345.Mainesburg-Watercure [NYISO],ESAYRE_115KVESA-NWA_1_LN L345.Mainesburg-Watercure [NYISO]
PARADISE_BR_TAP_161KV_FLO_GIBSON_AB_BROWN_345KV,BR_TAP_161 KV_BRT-PAR:Gibson-AB Brown 345 kV,PARADIS 161KV - BR_TAP 161KV (BR_TAP 161 KV BRT-PAR) Gibson-AB Brown 345 kV
MAPLEOE 138 KV  MAP-ZEL,MAPLEOE_138 KV_MAP-ZEL:L500.Cabot-Cranberry,MAPLEOE 138KV - ZELIENOP 138KV (MAPLEOE 138 KV MAP-ZEL) L500.Cabot-Cranberry
NEWCARLI138 KV  NEW-PLE,NEWCARLI_138 KV_NEW-PLE:L345.Cook-Olive,NEWCARLI 138KV - PLETCHER 138KV (NEWCARLI 138 KV NEW-PLE) L345.Cook-Olive
COLLEGE CORNER - COLLINSVILLE 138 KV L/O TANNERSCREEK - DEARBORN 345 KV,COLLEGEC_138 KV_COL-DRE1:TANNERSCREEK COLLEGE CORNER2 138KV LINE,COLLEGEC138 KV  COL-DRE1 TANNERSCREEK COLLEGE CORNER2 138KV LINE
HARVARD 230 KV  HAR-MTV1,HARVARD_230 KV_HAR-MTV1:ACTUAL,HARVARD 230KV - MTVERPEP 230KV (HARVARD 230 KV HAR-MTV1) BASE
110 DEVO 138 KV 110 DEVO-11414 11414 2,110 DEVO_138 KV_11414 2:ACTUAL,110 DEVO 138KV - 11414 138KV (110 DEVO 138 KV 11414 2) BASE
GREENFOE 138 KV GREENFOE-NASA,GREENFOE_138 KV_GRE-NAS1:L345.Beaver-DavisBesse,GREENFOE 138KV - NASA 138KV (GREENFOE 138 KV GRE-NAS1) L345.Beaver-DavisBesse
ESAYRE_115KVESA-NWA_1_LN,ESAYRE_115 KV_ESA-NWA:L500.Breinigsville-Wescosville.5044,ESAYRE_115KVESA-NWA_1_LN L500.Breinigsville-Wescosville.5044
16_WAUKE_T2_345TR83CT-P_XF,16 WAUKE_345 KV_TR83CT-P:ACTUAL,16 WAUKE 345KV - 16 WAUKE 1KV (16 WAUKE 345 KV TR83CT-P) BASE
DUNEACRE - MICHCITY1 138 KV L/O BABCOCK - STILLWELL 345 KV,DUNEACRE_138 KV_DUN-MIC1:L345.Babcock-Stillwell,DUNEACRE 138KV - MICHIGA2 138KV (DUNEACRE 138 KV DUN-MIC1) L345.Babcock-Stillwell
COLONIAL 115 KV COL.PIPE-GLENARM2 110512,COLONIAL_115 KV_COL-ROC2:L230.Graceton-Bagley-RaphaelRoad.2313,COLONIAL 115KV - GLENARM 115KV (COLONIAL 115 KV COL-GLE2) L230.Graceton-Bagley-RaphaelRoad.2313
EDINBUR4 138 KV EDINBUR4 TX3 XFORMER,EDINBUR4_138 KV_TX4:L500.Cloverdale-Lexington.566,EDINBUR4 138KV - EDINBUR4 115KV (EDINBUR4 138 KV TX3) L500.Cloverdale-Lexington.566
CURRYVIL115 KV  CUR-SAX,CURRYVIL_115 KV_CUR-SAX:DTX115.Bedford.Load1+L115.BedfordNorth-SnakeSpring,CURRYVIL 115KV - SAXTON 115KV (CURRYVIL 115 KV CUR-SAX) DTX115.Bedford.Load1+L115.BedfordNorth-SnakeSpring
911INDUS138 KV  911-NEWC,911INDUS_138 KV_911-NEWC:L345.Hoytdale-Mansfield,NEWCASOE 138KV - 911INDUS 138KV (911INDUS 138 KV 911-NEWC) L345.McClelland-Shenango & Hoytdale-Mansfield
ALBIONIM 138 KV ALBIONIM-NORTHPOR TIE,ALBIONIM_138 KV_ALB-BURN:L765.Dumont-Sorenson,NORTHPOR 138KV - ALBIONIM 138KV (ALBIONIM 138 KV ALB-NOR1) L765.Dumont-Sorenson
STATELINE TR82 XF 345/138KV L/O BURNHAM-CALUMET-TAYLOR 345KV,7 STATE_345 KV_TR82CT:L345.177 Burnham-150 Calumet-153 Taylor.17724,7 STATE 345KV - 7 STATE 138KV (7 STATE 345 KV TR82CT) L345.Burnham-Calumet-Taylor.17724
ASPENSLR115 KV  ASP-SHAD,ASPENSLR_115 KV_ASP-SHAD:L500.Conastone-PeachBottom.5012,SHADEGAP 115KV - ASPENSLR 115KV (ASPENSLR 115 KV ASP-SHAD) L500.Conastone-PeachBottom.5012
CANYON_230KVCAN-NME_1_LN,CANYON_230 KV_CAN-NME:ACTUAL,CANYON 230KV - NMESHOPP 230KV (CANYON 230 KV CAN-NME) L500.Breinigsville-Wescosville.5044
ELDRED_T2_2301_XF,STIFFIN_138 KV_T2 XF:ACTUAL,FRACKVIL 230KV - SIEGFRIE 230KV (FRACKVIL 230 KV FRA-SIE) L230.Eldred-Frackvil + 230/69.Eldred.T2&Frackv.T3
DIXONVIL115 KV DIX-GLO,DIXONVIL_115 KV_DIX-GLO:ACTUAL,GLORY 115KV - DIXONVIL 115KV (DIXONVIL 115 KV DIX-GLO) BASE
NORTHWOO_T1_2306BANK_XF,NORTHWOO_115 KV_NOR-NOR4:L500.Hosensack-SteelCity.5032,NORTHWOO 230KV - NORTHWOO 115KV (NORTHWOO 230 KV 6 BANK) L500.Hosensack-SteelCity.5032
HAYNIE 115 KV HAY-PIN,HAYNIE_115 KV_HAY-PIN:L345.HandsomeLake-Wayne,PINEY 115KV - HAYNIE 115KV (HAYNIE 115 KV HAY-PIN) L345.HandsomeLake-Wayne
EBERSOLE-FOSTORIA  EBE-FOS2  B  138 KV,EBERSOLE_138 KV_EBE-FOS2:L345.EastLima-FostoriaCentral,FOSTORIA 138KV - EBERSOLE 138KV (EBERSOLE 138 KV EBE-FOS2) L345.EastLima-FostoriaCentral
4_QUAD_C_T2_345TR218_XF,4 QUAD C_345 KV_TR1 18:ACTUAL,4 QUAD C 18KV - 4 QUAD C 345KV (4 QUAD C 345 KV TR1 18) BASE
NAMPTON_138KVNHA-SIE1_1_LN,NAMPTON_138 KV_NHA-SIE1:ACTUAL,SIEGFRIE 138KV - NAMPTON 138KV (NAMPTON 138 KV NHA-SIE1) BASE
HAYES_FE138 KV  AVE-HAYE,HAYES_FE_138 KV_AVE-HAYE:345/138.Beaver.T2,HAYES_FE 138KV - AVERY 138KV (HAYES_FE 138 KV AVE-HAYE) 345/138.Beaver.T2
HOPECREE230 KV  HOP-SIL,HOPECREE_230 KV_HOP-SIL:ACTUAL,HOPECREE 230KV - SILVERUN 230KV (HOPECREE 230 KV HOP-SIL) L500.HopeCreek-RedLion.5015
114 NORT 138 KV 114 NORTHWS 38L11412 Z1,114 NORT_138 KV_11412 Z1:ACTUAL,114 NORT138 KV  11412 Z1 BASE
JACKSNVL138 KV  PAR-JACK,JACKSNVL_138 KV_PAR-JACK:138/69.Renaker.T1813,JACKSNVL 138KV - PARISTAP 138KV (JACKSNVL 138 KV PAR-JACK) 138/69.Renaker.T1813
KILMER_230KVKIL-LAKI_1_LN,KILMER_230 KV_KIL-SAYI:L230.Sayreville-Kilmer-LakeNelson.W-1037,KILMER 230KV - LAKENELS 230KV (KILMER 230 KV KIL-LAKI) L230.Sayreville-Kilmer-LakeNelson.W-1037
AQUAHAR 230 KV  2119,AQUAHAR_230 KV_AQU-GAR1:ACTUAL,AQUAHAR 230 KV  2119 L500.Bristers-Ox.539
EDANVILL 230 KV EDANVILL-ROXBOR14,EDANVILL_230 KV_EDA-ROX1:L500.Carson-RogersRoad.585,ROXBOROG 230KV - EDANVILL 230KV (EDANVILL 230 KV EDA-ROX1) L500.Carson-RogersRoad.585
SIEGFRIE 4 XFORMER H 230 KV,SIEGFRIE_230 KV_5:230/138.Siegfried.4,SIEGFRIE 230KV - SIEGFRIE 138KV (SIEGFRIE 230 KV 4) 230/138.Siegfried.5 (Sctnlz)
SHICKSVI138 KV  SHI-SOWR,SHICKSVI_138 KV_SHI-SOWR:ACTUAL,SOWERS 138KV - SHICKSVI 138KV (SHICKSVI 138 KV SHI-SOWR) BASE
BERGEN 230 KV BERGEN-LEONIA K-2289,BERGEN_230 KV_BER-LEO:L230.Bergen-Leonia.K-2289,SADDLEBR 230KV - MAYWOOD 230KV (MAYWOOD 230 KV MAY-SAD) L230.Bergen-Leonia.K-2289
112 WILT 765 KV 112 WILTON 65TR94 CT,112 WILT_765 KV_TR94CT-P:L765.Collins - Plano.2315,112 WILT345 KV  TR94CT-S L765.Collins - Plano.2315
LOCKWOOD 138 KV LOCKWOOD-RICHLND TIE,LOCKWOOD_138 KV_LOC-RIC1:L765.Flatlick-Marysville,LOCKWOOD 138KV - RICHLND 138KV (LOCKWOOD 138 KV LOC-RIC1) L765.Flatlick-Marysville
LEESVILL 138 KV LEESVILL-SMITHMOU,LEESVILL_138 KV_LEE-SMI1:L138.Redeye-Candlers-OpossumCreek,SMITHMOU 138KV - LEESVILL 138KV (LEESVILL 138 KV LEE-SMI1) L138.Redeye-Candlers-OpossumCreek
08LAPLJT_138KV08L-SAN1_1_LN,08LAPLJT_138 KV_08L-SAN1:ACTUAL,08LAPLJT 138KV - SANDERSO 138KV (08LAPLJT 138 KV 08L-SAN1) Jefferson-Rockport 765+Rockport Unit 2
ESIDELIM138 KV  ESI-GOME,ESIDELIM_138 KV_ESI-GOME:L138.AllenIM-Logtown,GOMER 138KV - ESIDELIM 138KV (ESIDELIM 138 KV ESI-GOME) L138.AllenIM-Logtown
GARDNERS 115 KV GARDNERS-TEXSEAST GAR-TEX,GARDNERS_115 KV_GAR-TEX:L115.Jackson-JEBaker-Taxville.966 (Sctnlz),TEXSEAST 115KV - GARDNERS 115KV (GARDNERS 115 KV GAR-TEX) L115.Jackson-JEBaker-Taxville.966 (Sctnlz)
AP SOUTH REACTIVE TRANSFER INTERFACE,TRANSFER INTERFACE: BED-BLA:L500.Hatfield-RhodesLane.517,TRANSFER INTERFACE: APSOUTH SPS.L500.BlackOak-Hatfield&500/138.BlackOak.T3
GRACETON230 KV  GRA-MANO,GRACETON_230 KV_GRA-MANO:500/230.Conastone.500-4,MANOR 230KV - GRACETON 230KV (GRACETON 230 KV GRA-MANO) 500/230.Conastone.500-4
CHARLERO 138 KV CHARLERO-MITCHELL MI-CH-2,CHARLERO_138 KV_CHA-YUK:L138.Charleroi-Belmon-SheplerJCT-Mitchell-Yukon,CHARLERO 138KV - MITCHELL 138KV (CHARLERO 138 KV CHA-MIT) L138.Charleroi-DryRun-Mitchell
WESTERN REACTIVE TRANSFER INTERFACE,Western Interface:L500.Keystone-SouthBend.5001(513),TRANSFER INTERFACE: BED-BLA L500.Conemaugh-Keystone.5003
MANOR   69 KV   MAN-SAF4,MANOR_69 KV_MAN-SAF4:ACTUAL,SAFEHARB 69KV - MANOR 69KV (MANOR 69 KV MAN-SAF4) BASE
HARINGSC_T1_138BK430_XF,HARINGSC_138 KV_BK430:ACTUAL,HARINGSC 69KV - HARINGSC 138KV (HARINGSC 138 KV BK430) BASE
127 MATT 138 KV 127 MATT-6604 6604 2,127 MATT_138 KV_6604 2:E Fra-Goodi Red (11602) 345 Line,6604 138KV - 127 MATT 138KV (127 MATT 138 KV 6604 2) L345.GoodingsGr-E.Frankfort.11602  SPOG 3-29
ETOWANDA 230 KV ETOWANDA 3 TX XFORMER,MANS PN_115 KV_1 TX 3:L230.ETowanda-ScotchHollow-Grover-Marshall,ETOWANDA 230KV - ETOWANDA 115KV (ETOWANDA 230 KV 3 TX) L230.ETowanda-ScotchHollow-Grover-Marshall
NELSON - ELECTRIC JUNCTION (15502) 345 KV L/O BYRON - WAYNE 345 KV,6 BYRON_345 KV_621:L345.Nelson-Electric Junction.15502,6 Byron-156 Cherry Valley 0621 l/o Nelson-Electric Junction L345.Nelson-ElectricJunction.15502
DRANESVL230 KV  2062A,DRANESVL_230 KV_2062A:L230.Beaumead-Ashburn-PleasantView.274,RESTON 230KV - DRANESVL 230KV (DRANESVL 230 KV 2062A) L230.Beaumead-Ashburn-PleasantView.274
AUGTINE 138 KV  08A-08W2,AUGTINE_138 KV_08A-08W2:ACTUAL,08WLDER1 138KV - AUGTINE 138KV (AUGTINE 138 KV 08A-08W2) BASE
EELKHART138 KV  EEL-MOT1,EELKHART_138 KV_EEL-ELC1:345/138.RobisonPark.T5,EELKHART138 KV  EEL-MOT1 L345.Cook-Segreto
AQUAHAR 230 KV  2119,POSSUMP4_230 KV_2078Z:L500.NorthAnna-Spotsylvania.573,AQUAHAR 230 KV  2119 L500.NorthAnna-Spotsylvania.573
ROCKWOOD115 KV  ROC-SOM,ROCKWOOD_115 KV_ROC-SOM:ACTUAL,SOME PN 115KV - ROCKWOOD 115KV (ROCKWOOD 115 KV ROC-SOM) BASE
MIAMIFOR 345 KV MIAMIFOR 9 XFORMER,MIAMIFOR_345 KV_9:345/138.MiamiFort.T10,MIAMIFOR 345KV - MIAMIFOR 138KV (MIAMIFOR 345 KV 9) 345/138.MiamiFort.T10
MANOR   69 KV   MAN-SAF2,MANOR_69 KV_MAN-SAF3:L230.OtterCrk-SafeHarbor-Manor.2302,MANOR   69 KV   MAN-SAF2 L230.OtterCreek-SafeHarbor-Manor
ALTAVIS269 KV   35C1,ALTAVIS2_69 KV_35C1:ACTUAL,KLOPMNTP 69KV - ALTAVIS2 69KV (ALTAVIS2 69 KV 35C1) BASE
49STREET230 KV 49T-HOBR,49STREET_230 KV_49T-HOBR:ACTUAL,49STREET230 KV  49T-HOBR HUDSON 220-2 LINE(HUDSON BUS TIES CLOSED)
107 DIXO138 KV 10714,107 DIXO_138 KV_10714:ACTUAL,107 DIXO 138KV - 169 MCGI 138KV (107 DIXO 138 KV 10714) (NUKE) L345.Nelson-ElectricJunction.15502
RICHLND 138 KV RICHLND-NAOMIJUN,RICHLND_138 KV_TR-1:ACTUAL,RICHLND-NAOMIJUN            A  138 KV L138.Richland-Ridgeville-Stryker
AMDEASTN115 KV  AMD-NORT,AMDEASTN_115 KV_AMD-NORT:L230.MartinsCreek-Portland.1008,NORTHWT14502 115KV - AMDEASTN 115KV (AMDEASTN 115 KV AMD-NORT) L230.MartinsCreek-Portland.1008
BEATTY  138 KV  BEA-BOL,BEATTY_138 KV_BEA-BOL:L345.Beatty-Cole,BEATTY 138KV - BOLTON 138KV (BEATTY 138 KV BEA-BOL) L345.Beatty-Cole
MAHANSLA 138 KV MAHANS LANE-TIDD,MAHANSLA_138 KV_MAH-TID:L500.Kammer-502Jct+765/500.Kammer.200 (IROL),TIDD_AEP 138KV - MAHANSLA 138KV (MAHANSLA 138 KV MAH-TID) L500.Kammer-502Jct + 765/500.Kammer.200
HAYNIE 115 KV HAY-PIN,HAYNIE_115 KV_HAY-PIN:345/138.Ashtabula.TR9,PINEY 115KV - HAYNIE 115KV (HAYNIE 115 KV HAY-PIN) 345/138.Ashtabula.TR9
CRES DUQ 138 KV CRESCENT-MONT DUQ Z-24,CRES DUQ_138 KV_CRE-MON:Crescent-Collier-Brunot 331 (DUQ) 345 KV LINE,CRES DUQ 138KV - MONT DUQ 138KV (CRES DUQ 138 KV CRE-MON) L345.Crescent-Collier-BrunotIsland.331
HOMERCIT_230KVHOM-SHE_1_LN,HOMERCIT_230 KV_HOM-SHE:345/138.Ashtabula.TR4,SHELOCTA 230KV - HOMERCIT 230KV (HOMERCIT 230 KV HOM-SHE) 345/138.Ashtabula.TR4 & Seneca #1 + #2 pump
FACEROCK 2 XFORMER L 69 KV,FACEROCK_69 KV_TR2:ACTUAL,FACEROCK 2        XFORMER   L  69 KV Conastone-Graceton 230kv
OX4 230 KV OX4 -GALLWSRD 2097B,OX4_230 KV_2097B:L500.Clifton-Ox.561+500/230.Clifton.TX2,OX4 230KV - GALLWSRD 230KV (OX4 230 KV 2097B) L500.Clifton-Ox.561+500/230.Clifton.TX2
MEADOWBR-STRASBUR MST A 138 KV,BETHEL_138 KV_BET-RIVU:L500.Loudoun-Meadowbrook.5535,MEADOWBR-STRASBUR MST       A  138 KV L500.Loudoun-Meadowbrook.5535
PRGEORGE230 KV  TX1,PRGEORGE_230 KV_TX1:L500.Carson-Midlothian.563,PRGEORGE 230KV - PRGEORGE 115KV (PRGEORGE 230 KV TX1) L500.Carson-Midlothian.563
BETHEL-RIVERTON RLU B 138 KV,BETHEL_138 KV_BET-RIVU:L500.Dooms-Cunningham.534,RIVERTON 138KV - BETHEL 138KV (BETHEL 138 KV BET-RIVU) L500.Dooms-Cunningham.534
FRENCHSM_138KVFRE-JUN_1_LN,FRENCHSM_138 KV_FRE-JUN:L500.Bedington-Black Oak,JUNCTION 138KV - FRENCHSM 138KV (FRENCHSM 138 KV FRE-JUN) L500.Bedington-BlackOak
MIAMI FORT 9 345/138 KV L/O MIAMI FORT - TERMINAL 345 KV,MIAMIFOR_345 KV_9:L345.MiamiFort-Terminal.4514,MIAMIFOR 345KV - MIAMIFOR 138KV (MIAMIFOR 345 KV 9) L345.MiamiFort-Terminal.4514
NW-TAP-PURDUE 13820 L/O DEQUINE-MEADOWLAKE 345KV-LINE2,08NW TAP_138 KV_NWT-WES:L345.Dequine-Eugene,NW-tap-Purdue 13820 l/o Dequine-MeadowLake 345kV-line2 L345.Dequine-MeadowLake.2
66 E FRN 345 KV 66 E FRN TR83CT-P XFORMER,66 E FRN_138 KV_TR83CT-S:345L11602 SF Goodings Grove-E Frank 345kV SPOG3-29,66 E FRN 345KV - 66 E FRN 1KV (66 E FRN 345 KV TR83CT-P) L345.GoodingsGr-E.Frankfort.11602 (SF) SPOG 3-29
MEADOWVI138 KV  MEA-SAL1,MEADOWVI_138 KV_MEA-SAL1:ACTUAL,SALTVILL 138KV - MEADOWVI 138KV (MEADOWVI 138 KV MEA-SAL1) BASE
SALTSBUR 138 KV SALTSBUR-SOCIALHA SA-SH,SALTSBUR_138 KV_SAL-SOC:L500.Cabot-Cranberry,SALTSBUR 138KV - SOCIALHA 138KV (SALTSBUR 138 KV SAL-SOC) L500.Cabot-Cranberry
COLONIAL 115 KV COL.PIPE-GLENARM2 110512,COLONIAL_115 KV_COL-ROC2:230/115.NorthEast.230-2,COLONIAL 115KV - GLENARM 115KV (COLONIAL 115 KV COL-GLE2) 230/115.NorthEast.230-2
HARWOOD_T2_2305_XF,STIFFIN_138 KV_T2 XF:ACTUAL,SIEGFRIE 230KV - FRACKVIL 230KV (FRACKVIL 230 KV FRA-SIE) L230.EPalm-Harwood+230/69.EPalm.T2
CARL_PN_115KVCAR-GAR_1_LN,CARL PN_115 KV_CAR-GAR:L500.Brighton-Conastone,GARDNERS 115KV - CARL PN 115KV (CARL PN 115 KV CAR-GAR) L500.Brighton-Conastone.5011
FRACKVIL 230 KV FRACKVIL-SIEGFRIE,FRACKVIL_230 KV_FRA-SIE:L500.Breinigsville-Wescosville.5044,FRACKVIL 230KV - SIEGFRIE 230KV (FRACKVIL 230 KV FRA-SIE) L500.Breinigsville-Wescosville.5044
BRAMBLET 230 KV BRAMBLET-LOUDOUN4 2045A,LOUDOUN4_230 KV_2008A:L500.Brambleton-Mosby.590A,BRAMBLET-LOUDOUN4 2045A     A  230 KV L500.Brambleton-Mosby.590A
COLLEGEC138 KV  COL-RIC1,COLLEGEC_138 KV_COL-RIC1:L765.Marysville-Sorenson,RICHMOND 138KV - COLLEGEC 138KV (COLLEGEC 138 KV COL-RIC1) L765.Marysville-Sorenson
CITYNEWC_138KVCIT-NEW_1_LN,CITYNEWC_138 KV_CIT-NEW:ACTUAL,CITYNEWC 138KV - NEWCASTL 138KV (CITYNEWC 138 KV CIT-NEW) BASE
CHATFIEL138 KV  CHA-MEL,CHATFIEL_138 KV_CHA-MEL:L138.Howard-Melmore,MELMORE 138KV - CHATFIEL 138KV (CHATFIEL 138 KV CHA-MEL) L138.Howard-Melmore
HAVILAND_138KVHAV-TIM_1_LN,HAVILAND_138 KV_HAV-TIM:L345.EastLima-MaddoxCreek,TIMBERRD 138KV - HAVILAND 138KV (HAVILAND 138 KV HAV-TIM) L345.EastLima-MaddoxCreek
CONASTON_500KVCNS-PEA_1_LN,CONASTON_500 KV_CNS-PEA:ACTUAL,PEACHBOT 500KV - CONASTON 500KV (CONASTON 500 KV CNS-PEA) L500.PeachBottom-TMI.5007
CHICKHOM230 KV  2091A1,CHICKHOM_230 KV_2091A1:L500.Elmont-Ladysmith.574,CHICKHOM 230KV - ELKO4 230KV (CHICKHOM 230 KV 2091A1) L500.Elmont-Ladysmith.574
COOLSPRI69 KV   COL-LAN,COOLSPRI_69 KV_COL-LAN:ACTUAL,COOLSPRI 69KV - LANKREA 69KV (COOLSPRI 69 KV COL-LAN) BASE
EPALMERT 230 KV EPALMERT-HARWOOD EPA-HAR,EPALMERT_230 KV_EPA-HAR:L500.Hopatcong-Lackawanna.5063,HARWOOD 230KV - EPALMERT 230KV (EPALMERT 230 KV EPA-HAR) L500.Hopatcong-Lackawanna.5063
EMILIE-ROLL PE 130-39 A 138 KV,ROLL PE_138 KV_ROL-STE:L230.Croydon-Burlington.D-220-30,EMILIE 138KV - ROLL PE 138KV (EMILIE 138 KV EMI-ROL) L230.Croydon-Burlington.D-220-30
ECLIPSE 115 KV ECL-PIN,ECLIPSE_115 KV_ECL-PIN:L345.ErieWest-Wayne.3004,PINEY 115KV - ECLIPSE 115KV (ECLIPSE 115 KV ECL-PIN) L345.ErieWest-Wayne.3004
DESOTO  138 KV  DES-SEL,DESOTO_138 KV_DES-SEL:L765.Jefferson-Rockport,DESOTO 138KV - SELMAPAR 138KV (DESOTO 138 KV DES-SEL) L765.Jefferson-Rockport
TIDD_AEP 345 KV TIDD_AEP B-P XFORMER,TIDD_AEP_138 KV_B-S:L345.Tidd-Collier.301,TIDD_AEP 1KV - TIDD_AEP 138KV (TIDD_AEP 138 KV B-S) L345.Tidd-Collier.301
MUSEVILL138 KV  MUS-SMIT,MUSEVILL_138 KV_MUS-SMIT:ACTUAL,MUSEVILL 138KV - SMITHMOU 138KV (MUSEVILL 138 KV MUS-SMIT) L765.JacksonsFerry-Cloverdale + 138CB.JF.L
RICHLND_138KVRIC-02R1_1_LN,RICHLND_138 KV_RIC-02R1:ACTUAL,RICHLND 138KV - 02RDGVL 138KV (RICHLND 138 KV RIC-02R1) L138.Richland-Naomi-Midway-Wauseon
BIGSANDY138 KV  BIG-BUS1,BIGSANDY_138 KV_BIG-BUS1:L138.BigSandy-Inez,BIGSANDY 138KV - BUSSEYVI 138KV (BIGSANDY 138 KV BIG-BUS1) L138.BigSandy-Inez
EDENSRID138 KV  EDE-WKI1,EDENSRID_138 KV_EDE-WKI1:L500.Broadford-Sullivan (TVA) Tie,WKINGSPO 138KV - EDENSRID 138KV (EDENSRID 138 KV EDE-WKI1) L500.Broadford-Sullivan (TVA) Tie
MARIONCO161 KV  MAR-MARI,CASEYCO_161 KV_MAR-CASE:ACTUAL,MARIONCO161 KV  MAR-MARI BASE
KEENEY 500 KV KEENEY-ROCKSPRI 5025,MASTER_230 KV_MAS-NPH:L500.Keeney-RockSprings.5025,KEENEY-ROCKSPRI 5025        B  500 KV HOPE CREEK 1 GEN UNIT (for SA)
CLBHOUSE 230 KV CLBHOUSE TX1 XFORMER,CLBHOUSE_230 KV_TX1:L500.BrunswickSwitchingStationHeritage-Wake.570,CLBHOUSE 230KV - CLBHOUSE 115KV (CLBHOUSE 230 KV TX1) L500.BrunswickSwitchingStationHeritage-Wake.570
BAGLEY  230 KV  BAG-RAP5,BAGLEY_230 KV_BAG-RAP5:L230.Graceton-FvFrks.110510 + 230/115.Grctn.230-1,BAGLEY 230KV - RAPHAERD 230KV (BAGLEY 230 KV BAG-RAP5) L230.Graceton-FvFrks.110510 + 230/115.Grctn.230-1
50045005 5,50045005 5:Conemaugh-Keystone 500 kV,50045005 5 L500.Conemaugh-Keystone.5003
TIDD_AEP138 KV  B-S,TIDD_AEP_138 KV_B-S:L345.Tidd-Collier.301,TIDD_AEP 1KV - TIDD_AEP 138KV (TIDD_AEP 138 KV B-S) L345.Tidd-Collier.301
HOMERCIT 345 KV HOMERCIT S.AUTO-P XFORMER,HOMERCIT_345 KV_S.AUTO-P:L345.ErieWest-Ashtabula-Perry,HOMERCIT 1KV - HOMERCIT 345KV (HOMERCIT 345 KV S.AUTO-P) L345.ErieWest-Ashtabula-Perry
SPRUANCE_230KV282A_1_LN,SPRUANCE_230 KV_282A:L500.Carson-Midlothian.563,SPRUANCE 230KV - IRONBRI4 230KV (SPRUANCE 230 KV 282A) L500.Carson-Midlothian.563
MIDLOTH_T4_500TX6_XF,MIDLOTH_500 KV_TX6:L500.Carson-Midlothian.563,MIDLOTH 500KV - MIDLOTH 230KV (MIDLOTH 500 KV TX6) L500.Carson-Midlothian.563
WHITAKER115 KV  1001B,WHITAKER_115 KV_1001B:L500.BrunswickSwitchingStationHeritage-Wake.570,CONSLDSL 115KV - WHITAKER 115KV (WHITAKER 115 KV 1001B) L500.BrunswickSwitchingStationHeritage-Wake.570
BOYKINS -MURPHY   108A      A  115 KV,BOYKINS_115 KV_108A:L115.Pecan-Carolina.1010,BOYKINS 115KV - MURPHY 115KV (BOYKINS 115 KV 108A) L115.Pecan-Carolina.1010
EDDINGTO 230 KV EDDINGTO-HOLMETAP 220-56,HOLMETAP_230 KV_HOLT-RIC:L230.Croydon-Burlington.D-220-30,EDDINGTO 230KV - HOLMETAP 230KV (EDDINGTO 230 KV EDD-HOLT) L230.Croydon-Burlington.D-220-30
CHURCH 69 KV CHURCH-NEWMERED 6704-1,CHURCH_69 KV_CHU-NME:L69.Harrington-SouthHarrington.6739,CHURCH 69KV - NEWMERED 69KV (CHURCH 69 KV CHU-NME) L69.Harrington-SouthHarrington.6739
CRESCENT RIDGE - CORBIN 138 KV L/O KEWANEE- CRESCENT RIDGE 138 KV,CRBN_138 KV_CRB-CRES:L138.74Kewanee-981Crescent.7413,981 CRES 138KV - CRBN 138KV (CRBN 138 KV CRB-CRES) L138.74Kewanee-981Crescent.7413
SMAWA_69KVSMA-UPP_1_LN,SMAWA_345 KV_SMA-WALK:ACTUAL,SMAWA 69KV - UPPERSAD 69KV (SMAWA 69 KV SMA-UPP) BASE
KENZIECR345 KV  TR1,KENZIECR_345 KV_TR1:L765.Dumont-Sorenson,KENZIECR 345KV - KENZIECR 138KV (KENZIECR 345 KV TR1) L765.Dumont-Sorenson
8605    138 KV  8605 2,8605_138 KV_8605 2:ACTUAL,8605    138 KV  8605 2 BASE
ATLANTIC 230 KV ATLANTIC-SRIVER P1030,ATLANTIC_230 KV_ATL-SRI:L230.Parlin-Williams-Freneau.K1025,SRIVER 230KV - ATLANTIC 230KV (ATLANTIC 230 KV ATL-SRI) L230.Parlin-Williams-Freneau.K1025
DEQUINE 345 KV DEQ-EUG1,DEQUINE_345 KV_DEQ-EUG1:ACTUAL,DEQUINE 345KV - EUGENE 345KV (DEQUINE 345 KV DEQ-EUG1) BASE
BENTONHA138 KV  BEN-WES1,BENTONHA_138 KV_BEN-WES1:345/138.KenzieCreek.T1 (Sctnlz),BENTONHA 138KV - WESTSTRE 138KV (BENTONHA 138 KV BEN-WES1) 345/138.KenzieCreek.T1 (Sctnlz)
49STREET230 KV 49T-HOBR,49STREET_230 KV_49T-HOBR:L230.Roseland-William.S-2297,HOBOKEN 230KV - 49STREET 230KV (49STREET 230 KV 49T-HOBR) L230.Roseland-William.S-2297
15001   138 KV  15001 B,15001_138 KV_15001 B:ACTUAL,955 RIVE 138KV - 15001 138KV (15001 138 KV 15001 B) BASE
DOEX530 345 KV  DOE-PIE2,DOEX530_345 KV_DOE-PIE2:L500.Broadford-Sullivan (TVA) Tie,DOEX530 345KV - PIERCE 345KV (DOEX530 345 KV DOE-PIE2) L500.Broadford-Sullivan (TVA) Tie
02RDGVL_138KV02R-STRY_1_LN,02RDGVL_138 KV_02R-STRY:ACTUAL,02RDGVL 138KV - STRYKER 138KV (02RDGVL 138 KV 02R-STRY) BASE
ALBRIGHT_138KVALB-GAR_1_LN,ALBRIGHT_138 KV_ALB-GAR:L500.Bedington-Doubs,ALBRIGHT 138KV - GARRETT 138KV (ALBRIGHT 138 KV ALB-GAR) L500.Bedington-Doubs
CROOKSVI138 KV  CRO-CAN1,CROOKSVI_138 KV_CRO-CAN1:ACTUAL,CANNELVI 138KV - CROOKSVI 138KV (CROOKSVI 138 KV CRO-CAN1) BASE
GREYSPT-RAPPAHAN 1021A1     A  115 KV,GREYSPT_115 KV_GRE-HARM:L230.Fredericksburg-Birchwood.2083,GREYSPT 115KV - RAPPAHAN 115KV (GREYSPT 115 KV GRE-RAP2) L230.Fredericksburg-Birchwood.2083
LOCKS -CHAPRLTP 249A B 230 KV,LOCKS_230 KV_249A:L500.Carson-Midlothian.563,CHAPRLTP 230KV - LOCKS 230KV (LOCKS 230 KV 249A) L500.Carson-Midlothian.563
ALCOAFE 138 KV  ALC-BAR,ALCOAFE_138 KV_ALC-BAR:ACTUAL,BARBERTO 138KV - ALCOAFE 138KV (ALCOAFE 138 KV ALC-BAR) L345.Juniper-Star
BIGPINET_138KVBIG-KIS_1_LN,BIGPINET_138 KV_BIG-KIS:L345.Ashtabula-ErieWest,KISKIVAL 138KV - BIGPINET 138KV (BIGPINET 138 KV BIG-KIS) L345.Ashtabula-ErieWest & Seneca#1 Pump
BELMONT 500 KV BELMONT TRAN 3 XFORMER,BELMONT_500 KV_TRAN 3:500/138.Belmont.T1&T2,BELMONT  TRAN  3  XFORMER   H  500 KV 765/500.Belmont.T5+500/138.Belmont.T1&T2
KAMMER2 138 KV  TX4,KAMMER2_138 KV_TX4:L345.Kammer-WestBellaire,KAMMER2 138KV - KAMMER2 69KV (KAMMER2 138 KV TX4) L345.Kammer-WestBellaire
ALLDAM6_138KVALL-KIT_1_LN,ALLDAM6_138 KV_ALL-KIT:L345.ErieWest-Ashtabula-Perry,ALLDAM6 138KV - KITTANNI 138KV (ALLDAM6 138 KV ALL-KIT) L345.ErieWest-Ashtabula-Perry
BEAVER-JOHNSOFE             A  138 KV,JOHNSOFE_138 KV_JOH-LAK2:L138.Johnson-LakeAvenue.1,BEAVER 138KV - JOHNSOFE 138KV (BEAVER 138 KV BEA-JOH1) L345.Beaver-LakeAvenue.1
BROADFO2 765 KV BROADFO2 . 1 XFORMER,BROADFO2_765 KV_. 1:L500.Broadford-Sullivan (TVA) Tie,BROADFO2 .  1     XFORMER   H  765 KV L500.Broadford-Sullivan (TVA) Tie
GOOSECRE_T1_500TX1_XF,GOOSECRE_500 KV_TX1:ACTUAL,GOOSECRE 500KV - GOOSECRE 230KV (GOOSECRE 500 KV TX1) L500.Clifton-Mosby.559A
HOMERCIT 345 KV HOMERCIT S.AUTO-P XFORMER,HOMERCIT_345 KV_S.AUTO-P:345/138.Ashtabula.TR4,HOMERCIT 1KV - HOMERCIT 345KV (HOMERCIT 345 KV S.AUTO-P) 345/138.Ashtabula.TR4
POSSUMP4500 KV  TX1,POSSUMP4_500 KV_TX1:L230.LadysmithCT-SummDP-MineRd-Fredericksburg.2090,POSSUMP4 500KV - POSSUMP4 230KV (POSSUMP4 500 KV TX1) L230.LadysmithCT-SummDP-MineRd-Fredericksburg.2090
CHESTNUT115 KV  CHE-FRE7,CHESTNUT_115 KV_CHE-FRE7:ACTUAL,CHESTNUT115 KV  CHE-FRE7 GRANITE-HOWARD-PUMPHREY 2332 & PUM TRANSFORMER
APSOUTH CONTINGENCY 68,APSouth Interface:L500.Hunterstown-Vinco.5068,APSOUTH contingency 68 L500.Hunterstown-Vinco.5068
EVRGREEN230 KV  EVR-YARD,EVRGREEN_230 KV_EVR-YARD:L230.Brambleton-PolandRoad.2183,EVRGREEN 230KV - YARDRIDG 230KV (EVRGREEN 230 KV EVR-YARD) L230.Brambleton-PolandRoad.2183
NEWCARLI138 KV  NEW-PIN1,NEWCARLI_138 KV_NEW-PIN1:L765.Dumont-Sorenson,NEWCARLI 138KV - PINEROAD 138KV (NEWCARLI 138 KV NEW-PIN1) L765.Dumont-Sorenson
MAHOMET OCB1303 138KV L/O GOOSECREEK - RISING 345KV,WEEDMAN3_138 KV_1592 4:L345.GooseCreek-LegHorn [ILL_EQ],Mahomet OCB1303 138kV l/o GooseCreek - Rising 345kV L345.Rising-GooseCreek [ILL_EQ]
ECLIPSE 115 KV ECL-PIN,ECLIPSE_115 KV_ECL-PIN:L345.Armstrong-HomerCity,PINEY 115KV - ECLIPSE 115KV (ECLIPSE 115 KV ECL-PIN) L345.Armstrong-HomerCity
SMITHTON 138 KV SMITHTON-YUKON SLJ-YU,SMITHTON_138 KV_SMI-YUK2:L500.FtMartin-Ronco.516,SMITHTON-YUKON SLJ-YU       B  138 KV L500.Hatfield-Ronco
MEADOWBR-STRASBUR MST A 138 KV,FIELDALE_138 KV_FIE-THO1:L765.JacksonsFerry-Cloverdale + 138CB.JF.L,MEADOWBR-STRASBUR MST       A  138 KV L765.JacksonsFerry-Cloverdale + 138CB.JF.L
FEAGANSM_138KVFEA-STO_1_LN,FEAGANSM_138 KV_FEA-STO:L500.Bedington-Black Oak,STONEWAL 138KV - FEAGANSM 138KV (FEAGANSM 138 KV FEA-STO) L500.Bedington-BlackOak
LINE 138 KV BECKJORD-PIERC_DK 1889,PIERC_DK_345 KV_BK17:L345.Pierce-Foster,PIERC_DK 138KV - BECKJORD 138KV (BECKJORD 138 KV PIE-BEC4) L345.Pierce-Foster
AEP-DOM CONTINGENCY 50,AEP-DOM Interface:L500.Dooms-Valley.549,AEP-DOM contingency 50 L500.Dooms-Valley.549
SMITHTON 138 KV SMITHTON-YUKON SLJ-YU,SMITHTON_138 KV_SMI-YUK:L138.Charleroi-Yukon,SMITHTON-YUKON SLJ-YU       B  138 KV L500.Hatfield-Ronco
SALTSPRG 138 KV SALTSPRG-MASURY,SALTSPRG_138 KV_SAL-MAS1:L138.Lowellville-Lincoln Park,SALTSPRG 138KV - MASURY 138KV (SALTSPRG 138 KV SAL-MAS1) L138.Lowellville-Lincoln Park
ERDMAN 115 KV ERDMAN-MONUMEST 110557,ERDMAN_115 KV_ERD-MON7:L500.Brighton-Conastone.5011,ERDMAN 115KV - MONUMEST 115KV (ERDMAN 115 KV ERD-MON7) L500.Brighton-Conastone.5011
SALTSBUR 138 KV SALTSBUR-SOCIALHA SA-SH,SALTSBUR_138 KV_SAL-SOC:L138.Springdale-MurryCreek (Sctnlz),SALTSBUR 138KV - SOCIALHA 138KV (SALTSBUR 138 KV SAL-SOC) L138.Springdale-MurryCreek (Sctnlz)
DUPSEAFD-LAURELDP 6736 B 69 KV,DUPSEAFD_69 KV_DUP-PIN:L230.IndianRiver-PineyGrove.23002,DUPSEAFD 69KV - LAURELDP 69KV (DUPSEAFD 69 KV DUP-LAU) L230.IndianRiver-PineyGrove.23002
BATTLEBO115 KV  1001A,BATTLEBO_115 KV_1001A:L230.Carolina-Lakeview.2141,BATTLEBO 115KV - CONSLDSL 115KV (BATTLEBO 115 KV 1001A) L230.Carolina-Lakeview.2141
COLLIER_T2_345T1_XF,COLLIER_345 KV_T2:BRUNOT ISLAND 345/138KV XF,COLLIER 345 KV  T2 BRUNOT ISLAND 345/138KV XF
PASSYUNK69 KV   PAS-SWA,PASSYUNK_69 KV_PAS-SWA:ACTUAL,PASSYUNK 69KV - SWARK 69KV (PASSYUNK 69 KV PAS-SWA) L230.GraysFerry-Tunnel.220-89 + 230/13.GrysFrry.T1
SHELOCTA 230 KV SHELOCTA NO2 XFORMER,SHELOCTA_230 KV_NO2:L500.Cabot-Keystone.5002,SHELOCTA 230KV - SHELOCTA 115KV (SHELOCTA 230 KV NO2) L500.Cabot-Keystone.5002
EWAYNESB_138KVEWA-RIN_1_LN,EWAYNESB_138 KV_EWA-RIN:L500.Bedington-Doubs,RINGGOLD 138KV - EWAYNESB 138KV (EWAYNESB 138 KV EWA-RIN) L500.Bedington-Doubs
FACEROCK69 KV   FAROZBR,FACEROCK_69 KV_FAROZBR:L230.Conastone-Graceton.2323,FACEROCK69 KV   FAROZBR L230.Conastone-Graceton.2323
ETOWANDA-HILLSIDE 2002 TIE  A   230 KV,ETOWANDA_230 KV_ETO-HIL:500/230.Lackawanna.T4,ETOWANDA 230KV - HILLSIDE 230KV (ETOWANDA 230 KV ETO-HIL) 500/230.Lackawanna.T4
ALLDAM6_138KVALL-KIT_1_LN,ALLDAM6_138 KV_ALL-KIT:L345.ErieWest-Wayne.3004,ALLDAM6 138KV - KITTANNI 138KV (ALLDAM6 138 KV ALL-KIT) L345.ErieWest-Wayne.3004
3ROCKY 115 KV 3ROCKY -BATTLEBO 123A,3ROCKY_115 KV_123A:L230.Everetts-Greenville.218 [CPL],3ROCKY 115KV - BATTLEBO 115KV (3ROCKY 115 KV 123A) L230.Everetts-Greenville.218 [CPL]
LENOX 115 KV LENOX-NMESHOPP NML 1090,LENOX_115 KV_LEN-NME:Lenox-NMeshopp 1090 & Lackawanna-OXBOW DBL,NMESHOPP 115KV - LENOX 115KV (LENOX 115 KV LEN-NME) L230.Lackawanna-Oxbow-NMeshoppen (Sctnlz F)
ANTHONYT138 KV  ANT-LIN2,ANTHONYT_138 KV_ANT-LIN2:345/138.RobisonPark.T5,LINCOLN2 138KV - ANTHONYT 138KV (ANTHONYT 138 KV ANT-LIN2) 345/138.RobisonPark.T5
ELIMA   138 KV  ELI-HAV1,ELIMA_138 KV_ELI-HAV1:138/69.Haviland.T4 (Sctnlz),HAVILAND 138KV - ELIMA 138KV (ELIMA 138 KV ELI-HAV1) 138/69.Haviland.T4 (Sctnlz)
MAHANSLA 138 KV MAHANS LANE-TIDD,CARNEGIE_138 KV_CAR-WEI:WEIRTON-MAHANS LANE 138 KV (APS),CARNEGIE-TIDD 138 KV        A  138 KV L38.Mahans Lane-Tidd
EVERTSUB115 KV  EVE-MAI,EVERTSUB_115 KV_EVE-MAI:L230.ETowanda-Hillside.2002 [NYISO],EVERTSUB 115KV - MAINESBG 115KV (EVERTSUB 115 KV EVE-MAI) L230.ETowanda-Hillside.2002 [NYISO]
GLENARM 115 KV GELNARM-WINDYEDGE2 110512,GLENARM_115 KV_GLE-WIN2:L230.Graceton-Bagley-RaphaelRoad.2305,GLENARM 115KV - WINDYEDG 115KV (GLENARM 115 KV GLE-WIN2) L230.Graceton-Bagley-RaphaelRoad.2305
WEFOSTOR138 KV WEF-02W1,WEFOSTOR_138 KV_WES-WOOD:L345.FostoriaCentral-Lemoyne,WEFOSTOR138 KV  WEF-02W1 L345.FostoriaCentral-Lemoyne
OLIVE   345 KV  2-P,OLIVE_138 KV_2-S:L345.Cook-Olive,OLIVE 1KV - OLIVE 345KV (OLIVE 345 KV 2-P) L345.Cook-Olive
NEWCARLI138 KV  NEW-NWN2,NEWCARLI_138 KV_NEW-NWN2:ACTUAL,NEWCARLI 138KV - NEWCARNI 138KV (NEWCARLI 138 KV NEW-NWN2) L138.Bosserman-Bosserni-NewCarlisle.Line1
08LAPLJT138 KV  08L-SAN1,08LAPLJT_138 KV_08L-SAN1:L765.Maliszewski-Marysville,08LAPLJT138 KV  08L-SAN1 L765.Maliszewski-Marysville
WILSON  138 KV  WIL-WMI2,WILSON_138 KV_WIL-WMI2:L500.Cabot-Keystone.5002,WILSON 138KV - WMIFFLIN 138KV (WILSON 138 KV WIL-WMI2) L500.Cabot-Keystone.5002
EVERTSUB-STROY EVE-STR A 115 KV,EVERTSUB_115 KV_EVE-STR:L230.ETowanda-Hillside.2002 [NYISO] + SPS.ESayre,STROY 115KV - EVERTSUB 115KV (EVERTSUB 115 KV EVE-STR) L230.ETowanda-Hillside.2002 [NYISO]
FACEROCK69 KV   FAROZBR,FACEROCK_69 KV_FAROZBR:L230.Graceton-Bagley-RaphaelRoad.2313,FACEROCK FAROZBR  SER DEV   A  69 KV L230.Graceton-Bagley-RaphaelRoad.2313
MANOR   69 KV   MAN-SAF3,MANOR_69 KV_MAN-SAF3:ACTUAL,SAFEHARB 69KV - MANOR 69KV (MANOR 69 KV MAN-SAF3) L230.OtterCrk-SafeHarbor-Manor.2302
HAVILAND138 KV HAV-TIM,HAVILAND_138 KV_HAV-TIM:765/345.Marysville.T2,TIMBERRD 138KV - HAVILAND 138KV (HAVILAND 138 KV HAV-TIM) 765/345.Marysville.T2
CHARLERO138 KV  CHA-YUK,CHARLERO_138 KV_CHA-YUK:L500.Cabot-Keystone.5002,YUKON 138KV - CHARLERO 138KV (CHARLERO 138 KV CHA-YUK) L500.Cabot-Keystone.5002
BARTONVI 138 KV BARTONVI-MEADOWBR MSW1,BARTONVI_138 KV_BAR-LONG:L500.BlackOak-Hatfield.542,BARTONVI-MEADOWBR MSW1      B  138 KV L500.Loudoun-Meadowbrook.5535
CEDARGRO 230 KV CEDARGRO-CLIF B-2228-3 PS,ATHENIA 230-CLIF PS 230,CEDARGRO-CLIF  B-2228-3 PS  A  230 KV L500.Hopatcong-Ramapo.5018
BOWIE 115 KV BOWIE-LANHAM 11505,BOWIE 115 KV BOW-LAN6 Lanham-Bowie 11505 Lanham-Wildercroft 11515 115,BOWIE   115 KV  BOW-LAN6 Lanham-Bowie 11505 & Lanham-Wildercroft 11515 115
20 BRAID 345 KV 20 BRAID-66 E FRN 2003,66 E FRN_345 KV_TR83CT-P:345L2002T S Braid-Davis Crk & Davis TR83 SPOG2-24,20 BRAID-66 E FRN 2001      A  345 KV L345.Braidwood-East Frankfort.2003
FACEROCK69 KV   FAC-MAN,FACEROCK_69 KV_FAC-MAN:L500.Conastone-PeachBottom.5012,FACEROCK 69KV - MANOR 69KV (FACEROCK 69 KV FAC-MAN) L500.Conastone-PeachBottom.5012
CLIN DUQ 138 KV CLINTON-FINDLAY Z-34,CLIN DUQ_138 KV_CLI-FIN:Collier - Clinton (DUQ) 345 KV LINE,CLIN DUQ 138KV - FINDLAY 138KV (CLIN DUQ 138 KV CLI-FIN) Collier - Clinton (DUQ) 345 KV LINE
FOSTER2 345 KV FOSTER2 11 XFORMER,FOSTER2_345 KV_11:ACTUAL,FOSTER2 345KV - FOSTER2 138KV (FOSTER2 345 KV 11) BASE
GARVER  345 KV  24,GARVER_345 KV_24:345/138.Todhunter.T16,GARVER 345KV - GARVER 138KV (GARVER 345 KV 24) 345/138.Todhunter.T16
RHODESLN500 KV  RHO-WMO,RHODESLN_500 KV_RHO-WMO:ACTUAL,WMORELND 500KV - RHODESLN 500KV (RHODESLN 500 KV RHO-WMO) BASE
EWAYNESB 138 KV EWAYNESB-RINGGOLD RWA1,EWAYNESB_138 KV_EWA-RIN:230/115/46.Lewistown.T2&T3,RINGGOLD 138KV - EWAYNESB 138KV (EWAYNESB 138 KV EWA-RIN) 230/115.Lewistown.T3
LINWDPE 230 KV  220-86,LINWDPE_230 KV_220-86:ACTUAL,LINWDPE 230 KV  220-86 BASE
11323   138 KV  11323 1,1 LASALL_138 KV_TR81CT-S:L345.Nelson-ElectricJunction.15502,11323 11323 1 SER DEV       A  138 KV L345.Nelson-ElectricJunction.15502
KLOPMNTP69 KV   35B,GLADYSDP_69 KV_35A:ACTUAL,KLOPMNTP69 KV   35B BASE
MEHOOPAN115 KV  MEH-NME1,MEHOOPAN_115 KV_MEH-NME1:115/35.NorthMeshoppen.TR2,MEHOOPAN 115KV - NMESHOPP 115KV (MEHOOPAN 115 KV MEH-NME1) 115/35.NorthMeshoppen.TR2
AEP-DOM,AEP-DOM contingency 20 Belews.U2302,TRANSFER INTERFACE: AEP-DOM Catawba.U2302
NEWCARLI 138 KV NEWCARLI-MAPLNIPS TIE,NEWCARLI_138 KV_NEW-MAP2:Reynolds-Olive 1 345 kV,NEWCARLI 138KV - MAPLNIPS 138KV (NEWCARLI 138 KV NEW-MAP2) Reynolds-Olive 1 345 kV
HIGHRIDG-SANDYSPR 2334 A 230 KV,HIGHRIDG_230 KV_HIG-SAN1:L230.Conastone-Northwest.2310,HIGHRIDG230 KV  HIG-HOW Conastone-Northwest (2310) 230 kV line
PLYWOOD 115 KV  151A,PLYWOOD_115 KV_151A:ACTUAL,SEDGEHIL 115KV - PLYWOOD 115KV (PLYWOOD 115 KV 151A) L500.Dooms-Lexington.555
MOUN UGI 230 KV MOUN UGI 2 XFORMER,MOUN UGI_230 KV_2:ACTUAL,MOUN UGI230 KV  2 Mountain XF3 (UGI) w/ 23030 closed
ETOWANDA230 KV  ETO-SCO,ETOWANDA_230 KV_ETO-SCO:L230.EastTowanda-Canyon-NMeshoppen,ETOWANDA 230KV - SCOTCHHO 230KV (ETOWANDA 230 KV ETO-SCO) L230.EastTowanda-Canyon-NMeshoppen
TRENTON2138 KV  TRE-COL1,TRENTON2_138 KV_TRE-COL1:765/345.Marysville.T2,COLLEGEC 138KV - TRENTON2 138KV (TRENTON2 138 KV TRE-COL1) 765/345.Marysville.T2
120_LOMB_138KV120081_1_LN,120 LOMB_138 KV_12008 1:ACTUAL,120 LOMB 138KV - 12016 138KV (120 LOMB 138 KV 12016 1) BASE
FACEROCK_FAC69FAROZBR_1_LN,FACEROCK_69 KV_FAC-MAN:L500.Conastone-PeachBottom.5012,FACEROCK_FAC69FAROZBR_1_LN L500.Conastone-PeachBottom.5012
NORTHWOO_T1_2306BANK_XF,NORTHWOO_230 KV_6 BANK:L230.MartinsCreek-Portland.1008,NORTHWOO 230KV - NORTHWOO 115KV (NORTHWOO 230 KV 6 BANK) L230.MartinsCreek-Portland.1008
GOOSECRE500 KV  TX1,GOOSECRE_500 KV_TX1:L230.Shellhorn-Enterprise.2186,GOOSECRE 500KV - GOOSECRE 230KV (GOOSECRE 500 KV TX1) L230.Shellhorn-Enterprise.2186
FREMNT_138KVFRE-FRE1_1_LN,FREMNT_138 KV_FRE-WFR1:345/138.FostoriaCentral.T1,FREMNT 138KV - FREMONTC 138KV (FREMNT 138 KV FRE-FRE1) 345/138.FostoriaCentral.T1
BRAMBLET-EVRGREEN 2172B     A   230 KV,BRAMBLET_230 KV_BRA-EVRG:L230.Belmont-CochranMill-GooseCreek,BRAMBLET 230KV - EVRGREEN 230KV (BRAMBLET 230 KV BRA-EVRG) L230.Belmont-CochranMill-GooseCreek
BAYS 138 KV BAY-WOL,BAYS_138 KV_BAY-WOL:L500.Cloverdale-Lexington.566,BAYS 138KV - WOLFRUN 138KV (BAYS 138 KV BAY-WOL) L500.Cloverdale-Lexington.566
COLLEGEC_138KVCOL-COL6_1_LN,COLLEGEC_138 KV_COL-COL6:ACTUAL,COLLEGEC138 KV  COL-COL6 TANNERS CREEK DEARBORN1 345KV LINE
AEP-DOM,AEP-DOM contingency BB:L765.Baker-Broadford,TRANSFER INTERFACE: AEP-DOM L765.Baker-Broadford
NRTHALEX230 KV  NRT-POTO,NRTHALEX_230 KV_NRT-POTO:L230.Ox-VirginiaHills.248B + SR1,NRTHALEX 230KV - POTOMACY 230KV (NRTHALEX 230 KV NRT-POTO) L230.Ox-VirginiaHills.248B + SR1
MAHANSLA 138 KV MAHANS LANE-TIDD,MAHANSLA_138 KV_MAH-TID:L345.Toronto-WylieRidge,MAHANS LANE-TIDD            B  138 KV L345.Sammis-Toronto
GOUDEY 115 KV GOUDEY-LAURLAKE115 KVTIE,GOUDEY_115 KV_GOU-LAU:L230.EastTowanda-Canyon-NMeshoppen,GOUDEY  115 KV  GOU-LAU L230.EastTowanda-Canyon-NMeshoppen
WEST CONTINGENCY 64,WEST contingency 30 Keystone.U2,WEST contingency 64 PeachBottom.U2
SMITHST 115 KV SMITHST-ZIONSVIE 977,SMITHST_115 KV_SMI-ZIO:L115.Jackson-JEBaker-Taxville.966 (Sctnlz),ZIONSVIE 115KV - SMITHST 115KV (SMITHST 115 KV SMI-ZIO) L115.Jackson-JEBaker-Taxville.966 (Sctnlz)
HAZELWOO 115 KV HAZELWOO-WINDYEDG 110506,HAZELWOO_115 KV_HAZ-WIN6:ACTUAL,WINDYEDG 115KV - HAZELWOO 115KV (HAZELWOO 115 KV HAZ-WIN6) Orchards-Center (110589) 115 kV line
ALLDAM6_138KVALL-KIT_1_LN,ALLDAM6_138 KV_ALL-KIT:345/138.Ashtabula.TR4,KITTANNI 138KV - ALLDAM6 138KV (ALLDAM6 138 KV ALL-KIT) 345/138.Ashtabula.TR4
GRACETON_230KVGRA-MANO_1_LN,GRACETON_230 KV_GRA-MANO:L500.Hunterstown-Conastone.5013+Cap,MANOR 230KV - GRACETON 230KV (GRACETON 230 KV GRA-MANO) L500.Hunterstown-Conastone.5013
PEACHBOT500 KV  1-P,PEACHBOT_500 KV_1-P:ACTUAL,50045005 PEACHBOT500 KV  205 CB  CB      OPEN    PEACHBOT500 KV  215 CB  CB      OPEN    ROCKSPRI500 KV  52-1
ERIES 345 KV ERIES NO8 TX XFORMER,ERIES_345 KV_NO8 TX:ACTUAL,ERIES 345KV - ERIES 230KV (ERIES 345 KV NO8 TX) L345.HomerCity-PierceBrook
FALCON  69 KV   FAL-20F1,FALCON_69 KV_FAL-20F1:ACTUAL,FALCON2 69KV - FALCON 69KV (FALCON 69 KV FAL-20F1) VirginiaCity.U1
LEESVILL_138KVLEE-SMI1_1_LN,LEESVILL_138 KV_LEE-SMI1:L765.Cloverdale-JoshuaFalls,SMITHMOU 138KV - LEESVILL 138KV (LEESVILL 138 KV LEE-SMI1) L765.Cloverdale-JoshuaFalls
ALLLUD4J 138 KV ALLLUD4J-ALLDAM6 ALJ-ALL,ALLLUD4J_138 KV_ALJ-ALL:345/138.Ashtabula.TR4,ALLLUD4J 138KV - ALLDAM6 138KV (ALLLUD4J 138 KV ALJ-ALL) 345/138.Ashtabula.TR4
MAHOMET - OCB 1303 138 KV L/O LEGHORN-GOOSE CREEK 345 KV,WEEDMAN3_138 KV_1592 4:L345.GooseCreek-LegHorn [ILL_EQ],Mahomet - OCB 1303 138 kv l/o Leghorn-Goose Creek 345 kv L345.GooseCreek-LegHorn [ILL_EQ]
FACEROCK69 KV   FAROZBR,FACEROCK_69 KV_FAROZBR:500/230.Conastone.500-2,FACEROCK69 KV   FAROZBR 500/230.Conastone.500-2
BRIGHTON_T1_500NO.1TR_XF,ROXBURY_138 KV_NO2 TX:L500.Hunterstown-Conastone.5013,BRIGHTON 500KV - BRIGHTON 230KV (BRIGHTON 500 KV NO.1TR) L500.Hunterstown-Conastone.5013
BUFFINGT345 KV 45,BUFFINGT_345 KV_45:ACTUAL,BUFFINGT 345KV - BUFFINGT 138KV (BUFFINGT 345 KV 45) BASE
PLYMOUTH 230 KV PLYMOUTH-WHITPAIN 220-13,PLYMOUTH_230 KV_PLY-WHI5:WHITPAIN-PLYMOUTH MEETING 220-13,PLYMOUTH-WHITPAIN 220-14    B  230 KV L230.Whitpain-PlymouthMeeting.220-13
EAST BEND - TERMINAL 345 KV L/O MARYSVILLE - SORENSON 765 KV,FOSTER2_345 KV_FOS-PIE1:L345.East Bend-Terminal,EBEND 345KV - TERMINAL 345KV (EBEND 345 KV EBE-TER1) L765.Marysville-Sorenson
KEWANEE - PUTNAM 138 KV L/O CORBIN - CRESCENTRIDGE 138 KV,74 KEWAN_138 KV_BTIE Z1:L138.Corbin-CrescentRidge.98105,74 KEWAN 138KV - KEWANEE 138KV (74 KEWAN 138 KV BTIE Z1) L138.Corbin-CrescentRidge.98105
NSEAFORD138 KV NSE-SHA,NSEAFORD_138 KV_NSE-SHA:L230.IndianRiver-Milford.23034,SHARRING 138KV - NSEAFORD 138KV (NSEAFORD 138 KV NSE-SHA) L230.IndianRiver-Milford.23034
EPALMERT_230KVEPA-HAR_1_LN,EPALMERT_230 KV_EPA-HAR:L500.Hopatcong-Lackawanna.5063,HARWOOD 230KV - EPALMERT 230KV (EPALMERT 230 KV EPA-HAR) L500.Hopatcong-Lackawanna.5063
BRAMBLET-EVRGREEN 2172B     A   230 KV,BRAMBLET_230 KV_BRA-EVRG:L230.Beaumead-Ashburn-PleasantView.274,BRAMBLET 230KV - EVRGREEN 230KV (BRAMBLET 230 KV BRA-EVRG) L230.Beaumead-Ashburn-PleasantView.274
HARWOOD 230 KV HARWOOD -SUSQUEHA HAR-SUS2,HARWOOD_230 KV_HAR-SUS:L230.Sunbury-Susquehanna,SUSQUEHA 230KV - HARWOOD 230KV (HARWOOD 230 KV HAR-SUS2) L230.Sunbury-Susquehanna
BRAMBLET230 KV  BRA-STON,PLEASNTV_230 KV_274D:L230.EvergreenMills-Brableton.2172,BRAMBLET230 KV  BRA-STON L230.EvergreenMills-Brableton.2172
EWAYNESB_138KVEWA-RIN_1_LN,EWAYNESB_138 KV_EWA-RIN:ACTUAL,RINGGOLD 138KV - EWAYNESB 138KV (EWAYNESB 138 KV EWA-RIN) L500.Bedington-Doubs
CLBHOUSE 230 KV CLBHOUSE TX1 XFORMER,CLBHOUSE_230 KV_TX1:L500.Carson-Rawlings.511,CLBHOUSE 115KV - CLBHOUSE 230KV (CLBHOUSE 230 KV TX1) L500.Carson-Rawlings.511
ETOWANDA 4 TX     XFORMER   H  230 KV,NMESHOPP_230 KV_4 TX:L230.ETowanda-Hillside.2002 [NYISO],NMESHOPP 230KV - NMESHOPP 115KV (NMESHOPP 230 KV 4 TX) L230.ETowanda-Hillside.2002 [NYISO]
FENTRES4230 KV  2128,FENTRES4_230 KV_2128:L500.Suffolk-Yadkin.565,THRASHER 230KV - FENTRES4 230KV (FENTRES4 230 KV 2128) L500.Suffolk-Yadkin.565
CROZET_230KV291B_1_LN,AQUAHAR_230 KV_AQU-GAR1:L500.Midlothian-NorthAnna.576,CROZET 230KV - BARRCKRD 230KV (CROZET 230 KV 291B) L500.Midlothian-NorthAnna.576
BRADFORD230 KV  BRA-DAL,BRADFORD_230 KV_BRA-DAL:L500.Conastone-PeachBottom.5012,BRADFORD 230KV - DALESVIL 230KV (BRADFORD 230 KV BRA-DAL) L500.Conastone-PeachBottom.5012
ALLENIM 345 KV  ALL-RPM,ALLENIM_345 KV_ALL-RPM:L765.Jefferson-Rockport,ALLENIM 345KV - RPMONE 345KV (ALLENIM 345 KV ALL-RPM) L765.Jefferson-Rockport
DIXONVIL115 KV DIX-GLO,DIXONVIL_115 KV_DIX-GLO:L500.SouthBend-Yukon,GLORY 115KV - DIXONVIL 115KV (DIXONVIL 115 KV DIX-GLO) L500.SouthBend-Yukon
DICKERSH_230KVDIC-DIC4_1_LN,DICKERSH_230 KV_DIC-DIC4:L500.Doubs-GooseCreek.514,DICKERSH 230KV - DICKERSO 230KV (DICKERSH 230 KV DIC-DIC4) L500.Doubs-GooseCreek.514
YUKON    Y2           CB       138 KV,KRENDALE_138 KV_KRE-SEN:500/138.Cabot.T2&T4 (Sctnlz F),YUKON    Y2           CB       138 KV 500/138.Yukon.T2 & T4 (Sctnlz F)
BUCKSKIN69 KV   BUC-GRE1,BUCKSKIN_69 KV_BUC-GRE1:ACTUAL,BUCKSKIN 69KV - GREENFIE 69KV (BUCKSKIN 69 KV BUC-GRE1) BASE
SAXTON-THREESPR 2K 1062 A 115 KV,SAXTON_115 KV_SAX-SNA:ACTUAL,SAXTON-THREESPR 2K 1062     A  115 KV L500.Brighton-Conastone
HOPEWEL4230 KV  228A,HOPEWEL4_230 KV_228A:L230.Chesterfield-Basin.259,HOPEWEL4 230KV - CHESTER4 230KV (HOPEWEL4 230 KV 228A) L230.Chesterfield-Basin.259
BRIGHTON230 KV  BRI-MTZ5,BRIGHTON_230 KV_BRI-MTZ5:L500.BurchesHill-PossumPoint.560,BRIGHTON 230KV - MTZION 230KV (BRIGHTON 230 KV BRI-MTZ5) L500.BurchesHill-PossumPoint.560
WMILTON 345 KV  BK-E,WMILTON_345 KV_BK-E:345/138.WestMilton.BK-W,WMILTON 345KV - WMILTON 138KV (WMILTON 345 KV BK-E) 345/138.WestMilton.BK-W (Future)
CHALKPT 230 KV  T3,CHALKPT_230 KV_T3:ACTUAL,CHALKPT 230KV - CHALKPT 69KV (CHALKPT 230 KV T3) BASE
GARDNERS 115 KV GARDNERS-MOUN ME 974,JACK ME_115 KV_JAC-NHA:L115.MiddletownJct-Collins.975 (Sctnlz),GARDNERS 115KV - MOUN ME 115KV (GARDNERS 115 KV GAR-MOU) L115.MiddletownJct-Collins.975 (Sctnlz)
CHARLTSV 230 KV CHARLTSV-PROFITDP 2054B1,CHARLTSV_230 KV_2054B1:L500.Midlothian-NorthAnna.576,CHARLTSV 230KV - PROFITDP 230KV (CHARLTSV 230 KV 2054B1) L500.Midlothian-NorthAnna.576
SALTSPRG 138 KV SALTSPRG-MASURY,SALTSPRG_138 KV_SAL-MAS1:L345.Hanna-Juniper,SALTSPRG 138KV - MASURY 138KV (SALTSPRG 138 KV SAL-MAS1) L345.Hanna-Juniper
HOOVERSV 115 KV HOOVERSV-TOWER51 H1H2 1071,HOOVERSV_115 KV_HOO-TOW:L230.Johnstown-Seward.2018,TOWER51 115KV - HOOVERSV 115KV (HOOVERSV 115 KV HOO-TOW) L230.Johnstown-Seward.2018
CRANBERY138 KV  CRA-JAC,CRANBERY_138 KV_CRA-JAC:ACTUAL,CRANBERY 138KV - JACKSNOE 138KV (CRANBERY 138 KV CRA-JAC) L345.Hoytdale-Mansfield
EDGEWOOD 115 KV EDGEWOOD-SHELOCTA LSH 1036,EDGEWOOD_115 KV_EDG-SHE:L345.ErieWest-Ashtabula-Perry,SHELOCTA 115KV - EDGEWOOD 115KV (EDGEWOOD 115 KV EDG-SHE) L345.ErieWest-Ashtabula-Perry
ELMONT4 500 KV ELMONT4 TX1 XFORMER,ELMONT4_500 KV_TX1:L500.Midlothian-NorthAnna.576,ELMONT4 230KV - ELMONT4 500KV (ELMONT4 500 KV TX1) L500.Midlothian-NorthAnna.576
MAYWOOD_230KVMAY-SAD_1_LN,MAYWOOD_230 KV_MAY-SAD:ACTUAL,MAYWOOD 230 KV  MAY-SAD Bergen #2 (2001 STM/2101 CT1/2202 CT2)
BRUNSWIC230 KV  BRU-MEA,BRUNSWIC_230 KV_BRU-MEA:L230.Roseland-Whippany.A-941,BRUNSWIC 230KV - MEADOWRD 230KV (BRUNSWIC 230 KV BRU-MEA) L230.Roseland-Whippany.A-941
COLORA_230KVCOL-CON2_1_LN,COLORA_230 KV_COL-CON2:L230.Conowingo-Nottingham-220-03,CONOWING 230KV - COLORA 230KV (COLORA 230 KV COL-CON2) L230.Conowingo-Nottingham-220-03
BATTLEBO115 KV  1014A,BATTLEBO_115 KV_1014A:ACTUAL,HATHAWAY 115KV - BATTLEBO 115KV (BATTLEBO 115 KV 1014A) L115.Tarboro-Tarboro5-MorsbgDP-TarRiverTap.55
SPOTSLV 500 KV  T1,SPOTSLV_500 KV_T1:ACTUAL,SPOTSLV 34.5KV - SPOTSLV 500KV (SPOTSLV 500 KV T1) BASE
MIAMIFORT XF9 345/138 KV L/O MIAMIFORT XF10 345/138 KV,MIAMIFOR_345 KV_9:345/138.MiamiFort.T10,MIAMIFOR 345KV - MIAMIFOR 138KV (MIAMIFOR 345 KV 9) 345/138.MiamiFort.T10
PRUNTYTO 138 KV PRUNTYTO-UNIONRD 16,GLENFALL138 KV GLE-NAT LOUGHSLA-BELINGTO-UNIONRD-PRUNTYTO (APS),PRUNTYTO 138KV - UNIONRD 138KV (PRUNTYTO 138 KV PRU-UNI) BASE
81 TOULO138 KV  7421,81 TOULO_138 KV_7421:ACTUAL,81 TOULO 138KV - 3 POWERT 138KV (81 TOULO 138 KV 0321X) L138.Kewanee-Toulon.7421
BERWICK 69 KV BERWICK-KOONSVIL,HANOVER_69 KV_HAN-PLY:230/69.Mountain.T3(UGI) w/ 23030 closed,BERWICK-KOONSVIL            A  69 KV 230/69.Mountain.T3(UGI)
SAWMILL 138 KV  SAW-DUB1,SAWMILL_138 KV_SAW-DUB1:L345.Beatty-Cole,SAWMILL 138KV - DUBLIN 138KV (SAWMILL 138 KV SAW-DUB1) L345.Beatty-Cole
VOLUNTEER-PHIPPS BEND 500 KV L/O CONASAUGA-MOSTELLER 500 KV,PHIPPB_500 KV_32200A:Mosteller - Conasauga 500 kV,Volunteer-Phipps Bend 500 l/o Conasauga-Mosteller 500 Conasauga-Mosteller 500
HYATTCS_345KVMAR-HYA2_1_LN,HYATTCS_345 KV_MAR-HYA2:L345.Marysville-Tangy(OE),MARYSVI2 345KV - HYATTCS 345KV (HYATTCS 345 KV MAR-HYA2) L345.Marysville-Tangy(OE)
KENNY   138 KV  KEN-ROB1,KENNY_138 KV_KEN-ROB1:L765.Maliszewski-Marysville,ROBERTS2 138KV - KENNY 138KV (KENNY 138 KV KEN-ROB1) L765.Maliszewski-Marysville
PRES - TIBBS 138KV L/O NEWBOURBON - SMNY 138KV,PRES_138 KV_PRE-TIBB:NewBourbon - SMNY 138kV,PRES 138KV - TIBB 138KV (PRES 138 KV PRE-TIBB) NewBourbon - SMNY 138kV
GRIFFIN4 138 KV GRIFFIN4-02PVALEY,02HAMLTN_138 KV_02H-HOR1:345/138.Inland.4,LAKVEW-GREENFOE             A  138 KV TEMP.345/4.DavisBesse.TR02.StationService 1BUSoos
EDGEWATE_138KVEDG-LOY_1_LN,EDGEWATE_138 KV_EDG-LOY:L500.South Bend-Yukon,LOYALHAN 138KV - EDGEWATE 138KV (EDGEWATE 138 KV EDG-LOY) L500.SouthBend-Yukon
08WLDER1138 KV  08W-PIE1,08WLDER1_138 KV_08W-PIE1:L345.TannersCreek-MiamiFort,BECKJORD 138KV - 08WLDER1 138KV (08WLDER1 138 KV 08W-PIE1) L345.TannersCreek-MiamiFort
NEWTON 2 TR 345/138 KV L/O CASEY-NEWTON 345 KV,NEWTON 3_345 KV_TR2:Newton-Casey 345 kV,Newton 345/138 TR2 l/o Newton-Casey 345 L345.Newton-Casey (Ameren)
ANGELBRA_138KVANG-HOP1_1_LN,ANGELBRA_138 KV_ANG-HOP1:L765.Baker-Broadford,ANGELBRA 138KV - HOPKINS 138KV (ANGELBRA 138 KV ANG-HOP1) L765.Baker-Broadford
MILLBROO138 KV  MIL-SPO1,MILLBROO_138 KV_MIL-SPO1:ACTUAL,SPOINT 138KV - MILLBROO 138KV (MILLBROO 138 KV MIL-SPO1) L138.Gavin-FireBrick
MALISZEW_138KVMAL-GEN1_1_LN,MALISZEW_138 KV_MAL-HYA1:L138.Maliszewski-HyattCS.2,MALISZEW 138KV - GENOA 138KV (MALISZEW 138 KV MAL-GEN1) L138.Maliszewski-HyattCS.2
BERYL   138 KV  BER-MTZ,BERYL_138 KV_BER-MTZ:L500.Bismark-Doubs,MTZI APS 138KV - BERYL 138KV (BERYL 138 KV BER-MTZ) L500.Bismark-Doubs
CHICAGO - USSTOCKTON 138KV L/O WILTON CENTER - DUMONT 765KV,MAHANSLA_138 KV_MAH-TID:L765.Dumont-Wilton Center.11215,CHIC_AVE 138KV - PRAXAIR3 138KV (CHIC_AVE 138 KV CHI-PRA2) Dumont-Wilton Center 765kV
EDELPHOS69 KV   EDE-NDE,EDELPHOS_69 KV_EDE-NDE:L138.AllenIM-Logtown,NDELPHOS 69KV - EDELPHOS 69KV (EDELPHOS 69 KV EDE-NDE) L138.AllenIM-Logtown
IDYLWOO4-CLARK4 202A L/O 2035,IDYLWOO4_230 KV_202A:L230.Idylwood-Redfield-CIA.2035,IDYLWOO4 230KV - CLARK4 230KV (IDYLWOO4 230 KV 202A) L230.Idylwood-Redfield-CIA.2035
STILLWELL 345/138 KV XFMR 1 L/O WILTON CENTER - DUMONT 765 KV,DUMONT2_345 KV_DUM-STI1:Wilton Center 765/345 xfmr TR93,RISING 345/138 KV XFMR 1 L/O WILTON CENTER-DUMONT 765 KV LINE    765 KV  DUM-WIL1CMPLINE DUMMY
MOSELEY 138 KV MOSELEY-ROANOKE,MOSELEY_138 KV_MOS-ROA1:L765.Jacksons Ferry -Cloverdale + 138 kV L CB,ROANOKE 138KV - MOSELEY 138KV (MOSELEY 138 KV MOS-ROA1) L765.Cloverdale-JoshuaFalls
ATLNTCDP230 KV  2161C,ATLNTCDP_230 KV_2161C:L230.Gainesville-Railroad.2151,GAINESVL 230KV - ATLNTCDP 230KV (ATLNTCDP 230 KV 2161C) L230.Gainesville-Railroad.2151
ALBRIGHT 138 KV ALBRIGHT-GARRETT,GARRETT_138 KV_TRAN 2:L500.Black Oak-Hatfield,ALBRIGHT 138KV - GARRETT 138KV (ALBRIGHT 138 KV ALB-GAR) L500.BlackOak-Hatfield
CAVESPRI138 KV  CAV-HAN1,CAVESPRI_138 KV_CAV-HAN1:L345.Cloverdale-MattFunk,HANCOCK 138KV - CAVESPRI 138KV (CAVESPRI 138 KV CAV-HAN1) L345.Cloverdale-MattFunk
CANALAEP138 KV  CAN-MOU1,CANALAEP_138 KV_CAN-MOU1:ACTUAL,CANALAEP 138KV - MOUND 138KV (CANALAEP 138 KV CAN-MOU1) L138.Marion.52AB
HUNTERST230 KV  REACT,HUNTERST_230 KV_REACT:L500.Hunterstown-Conastone.5013,HUNTERST230 KV  REACT L500.Hunterstown-Conastone.5013
AHOSKIE 115 KV  136B,AHOSKIE_115 KV_136B:L115.SouthHampton-HandsomDP-Newsoms.140,TUNIS 115KV - AHOSKIE 115KV (AHOSKIE 115 KV 136B) L115.SouthHampton-HandsomDP-Newsoms.140
HUMMELCR138 KV  HUM-GRE1,HUMMELCR_138 KV_HUM-GRE1:L765.Jefferson-Rockport,GREENTO2 138KV - HUMMELCR 138KV (HUMMELCR 138 KV HUM-GRE1) L765.Jefferson-Rockport
CLBHOUSE 230 KV CLBHOUSE TX1 XFORMER,CLBHOUSE_230 KV_TX1:L230.Carson-ClubHouse.238 (Sctnlz),CLBHOUSE 230KV - CLBHOUSE 115KV (CLBHOUSE 230 KV TX1) L230.Carson-ClubHouse.238 (Sctnlz)
LACKAWAN230 KV  LAC-SUM2,LACKAWAN_230 KV_LAC-SUM2:L500.Shickshinny-Susquehanna.5067,LACKAWAN 230KV - SUMMITPL 230KV (LACKAWAN 230 KV LAC-SUM2) L500.Shickshinny-Susquehanna.5067
51 MC CO345 KV  TR84_1,51 MC CO_345 KV_TR84CT-P:L345.GoodingsGrove-Lockport.11604,51 MC CO 345KV - 51 MC CO 138KV (51 MC CO 345 KV TR84_1) L345.GoodingsGrove-Lockport.11604
MORTON 230 KV MORTON-RIDLEY 220-46,NPHILADE_230 KV_NPH-WAN:L230.Printz-Ridley-Morton-MacDade.220-46,NPHILADE 230KV - MASTER 230KV (MASTER 230 KV MAS-NPH) L230.Printz-Ridley-Morton-MacDade.220-46
ROCKWOOD_115KVROC-SOM_1_LN,ROCKWOOD_115 KV_ROC-SOM:ACTUAL,SOME PN 115KV - ROCKWOOD 115KV (ROCKWOOD 115 KV ROC-SOM) 345/138.Ashtabula.TR4 & Seneca#1 Pump
DRANESVL230 KV  2062A,DRANESVL_230 KV_2062A:L230.PleasntView-EdwardsFerry-Dickerson.23111/203A,RESTON 230KV - DRANESVL 230KV (DRANESVL 230 KV 2062A) L230.PleasntView-EdwardsFerry-Dickerson.23111/203A
KERRDAM 115 KV 193D,KERRDAM_115 KV_193D:L230.Bremo-Cartersville-Powhatan-Midlothian.2027,KERRDP 115KV - KERRDAM 115KV (KERRDAM 115 KV 193D) L230.Bremo-Cartersville-Powhatan-Midlothian.2027
94 HAURD-11323 11323 B 138 KV,94 HAURD_138 KV_11323:L345.Byron-LeeCounty.0627,94 HAURD 138KV - 11323 138KV (94 HAURD 138 KV 11323) L345.Byron-LeeCounty.0627
CRISFIE_69KVCRI-KST_1_LN,CRISFIE_69 KV_CRI-KST:ACTUAL,CRISFIE 69KV - KINGSTON 69KV (CRISFIE 69 KV CRI-KST) BASE
LINCOJCT 115 KV LINCOJCT-LINCOLN 963-1T,LINCOLN_115 KV_LIN-ORRT:L500.Brighton-Conastone.5011,LINCOJCT-LINCOLN 963-1T     A  115 KV L500.Brighton-Conastone.5011
PLYMOUTH_230KVPLY-UPP_1_LN,PLYMOUTH_230 KV_PLY-UPP:ACTUAL,PLYMOUTH 230KV - UPPERMER 230KV (PLYMOUTH 230 KV PLY-UPP) RAS.500/230.PeachBottom.T1 + MuddyRun.U5-8
CRES DUQ138 KV  CRE-MTN,CRES DUQ_138 KV_CRE-MTN:Collier - Clinton (DUQ) 345 KV LINE,CRES DUQ 138KV - MT NEBO 138KV (CRES DUQ 138 KV CRE-MTN) Collier - Clinton (DUQ) 345 KV LINE
FREMNT  138 KV  FRE-WFR1,FREMNT_138 KV_FRE-WFR1:L345.EastLima-FostoriaCentral,WFREMONT 138KV - FREMNT 138KV (FREMNT 138 KV FRE-WFR1) L345.EastLima-FostoriaCentral
CRANBERY138 KV CRA-TRA,CRANBERY_138 KV_CRA-TRA:ACTUAL,CRANBERY 138KV - TRALUM 138KV (CRANBERY 138 KV CRA-TRA) BASE
BRIGHTON230 KV  BRI-BUR2,BRIGHTON_230 KV_BRI-BUR2:ACTUAL,BRIGHTON 230KV - BURTONSV 230KV (BRIGHTON 230 KV BRI-BUR2) BASE
167 PLAN 345 KV 167 PLANO 45TR94 CT,167 PLAN_345 KV_TR94CT-S:L345.Lasalle - Plano.0101,167 PLAN 1KV - 167 PLAN 765KV (167 PLAN 765 KV TR94CT-P) L345.Lasalle - Plano.0101
BEAV DUQ138 KV  BEA-RAC,BEAV DUQ_138 KV_BEA-RAC:L345.Crescent-Mansfield,BEAV DUQ 138KV - RACC DUQ 138KV (BEAV DUQ 138 KV BEA-RAC) L345.Crescent-Mansfield
LACKAWAN230 KV  LAC-PAU,LACKAWAN_230 KV_LAC-PAU:L500.Hopatcong-Lackawanna.5063,LACKAWAN 230KV - PAUPACK 230KV (LACKAWAN 230 KV LAC-PAU) L500.Hopatcong-Lackawanna.5063
MOUN ME 115 KV  2 TX 11,MOUN ME_115 KV_2 TX 11:ACTUAL,MOUN ME 115KV - MOUN ME 13.8KV (MOUN ME 115 KV 2 TX 11) BASE
MULHAUSR138 KV  08M-POR1,MULHAUSR_138 KV_08M-POR1:L138.Miami Fort-Morgan,PORTUNIO 138KV - MULHAUSR 138KV (MULHAUSR 138 KV 08M-POR1) L138.Miami Fort-Morgan
3 POWERT138 KV  POW-TWRL,3 POWERT_138 KV_POW-TWRL:L138.133RockFall-187SchauffRoad.18702,3 POWERT 138KV - TWRL 138KV (3 POWERT 138 KV POW-TWRL) L138.133RockFall-187SchauffRoad.18702
HOYTDAL2345 KV  2,HOYTDAL2_345 KV_2:L500.Cranberry-WylieRidge,HOYTDAL2 138KV - MAPLEOE 138KV (HOYTDAL2 138 KV HOY-MAP1) L500.Cranberry-WylieRidge
NMESHOPP #3 TX XFORMER L 115 KV,NMESHOPP_230 KV_#3 TX:L500.Hopatcong-Lackawanna.5063,NMESHOPP 230KV - NMESHOPP 115KV (NMESHOPP 230 KV #3 TX) L500.Hopatcong-Lackawanna.5063
CHESWICK 138 KV CHESWICK-LOGANSFE CHE-LF52,CHESWICK_138 KV_CHE-LF52:L345.Crescent-Collier-BrunotIsland.331,CHESWICK 138KV - LOGANSFE 138KV (CHESWICK 138 KV CHE-LF52) L345.Crescent-Collier-BrunotIsland.331
PLYWOOD 115 KV  151A,PLYWOOD_115 KV_151A:L500.Carson-Rawlings.511,SEDGEHIL 115KV - PLYWOOD 115KV (PLYWOOD 115 KV 151A) L500.Carson-Rawlings.511
EDENSRID138 KV  EDE-IND1,EDENSRID_138 KV_EDE-IND1:L500.Broadford-Sullivan (TVA) Tie,EDENSRID 138KV - INDIANSP 138KV (EDENSRID 138 KV EDE-IND1) L500.Broadford-Sullivan (TVA) Tie
TODD HUNTER 345/138 17 L/O TODD HUNTER 345/138 15,TODDHUNT_345 KV_17:TODHUNTER  BK 15 TRANSFORMER,Todd Hunter 345/138 17 l/o Todd Hunter 345/138 15 TODHUNTER  BK 15 TRANSFORMER
112 WILT 765 KV 112 WILTON 65TR94 CT,112 WILT_345 KV_TR94CT-S:L765.Wilton-Collins.11216,112 WILT 1KV - 112 WILT 765KV (112 WILT 765 KV TR94CT-P) L765.Wilton - Collins.11216
EELKHART138 KV  EEL-ELC1,EELKHART_138 KV_EEL-ELC1:345/138.RobisonPark.T5,EELKHART 138KV - ELCONATP 138KV (EELKHART 138 KV EEL-ELC1) 345/138.RobisonPark.T5
CURRYVIL_115KVCUR-SAX_1_LN,CURRYVIL_115 KV_CUR-SAX:230/115.Lewistown.T3,CURRYVIL 115KV - SAXTON 115KV (CURRYVIL 115 KV CUR-SAX) 230/115.Lewistown.T3
12_DRESD_345KV1220_1_LN,12 DRESD_345 KV_1220:L345.Lockport-Kendall.10805,12 DRESD 345KV - 900 ELWO 345KV (12 DRESD 345 KV 1220) L345.Lockport-Kendall.10805
78_FRANK_P3_138P3705-1_XF,78 FRANK_138 KV_13503 1:ACTUAL,78_FRANK_P3_138P3705-1_XF BASE
11323   138 KV  11323 5,11323_138 KV_11323 5:ACTUAL,113 WATE138 KV  11323 Z1 138 SILV345 KV  BT3-4 CBCB      OPEN    138 SILV345 KV  BT5-6 CBCB      OPEN    156 CHER345 KV  BT5-
HAVILAND_69KVHAV-LAT_1_LN,HAVILAND_69 KV_HAV-LAT:ACTUAL,LATTYJCT 69KV - HAVILAND 69KV (HAVILAND 69 KV HAV-LAT) BASE
GRANDPT_138KVGRA-LET_1_LN,GRANDPT_138 KV_GRA-LET:ACTUAL,GRANDPT 138 KV  GRA-LET Lewistown #1 230/115/46 kV transformer
ELIMA   138 KV  ELI-HAV1,ELIMA_138 KV_ELI-HAV1:ACTUAL,HAVILAND 138KV - ELIMA 138KV (ELIMA 138 KV ELI-HAV1) 138/69.Haviland.T4 (Sctnlz)
LADYSMCT230 KV  LAD-SUMM,LADYSMCT_230 KV_LAD-SUMM:L500.Ladysmith-Possum Point.568,LADYSMCT 230KV - SUMMITDP 230KV (LADYSMCT 230 KV LAD-SUMM) L500.Ladysmith-Possum Point.568
HINCHMAN_230KVHIN-JAC_1_LN,HINCHMAN_230 KV_HIN-JAC:L500.Hopatcong-Ramapo.5018,JACK PS 230KV - HINCHMAN 230KV (HINCHMAN 230 KV HIN-JAC) L500.Hopatcong-Ramapo.5018
THELMA  138 KV  THE-BUS1,THELMA_138 KV_THE-BUS1:L765.Culloden-Wyoming,BUSSEYVI 138KV - THELMA 138KV (THELMA 138 KV THE-BUS1) L765.Culloden-Wyoming
LORETTO 138 KV LORETTO-PINEYGRO 13777,PINEYGRO_230 KV_AT20:L138.Loretto-Vienna.13780,LORETTO-PINEYGROVE 13777 138 KV 230/138.PineyGrove.AT20+L230.PinyGrve-IndinR.23002
LOWMOOR 138 KV  TX1A,LOWMOOR_138 KV_TX1A:ACTUAL,LOWMOOR 138KV - LOWMOOR 13KV (LOWMOOR 138 KV TX1A) BASE
MTEAGLE 230 KV  2028A,MTEAGLE_230 KV_2028A:L500.Midlothian-NorthAnna.576,MTEAGLE 230KV - CHARLTSV 230KV (MTEAGLE 230 KV 2028A) L500.Midlothian-NorthAnna.576
ALLENIM 138 KV  ALL-LOG,ALLENIM_138 KV_ALL-LOG:L345.Beaver-DavisBesse,ALLENIM 138KV - LOGTOWN 138KV (ALLENIM 138 KV ALL-LOG) L345.Beaver-DavisBesse
IRONWOOD 230 KV IRONWOOD-SLEBANON,MIDDLJCT_230 KV_MID-SLE:DBL:L230.Ironwood-NLebanon & SLebanon-Berks,SLEBANON 230KV - SLEBANON 69KV (SLEBANON 230 KV 1BANK) L230.Ironwood-NorthLebanon
CRANBERY138 KV  CRA-HOY,CRANBERY_138 KV_CRA-HOY:ACTUAL,HOYTDAL2 138KV - CRANBERY 138KV (CRANBERY 138 KV CRA-HOY) L345.McClelland-Shenango
11 FISK 38TR71 12 H 138 KV,11 FISK_138 KV_TR71 12:11 FISK TR75 (SERIES DEV),11 FISK 138KV - 11 FISK 12KV (11 FISK 138 KV TR71 12) 11 FISK TR75 (SERIES DEV)
MARQUIS2 345 KV MARQUIS2-DOEX530 TIE,DOEX530_345 KV_DOE-PIE2:L345.KygerCreek-Marquis,DOEX530 345KV - MARQUIS2 345KV (MARQUIS2 345 KV MAR-DOE2) L345.KygerCreek-Marquis
12 DRESD138 KV  1210 1,12 DRESD_138 KV_1210 1:ACTUAL,12 DRESD 138KV - 1210 138KV (12 DRESD 138 KV 1210 1) BASE
SHELOCTA 230 KV SHELOCTA NO2 XFORMER,SHELOCTA_230 KV_NO2:L230.HomerCity-Shelocta.2014 (Sctnlz),BLAIRSVE NO.1 TX  XFORMER   H  138 KV L230.HomerCity-Shelocta-Keystone.2014
FUDGEHO4138 KV  14A,FUDGEHO4_138 KV_14A:L500.Cloverdale-Lexington.566,FUDGEHO4 138KV - KANAWTRL 138KV (FUDGEHO4 138 KV 14A) L500.Cloverdale-Lexington.566
BLAIRSVE_138KVBLA-SOC_1_LN,BLAIRSVE_138 KV_BLA-SOC:ACTUAL,BLAIRSVE 138KV - SOCIALHA 138KV (BLAIRSVE 138 KV BLA-SOC) L500.SouthBend-Yukon
CUMB PL 230 KV CUMB PL-JUNIATA 2235,CUMB PL_230 KV_CUM-JUN:L500.Hunterstown-Vinco.5068,JUNIATA 230KV - CUMB PL 230KV (CUMB PL 230 KV CUM-JUN) L500.Hunterstown-Vinco.5068
CHERRYRN 138 KV CHERRYRN-MORGAN WC2,CHERRYRN_138 KV_CHE-MOR:L500.Bismark-Doubs,MORGAN 138KV - CHERRYRN 138KV (CHERRYRN 138 KV CHE-MOR) L500.Bismark-Doubs
BUTL APS 138 KV BUTL APS-KARNSCIT KC-BT,BUTL APS_138 KV_BUT-KAR:345/230.HomerCity.AT-S + RAS.STS-2.Homer.U2,BUTL APS-KARNSCIT KC-BT     A  138 KV MAXCR: 500/230.Keystone.T4 + U1 + U2 + 5003 + 5004
CUMB PL 230 KV CUMB PL-JUNIATA 2235,CUMB PL_230 KV_CUM-JUN:L500.Alburtis-Juniata.5009,JUNIATA 230KV - CUMB PL 230KV (CUMB PL 230 KV CUM-JUN) L500.Alburtis-Juniata.5009
HAYES_FE138 KV  AVE-HAYE,HAYES_FE_138 KV_AVE-HAYE:L345.Beaver-LakeAvenue.1,HAYES_FE 138KV - AVERY 138KV (HAYES_FE 138 KV AVE-HAYE) L345.Beaver-LakeAvenue.1
TANNER - JASPER 138 KV L/O W FRANKFORT - MT VERNON 345 KV,E W FKF3_138 KV_EWF-JORD:Mt Vernon-EWFKF3 345 kV,W Frankfort W Frankfort E 138kV l/o West Frankfort E Mt Vernon 345kV Mt Vernon-EWFKF3 345 kV
BLOOMSBU69 KV   BLO-COL2,CANTON_34 KV_CAN-BLO2:ACTUAL,BLOOMSBU69 KV   BLO-COL2 BASE
CONEMAUG500 KV TX3,CONEMAUG_500 KV_TX3:L500.Hunterstown-Conastone.5013,CONEMAUG 500KV - CONEMAUG 230KV (CONEMAUG 500 KV TX3) L500.Hunterstown-Conastone.5013
ESIDELIM138 KV  ESI-GOME,ESIDELIM_138 KV_ESI-GOME:L765.Marysville-Sorenson,GOMER 138KV - ESIDELIM 138KV (ESIDELIM 138 KV ESI-GOME) L765.Marysville-Sorenson
BLACKOAK 138 KV BLACKOAK-JUNCTION JBO,JUNCTION_138 KV_JUN-PAR:L500.BlackOak-Hatfield.542,BLACKOAK 138KV - JUNCTION 138KV (BLACKOAK 138 KV BLA-JUN) L500.Bedington-BlackOak
NELSON 138 KV NELSON-VIENNA 13707,NELSON_138 KV_AT1:L138.Loretto-Vienna.13780,NELSON 69KV - EDGEWDPL 69KV (EDGEWDPL 69 KV EDG-NEL) L138.Loretto-Vienna.13780
IDYLWOO4 230 KV IDYLWOO4-CLARK4 202A,IDYLWOO4_230 KV_202A:L230.EvergreenMills-YarleyRidge.2209,IDYLWOO4 230KV - CLARK4 230KV (IDYLWOO4 230 KV 202A) L230.EvergreenMills-YarleyRidge.2209
MEADOWBR-STRASBUR MST A 138 KV,SCOTTSVI_138 KV_SCO-BRE1:L500.MtStorm-Valley.550,MEADOWBR-STRASBUR MST       A  138 KV L500.MtStorm-Valley.550
127 MATT 138 KV 127 MATT-6604 6604 2,127 MATT_138 KV_6604 2:L345.Bloom-DavisCreek.17907 S,6604 138KV - 127 MATT 138KV (127 MATT 138 KV 6604 2) L345.Bloom-DavisCreek.17907 S
TRISTATE138 KV  TRI-CHA2,TRISTATE_138 KV_TRI-CHA2:L138.Chadwick-Tristate.1,TRISTATE 138KV - CHADWICK 138KV (TRISTATE 138 KV TRI-CHA2) L138.Chadwick-Tristate.1
MIDDLJCT 115 KV MIDDLJCT-YORKHAVE 978-1,MIDDLJCT_115 KV_2 TX RE:Hunterstown-TexasEastern-Gardners (991) 115 kV lin,MIDDLJCT-YORKHAVE 978-1     A  115 KV Hunterstown-TexasEastern-Gardners (991) 115 kV lin
ASPENSLR115 KV  ASP-ROXB,ASPENSLR_115 KV_ASP-ROXB:L500.Bedington-BlackOak,ASPENSLR 115KV - ROXBURY 115KV (ASPENSLR 115 KV ASP-ROXB) L500.Bedington-BlackOak
BETHEL-RIVERTON RLU B 138 KV,BETHEL_138 KV_BET-RIVU:L500.Cloverdale-Lexington.566,BETHEL 138KV - RIVERTON 138KV (BETHEL 138 KV BET-RIVU) L500.Cloverdale-Lexington.566
EDGEWATE 138 KV EDGEWATE-VASCOTAP SH-LH,EDGEWATE_138 KV_EDG-VAS:500/138.Yukon.T2,VASCOTAP 138KV - EDGEWATE 138KV (EDGEWATE 138 KV EDG-VAS) 500/138.Yukon.T2
YUKON 500 KV YUKON TRAN 3 XFORMER,YUKON_500 KV_TRAN 6:L500.Cabot-Keystone.5002,YUKON    TRAN  3  XFORMER   H  500 KV L500.Cabot-Keystone.5002
RICHLND 138 KV RICHLND-NAOMIJUN,RICHLND_138 KV_RIC-WAUS:L138.Richland-Ridgeville-Stryker,RICHLND-NAOMIJUN            A  138 KV L138.Richland-Ridgeville-Stryker
BROADFO2 138 KV BROADFO2-SALTVILL 2,BROADFO2_138 KV_BRO-KEY1:ACTUAL,BROADFO2 138KV - SALTVILL 138KV (BROADFO2 138 KV BRO-SAL1) L138.Broadford-Smyth-Atkins
NELSON 345/138 TR82 L/O BYRON-LEE COUNTY 345 KV,155 NELS_345 KV_TR82CT-P:L345.Byron-LeeCounty.0627,124 Maryland-11902 138 l/o Byron-Lee County 345 kV L345.Byron-LeeCounty.0627
BEAUMEAD-ASHBURN 274C B 230 KV,BEAUMEAD_230 KV_274C:L230.EvergreenMills-Brableton.2172,ASHBURN 230KV - BEAUMEAD 230KV (BEAUMEAD 230 KV 274C) L230.EvergreenMills-Brableton.2172
SCANTON2138 KV  SCA-APP1,SCANTON2_138 KV_SCA-APP1:L345.OhioCentral-MuskingumRiver,SCANTON2 138KV - APPLECRE 138KV (SCANTON2 138 KV SCA-APP1) L345.OhioCentral-MuskingumRiver
YUKON 500 KV YUKON TRAN 3 XFORMER,YUKON_500 KV_TRAN 7:500/138.Yukon.TR5,YUKON   500 KV  TRAN  3 500/138.Yukon.TR5 (Future)
EASTGATE 138 KV EASTGATE-LUXOR KF-LU,EASTGATE_138 KV_EAS-LUX:L138.YoungWood-Yukon,EASTGATE 138KV - LUXOR 138KV (EASTGATE 138 KV EAS-LUX) L138.YoungWood-Yukon
MIDDLETO_138KVMID-MTP_1_LN,MIDDLETO_138 KV_MID-MTP:L230.CedarCreek-SilverRun.23030,MTPLEASN 138KV - MIDDLETO 138KV (MIDDLETO 138 KV MID-MTP) L230.CedarCreek-SilverRun.23030
BROADFO2-SALTVILL 1         A  138 KV,BROADFO2_138 KV_BRO-SAL1:L765.Culloden-Wyoming,BROADFO2 138KV - SALTVILL 138KV (BROADFO2 138 KV BRO-SAL1) L765.Culloden-Wyoming
CHR138_138KVCHR-NEW_1_LN,CHR138_138 KV_CHR-NEW:ACTUAL,NEWCASTL 138KV - CHR138 138KV (CHR138 138 KV CHR-NEW) BASE
BURKE   230 KV  270A,BURKE_230 KV_270A:L500.Morrisville-Spotsylvania.594,SIDEBURN 230KV - BURKE 230KV (BURKE 230 KV 270A) L500.Morrisville-Spotsylvania.594
RIVERRD 115 KV  86D,RIVERRD_115 KV_86D:L500 Chickahominy-Elmont.557A(Sctnlz),RIVERRD 115KV - NWEST 115KV (RIVERRD 115 KV 86D) L500 Chickahominy-Elmont.557A(Sctnlz)
APSOUTH CONTINGENCY 73,APSouth Interface:L500.RhodesLane-Yukon.517,APSOUTH contingency 73 L500.RhodesLane-Yukon.517
TITUSVIL115 KV TIT-UNI,TITUSVIL_115 KV_TIT-UNI:L345.ErieWest-Wayne.3004,TITUSVIL 115KV - UNIONCIT 115KV (TITUSVIL 115 KV TIT-UNI) L345.ErieWest-Wayne.3004
MIDDLETO 138 KV MIDDLETO-MTPLEASN 13808-2,MIDDLETO_138 KV_MID-MTP:L230.Cartanza-SilverRun.23032,MTPLEASN 138KV - MIDDLETO 138KV (MIDDLETO 138 KV MID-MTP) L230.Cartanza-SilverRun.23032
66 E FRN 345 KV 66 E FRN TR83CT-P XFORMER,66 E FRN_345 KV_TR83CT-P:L345.Braidwood-EastFrankfort.2001,66 E FRN 345KV - 66 E FRN 1KV (66 E FRN 345 KV TR83CT-P) L345.Braidwood-EastFrankfort.2001
ALLDAM6 138 KV ALLDAM6-KITTANNI SP-KT,ALLDAM6_138 KV_ALL-KIT:L500.Conemaugh-Keystone.5003,ALLDAM6-KITTANNI SP-KT      A  138 KV MAXCR: 500/230.Keystone.T4 + U1 + U2 + 5003 + 5004
08LAPLJT138 KV  08L-SAN1,08LAPLJT_138 KV_08L-SAN1:Jefferson-Rockport 765+Rockport Unit 2,08LAPLJT 138KV - SANDERSO 138KV (08LAPLJT 138 KV 08L-SAN1) Jefferson-Rockport 765+Rockport Unit 2
7713 -981 CRESENT 138 KV FOR LOSS OF POWERTON-TOULON 0321 138 KV,74 KEWAN_138 KV_BTIE Z1:L138.Powerton-Toulon.0321,7713 -981 Cresent 138 kV for loss of Powerton-Toulon 0321 138 kV L138.Powerton-Toulon.0321
BRUNSWIC230 KV  BRU-MEA,BRUNSWIC_230 KV_BRU-MEA:L500.Hopatcong-Ramapo.5018,BRUNSWIC 230KV - MEADOWRD 230KV (BRUNSWIC 230 KV BRU-MEA) L500.Hopatcong-Ramapo.5018
FTSLOCUM69 KV   190-6R,FTSLOCUM_69 KV_190-6R:ACTUAL,FTSLOCUM69 KV   190-6R L500.BurchesHill-PossumPoint.560
12THST  69 KV   12T-FTS,12THST_69 KV_12T-FTS:L500.BurchesHill-PossumPoint.560,FTSLOCUM 69KV - 12THST 69KV (12THST 69 KV 12T-FTS) L500.BurchesHill-PossumPoint.560
NRTHNECK 230 KV NRTHNECK TX6 XFORMER,NRTHNECK_230 KV_TX6:L500.Midlothian-NorthAnna.576,NRTHNECK 115KV - NRTHNECK 230KV (NRTHNECK 230 KV TX6) L500.Midlothian-NorthAnna.576
08OAKLEY138 KV  08O-RED1,08OAKLEY_138 KV_08O-RED1:ACTUAL,REDBANK 138KV - 08OAKLEY 138KV (08OAKLEY 138 KV 08O-RED1) BASE
ALLDAM6 138 KV ALLDAM6-KITTANNI SP-KT,ALLDAM6_138 KV_ALL-KIT:L345.HandsomeLake-Wayne,ALLDAM6-KITTANNI SP-KT      A  138 KV 345/115.ErieWest.T1
ETOWANDA 230 KV ETOWANDA-HILLSIDE 2002 TIE,MAINESBG_345 KV_T1:L230.ETowanda-Hillside.2002 [NYISO],FARMERSV115 KV  FAR-TWO L230.ETowanda-Hillside.2002 [NYISO] + SPS.ESayre
LINWOOD2138 KV  LIN-ROS1,LINWOOD2_138 KV_LIN-ROS1:L765.Dumont-Sorenson,LINWOOD2 138KV - ROSEHILL 138KV (LINWOOD2 138 KV LIN-ROS1) L765.Dumont-Sorenson
MIDDLETO 138 KV MIDDLETO-MTPLEASN 13808-2,MIDDLETO 138-MTPLEASN 138,MTPLEASN 138KV - MIDDLETO 138KV (MIDDLETO 138 KV MID-MTP) L230.Cartanza-Milford.23033
CAMDEN  230 KV  CAM-GLOY,CAMDEN_230 KV_CAM-GLOY:ACTUAL,GLOUCEST 230KV - CAMDEN 230KV (CAMDEN 230 KV CAM-GLOY) BASE
ERDMAN_115KVERD-PHI5_1_LN,ERDMAN_115 KV_ERD-PHI5:ACTUAL,ERDMAN 115KV - PHILADRD 115KV (ERDMAN 115 KV ERD-PHI5) BASE
TRENTON2 138 KV TRENTON2-HUSTON 3281,TRENTON2_138 KV_HUS-TRE:L345.MiamiFort-Woodsdale.4592,HUSTON 138KV - TRENTON2 138KV (TRENTON2 138 KV HUS-TRE) L345.MiamiFort-Woodsdale.4592
CHESWICK 138 KV CHESWICK-LOGANSFE CHE-LF53,CHESWICK_138 KV_CHE-LF53:138.Cheswick-Logans Ferry.Z-52,CHESWICK 138KV - LOGANSFE 138KV (CHESWICK 138 KV CHE-LF53) 138.Cheswick-Logans Ferry.Z-52
GRAPEVIN230 KV  GRA-MTEA,GRAPEVIN_230 KV_GRA-MTEA:L500.Midlothian-NorthAnna.576,GRAPEVIN 230KV - MTEAGLE 230KV (GRAPEVIN 230 KV GRA-MTEA) L500.Midlothian-NorthAnna.576
SHELBYCO69 KV   SHE-SHLC,SHELBYCO_69 KV_SHE-SHLC:ACTUAL,SHELBYTP 69KV - SHELBYCO 69KV (SHELBYCO 69 KV SHE-SHLC) BASE
WEFOSTOR138 KV WEF-02W1,WEFOSTOR_138 KV_WES-WOOD:L138.FremontCenter-Fremont-WestFremont,WEFOSTOR138 KV  WEF-02W1 L138.FremontCenter-Fremont-WestFremont
MTNEBO  69 KV   FAC-MTNB,MTNEBO_69 KV_FAC-MTNB:115/69.Face Rock.1&2,FACEROCK 69KV - MTNEBO 69KV (MTNEBO 69 KV FAC-MTNB) 115/69.Face Rock.1&2
SHAWVILL115 KV  BNK 1A-S,SHAWVILL_115 KV_BNK 1A-S:L115.Summit-Thirty First St.,SHAWVILL 1KV - SHAWVILL 115KV (SHAWVILL 115 KV BNK 1A-S) L115.Summit-Thirty First St.
SEWARD 230 KV SEWARD 230 KV T11 XFORMER,SEWARD_230 KV_T11:L230.Johnstown-Seward.2018,SEWARD 230KV - SEWARD 115KV (SEWARD 230 KV T11) L230.Johnstown-Seward.2018
JACKSONVILLE NORTH-JACKSONVILLE INDUSTRIAL 138 KV L/O BLUEMOUND-PONTIAC 345 KV,JACK_138 KV_JAC-JAC2:Pontiac-Blue Mound 345,JACKSNV3 138KV - JACK 138KV (JACK 138 KV JAC-JAC2) L345.Pontiac-Blue Mound.8002
OX4 500 KV OX4 TX2 XFORMER,OX4_500 KV_TX2:L500.BurchesHill-PossumPoint.560,OX4 500KV - OX4 230KV (OX4 500 KV TX2) L500.BurchesHill-PossumPoint.560
DOEX530 345 KV  DOE-PIE2,DOEX530_345 KV_DOE-PIE2:L765.Culloden-Wyoming,DOEX530 345KV - PIERCE 345KV (DOEX530 345 KV DOE-PIE2) L765.Culloden-Wyoming
CHESTER4 115 KV CHESTER4-TURNER4 92A,CHESTER4_115 KV_92A:ACTUAL,CHESTER4 115KV - TURNER4 115KV (CHESTER4 115 KV 92A) BASE
THELMA 69 KV THE-THE1,THELMA_69 KV_THE-THE1:L765.Kammer-Belmont-Mountaineer+765/500.Belmont.T5,THELMA 69KV - THELMAEK 69KV (THELMA 69 KV THE-THE1) L765.Kammer-Belmont-Mountaineer+765/500.Belmont.T5
BOONETWN230 KV  BOO-SRE,BOONETWN_230 KV_BOO-SRE:L500.PeachBottom.BusTie.2,BOONETWN 230KV - SREADING 230KV (BOONETWN 230 KV BOO-SRE) L500.PeachBottom.BusTie.2
DOUBS   500 KV  DOU-GOO,DOUBS_500 KV_DOU-GOO:L500.Bristers-Ox.539,DOUBS 500KV - GOOSECRE 500KV (DOUBS 500 KV DOU-GOO) L500.Bristers-Ox.539
ALLENIM 138 KV  ALL-TIL,ALLENIM_138 KV_ALL-TIL:L765.Marysville-Sorenson,ALLENIM 138KV - TILLMAN 138KV (ALLENIM 138 KV ALL-TIL) L765.Marysville-Sorenson
POSSUMP4 230 KV POSSUMP4 2078Z SER DEV,POSSUMP4_230 KV_2078Z:L500.BurchesHill-PossumPoint.560,POSSUMP4230 KV  2078Z L500.BurchesHill-PossumPoint.560
MTSTORM4 500 KV MTSTORM4-VALLEY4 550A,MTSTORM4_500 KV_550A:L500.Cloverdale-Lexington.566,MTSTORM4 500KV - VALLEY4 500KV (MTSTORM4 500 KV 550A) L500.Cloverdale-Lexington.566
BUTL APS 138 KV BUTL APS-SHANORMA KND-BT,BUTL APS_138 KV_BUT-SHA:ACTUAL,BUTL APS 138KV - SHANORMA 138KV (BUTL APS 138 KV BUT-SHA) 500/138.Cranberry.T1
DOUBS   500 KV  DOU-GOO,DOUBS_500 KV_DOU-GOO:L500.Cloverdale-Lexington.566,DOUBS 500KV - GOOSECRE 500KV (DOUBS 500 KV DOU-GOO) L500.Cloverdale-Lexington.566
GROTTOES 115 KV GROTTOES-ELKTONDP 119C,GROTTOES_115 KV_119C:L230.Grottoes-Harrisonburg.260,GROTTOES 115KV - ELKTONDP 115KV (GROTTOES 115 KV 119C) L230.Grottoes-Harrisonburg.260
RAPPAHAN-WHITESTN 65A1      A  115 KV,OCRAN_115 KV_65A1:L230.Fredericksburg-Birchwood.2083,RAPPAHAN 115KV - WHITESTN 115KV (RAPPAHAN 115 KV RAP-WHIT) L230.Lanexa-Dunnsville-NorthernNeck.224
MARDELA-VIENNA 6708-1 A 69 KV,MARDELA_69 KV_MAR-VIE:L69.MountHermon-PineyGrove.6728,VIENNA 69KV - MARDELA 69KV (MARDELA 69 KV MAR-VIE) L69.MountHermon-PineyGrove.6728
ELIMA   138 KV  ELI-FOR1,ELIMA_138 KV_ELI-FOR1:ACTUAL,ELIMA 138KV - FORD 138KV (ELIMA 138 KV ELI-FOR1) BASE
CORNER 138 KV CORNER-DEGUSSA 82,CORNER_138 KV_COR-DEG:L765.Kammer-Belmont-Mountaineer+765/500.Belmont.T5,DEGUSSA 138KV - CORNER 138KV (CORNER 138 KV COR-DEG) L765.Kammer-Belmont-Mountaineer+765/500.Belmont.T5
EDELPHOS_69KVEDE-NDE_1_LN,EDELPHOS_69 KV_EDE-NDE:L765.Marysville-Sorenson,NDELPHOS 69KV - EDELPHOS 69KV (EDELPHOS 69 KV EDE-NDE) L765.Marysville-Sorenson
STILLWELL - LNG 138 KV L/O OLIVE XF 345/138,STILLWEL_138 KV_STI-LNG1:345/138.Olive.T2,STILLWEL 138KV - LNGPLNTP 138KV (STILLWEL 138 KV STI-LNG1) 345/138.Olive.T2
CHESTNT_115KV1024A_1_LN,CHESTNT_115 KV_1024A:L500.BrunswickSwitchingStationHeritage-Wake.570,CHESTNT 115KV - WHITAKER 115KV (CHESTNT 115 KV 1001E) L500.BrunswickSwitchingStationHeritage-Wake.570
LACLEDE STEEL NORTH TAP - GILESPIE 138 L/O PRAIRST - WMTVERNON 345,HILG_138 KV_HIL-TURK:Prairie State-W Mt. Vernon 345,Laclede Steel North tap - Gilespie 138 l/o PrairSt - WMTVernon 345 Prairie State-W Mt. Vernon 345
HOYTDAL2 138 KV HOYTDAL2-MAPLEOE,HOYTDAL2_138 KV_HOY-MAP1:L500.Keystone-SouthBend.5001(513),HOYTDAL2 138KV - MAPLEOE 138KV (HOYTDAL2 138 KV HOY-MAP1) L500.Keystone-SouthBend.5001(513)
PIERC_DK345 KV  BK18,PIERC_DK_345 KV_BK18:L345.Pierce-Foster,PIERC_DK 345KV - PIERC_DK 138KV (PIERC_DK 345 KV BK18) L345.Pierce-Foster
SUB 71 - SUB 88 161 KV L/0 LOUISA - OAK GROVE 345 KV,SB 71 6_161 KV_62230622:L345.Oakgrove-Louisa (MEC),SB 71  6 161KV - SB 88  6 161KV (SB 71  6 161 KV 62230622) L345.Oakgrove-Louisa (MEC)
LEESVILL_138KVLEE-SMI1_1_LN,LEESVILL_138 KV_LEE-SMI1:L765.Cloverdale-JoshuaFalls,SMITHMOU 138KV - LEESVILL 138KV (LEESVILL 138 KV LEE-SMI1) L765.Cloverdale-JoshuaFalls
NPHILOSW138 KV  NPH-ZAN1,NPHILOSW_138 KV_NPH-ZAN1:L138.OhioCentral-Powelson,NPHILOSW 138KV - ZANESVIL 138KV (NPHILOSW 138 KV NPH-ZAN1) L138.OhioCentral-Powelson
JOPPA XF 345/161KV L/O GRAHAMVILLE - JOPPA N3 854 161KV,JOPPA_161 KV_JOP-SHA1:500/345.Shawnee.AA (TVA),JOPPA 345KV - JOPPA 161KV (JOPPA 345 KV XFA) Grahamville - Joppa_N3 854 161kV
RINGGOLD_T2_230T4_XF,RINGGOLD_230 KV_T3:L500.Bedington-Doubs,RINGGOLD230 KV  T4 L500.Bedington-Doubs
BLACKLIC138 KV  BLA-GAH1,BLACKLIC_138 KV_BLA-GAH1:345/138.JugStreet.XF5,GAHANNA 138KV - BLACKLIC 138KV (BLACKLIC 138 KV BLA-GAH1) 345/138.JugStreet.XF5
GOODLAND - REYNOLDS 138 KV L/O BUNSONVILLE - EUGENE 345 KV,17GODLND_138 KV_1:Reynolds-Goodland 138kV + Goodland 138/69kV Xfmr 2,Reynolds-Magnetation 138 l/o Eugene-Cayuga3 345 L345.Cayuga-Eugene
CRESCENT-MTNEBO Z-20        A  138 KV,ARSENAL_138 KV_ARS-HIG8:CRESCENT - NORTH Z-21 138 KV LINE (DUQ),SPRINGDA 138KV - CHESWICK 138KV (CHESWICK 138 KV CHE-SPR) L138.Crescent-North.Z-21
BERYL   138 KV  BER-CRS,BERYL_138 KV_BER-CRS:L500.BlackOak-Hatfield,BERYL 138KV - CROSSSCH 138KV (BERYL 138 KV BER-CRS) L500.BlackOak-Hatfield
115 BEDF345 KV  TR82CT-P,115 BEDF_345 KV_TR82CT-P:ACTUAL,115 BEDF 345KV - 115 BEDF 1KV (115 BEDF 345 KV TR82CT-P) BASE
ASHTABUL138 KV  ASH-04S1,ASHTABUL_138 KV_ASH-04S1:L345.Ashtabula-Perry,ASHTABUL 138KV - SANBORN 138KV (ASHTABUL 138 KV ASH-04S1) L345.Ashtabula-Perry
GRIFFIN4 138 KV GRIFFIN4-02PVALEY,02FOWLES_138 KV_02F-02P1:L345.Avonlake-Juniper,02FOWLES 138KV - PLSNTVLY 138KV (02FOWLES 138 KV 02F-02P1) L345.Avonlake-Juniper
GARDEN PLAIN-15518 138 L/O H471-NELSON 15504 345,94 HAURD_138 KV_11323:L345.155Nelson-H471.15504,15518 138KV - 132 GARD 138KV (15518 138 KV 15518 2) L345.155 Nelson-H471.15504
NELSON 345/138 TR82 L/O NELSON-ELECTRIC JCT 345,155 NELS_138 KV_TR82CT-S:L345.Nelson-Electric Junction.15502,Nelson 345/138 TR82 l/o Nelson-Electric Jct 345 L345.Nelson-Electric Junction.15502
143 WOLF TR81CT-S XFORMER   L  1 KV,143 WOLF_138 KV_TR81CT-S:345L11124 Electric Jct-Lombard 345 kV Line,143 WOLF 1KV - 143 WOLF 138KV (143 WOLF 138 KV TR81CT-S) 345L11124 Electric Jct-Lombard 345 kV Line
SPOTSLV 500 KV  TX1,SPOTSLV_500 KV_TX1:L500.Morrisville-Spotsylvania.594,SPOTSLV 500KV - SPOTSLV 115KV (SPOTSLV 500 KV TX1) L500.Morrisville-Spotsylvania.594
BLAIRSVE_138KVBLA-SOC_1_LN,BLAIRSVE_138 KV_BLA-SOC:345/138.Ashtabula.TR4,SOCIALHA 138KV - BLAIRSVE 138KV (BLAIRSVE 138 KV BLA-SOC) 345/138.Ashtabula.TR4
50045005 58,50045005 Interface:Wildcat.CC,50045005 58 Wildcat.CC
CALVERT 138 KV  CAL-KAN1,CALVERT_138 KV_CAL-KAN1:345/138.Olive.T2,CALVERT 138KV - KANKAKEE 138KV (CALVERT 138 KV CAL-KAN1) 345/138.Olive.T2
AQUAHAR_230KVAQU-GAR1_1_LN,AQUAHAR_230 KV_AQU-GAR1:ACTUAL,AQUAHAR 230KV - GARRSNV 230KV (AQUAHAR 230 KV AQU-GAR1) BASE
LAURELDP 69 KV LAURELDP-SHARP 6705-1,SHARP_69 KV_SHA-VIE:L138.Loretto-Vienna.13780,SHARP 69KV - LAURELDP 69KV (LAURELDP 69 KV LAU-SHA) L138.Loretto-Vienna.13780
PRESTON_69KVPRE-TAN_1_LN,PRESTON_69 KV_PRE-TAN:L230.Steele-Vienna.23085,TANYARD 69KV - PRESTON 69KV (PRESTON 69 KV PRE-TAN) L230.Steele-Vienna.23085 & 230/138.Vienna.AT20
NOTREDAM138 KV  NOT-SBE1,NOTREDAM_138 KV_NOT-SBE1:L345.Cook-Olive,NOTREDAM 138KV - SBENDAEP 138KV (NOTREDAM 138 KV NOT-SBE1) L345.Cook-Olive
BLANCO_69KVBLA-NEWM_1_LN,BLANCO_69 KV_BLA-NEWM:L230.CedarCreek-SilverRun.23030,BLANCO 69KV - NEWMERED 69KV (BLANCO 69 KV BLA-NEWM) L230.CedarCreek-SilverRun.23030
NORTHWOO 230 KV NORTHWOO 6 BANK XFORMER,NORTHWOO_230 KV_6 BANK:L230.MartinsCreek-Portland.1008,NORTHWOO 6 BANK   XFORMER   H  230 KV MartinsCreek-Portland.1008
OX4_T1_500TX2_XF,HAYFIEL4_230 KV_241A:L500.Clifton-Ox.561+500/230.Clifton.TX2,OX4 230KV - GALLWSRD 230KV (OX4 230 KV 2097B) L500.Clifton-Ox.561+500/230.Clifton.TX2
OST     138 KV  002-5R,OST_138 KV_002-5R:L500.BurchesHill-PossumPoint.560,OST     138 KV  002-5R L500.BurchesHill-PossumPoint.560
BIGPINET138 KV  BIG-KIS,BIGPINET_138 KV_BIG-KIS:L230.HomerCity-Shelocta-Keystone.2014,KISKIVAL 138KV - BIGPINET 138KV (BIGPINET 138 KV BIG-KIS) L230.HomerCity-Shelocta-Keystone.2014
HILL_AEP-NAGELAEP B 138 KV  .L/O  L500.BROADFORD-SULLIVAN(TVA) TIE,HILL_AEP_138 KV_HIL-NAG1:L500.Broadford-Sullivan (TVA) Tie,NAGELAEP 138KV - HILL_AEP 138KV (HILL_AEP 138 KV HIL-NAG1) L500.Broadford-Sullivan (TVA) Tie
HAVILAND69 KV   HAV-NVA,HAVILAND_69 KV_HAV-NVA:138/69.NDelphos.T1,HAVILAND 69KV - NVANWERT 69KV (HAVILAND 69 KV HAV-NVA) 138/69.NDelphos.T1
HOOVERSV 115 KV HOOVERSV-TOWER51 H1H2 1071,HOOVERSV_115 KV_HOO-SCA:L115.Cooper-Seward,TOWER51 115KV - HOOVERSV 115KV (HOOVERSV 115 KV HOO-TOW) L115.Cooper-Seward
TRENTON2138 KV  TRE-COL1,TRENTON2_138 KV_TRE-COL1:L765.Maliszewski-Marysville,COLLEGEC 138KV - TRENTON2 138KV (TRENTON2 138 KV TRE-COL1) L765.Maliszewski-Marysville
OAKGROVE_230KVOAK-TAL8_1_LN,OAKGROVE_230 KV_OAK-TAL8:500/230.ChalkPoint.T6,TALBERT 230KV - OAKGROVE 230KV (OAKGROVE 230 KV OAK-TAL8) 500/230.ChalkPoint.T6
MAHANSLA_138KVMAH-TID_1_LN,MAHANSLA_138 KV_MAH-TID:ACTUAL,TIDD_AEP 138KV - MAHANSLA 138KV (MAHANSLA 138 KV MAH-TID) 345/138.Wylie Ridge.1TX & 2TX (Sctnlz F)
WEFOSTOR138 KV WEF-02W1,WEFOSTOR_138 KV_WES-WOOD:L345.SouthBerwick-FostoriaCentral,WEFOSTOR138 KV  WEF-02W1 L345.SouthBerwick-FostoriaCentral
ALLDAM6 138 KV ALLDAM6-KITTANNI SP-KT,ALLDAM6_138 KV_ALL-KIT:DTX138.KiskiValley.T1 (Sctnlz F),ALLDAM6 138KV - KITTANNI 138KV (ALLDAM6 138 KV ALL-KIT) DTX138.KiskiValley.T1 (Sctnlz F)
PLEASNT 138 KV PLEASNT -STMARYS STM-PLE,PLEASNT_138 KV_STM-PLE:Belmont-Harrison 500kV,PLEASNT 138KV - STMARYS 138KV (PLEASNT 138 KV STM-PLE) L500.Belmont-Harrison
LOUDOUN4 500 KV LOUDOUN4 TX1 XFORMER,LOUDOUN4_500 KV_TX1:L500.Brambleton-Mosby.546,LOUDOUN4 500KV - LOUDOUN4 230KV (LOUDOUN4 500 KV TX1) L500.Brambleton-Mosby.546
DESOTO  345 KV  .  1,DESOTO_345 KV_. 1:345/138.Desoto.T2,PIPECREE138 KV  MUL-PIP1 345/138.Desoto.T2
EVERETTS 230 KV EVERETTS-GREENVIL 218,EVERETTS_230 KV_218:L500.BrunswickHeritage-Rawlings.591,GREENVIL 230KV - EVERETTS 230KV (EVERETTS 230 KV 218) L500.BrunswickHeritage-Rawlings.591
CROZET 230 KV CROZET -BARRCKRD 291B,CROZET_230 KV_291B:L230.Dooms-Charlottesville.233,BARRCKRD 230KV - CROZET 230KV (CROZET 230 KV 291B) L230.Dooms-Charlottesville.233
ALLENJUN138 KV  ALL-ALLE,ALLENJUN_138 KV_ALL-ALLE:L345.Bayshore-Lallendorf.1,ALLENJUN 138KV - ALLENMOD 138KV (ALLENJUN 138 KV ALL-ALLE) L345.Bayshore-Lallendorf.1
CARTANZA_230KVCAR-MIL_1_LN,CARTANZA_230 KV_CAR-MIL:L230.CedarCreek-SilverRun.23030,CARTANZA 230KV - MILFORD 230KV (CARTANZA 230 KV CAR-MIL) L230.CedarCreek-SilverRun.23030
SEWARD 115 KV SEWARD-TOWER51 H1H2 1097,SEWARD_115 KV_SEW-TOW:L500.Hunterstown-Conastone.5013,SEWARD 115KV - TOWER51 115KV (SEWARD 115 KV SEW-TOW) L500.Hunterstown-Conastone.5013
SHENANGO 138 KV SHENANGO 36 CB,SHENANGO_138 KV_SHE-CRO1:345/138.Hoytdale.T2,SHENANGO 36 CB 345/138.Hoytdale.T2
FLINT-PLYMOUTH 220-47 B 230 KV,FLINT_230 KV_FLI-PLY:L230.Lenape-Concord.220-70,PLYMOUTH 230KV - FLINT 230KV (FLINT 230 KV FLI-PLY) L230.Lenape-Concord.220-70
GREENWAY230 KV  2188B1,GREENWAY_230 KV_2188B1:L230.Buttermilk-Beaumeade.2152,SHELHORN 230KV - GREENWAY 230KV (GREENWAY 230 KV 2188B1) L230.Buttermilk-Beaumeade.2152
CHARLTSV 230 KV CHARLTSV-PROFITDP 2054B1,CHARLTSV_230 KV_2054B1:L500.Mt Storm-Valley.550,CHARLTSV 230KV - PROFITDP 230KV (CHARLTSV 230 KV 2054B1) L500.MtStorm-Valley.550
MARSHRUN230 KV  280A,MARSHRUN_230 KV_280A:L500.Loudoun-Morrisville.569,MARSHRUN 230KV - REMINGTN 230KV (MARSHRUN 230 KV 280A) L500.Loudoun-Morrisville.569
CECIL 138 KV CECIL-GLASGOW 13810,CECIL_138 KV_CEC-GLA:L230.Conowingo-Nottingham-220-03,CECIL 138KV - GLASGOW 138KV (CECIL 138 KV CEC-GLA) L230.Conowingo-Nottingham-220-03
SHAFFERS 138 KV SHAFFERS-SPRINGDA SP-KV,SHAFFERS_138 KV_SHA-SPR:L138.Springdale-All4Jct-All4Tap-All6-Brackenridge,SPRINGDA 138KV - SHAFFERS 138KV (SHAFFERS 138 KV SHA-SPR) L138.Springdale-All4Jct-All4Tap-All6-Brackenridge
DOEX530 345 KV  DOE-PIE2,DOEX530_345 KV_DOE-PIE2:L345.Gristmill-Shelby,DOEX530 345KV - PIERCE 345KV (DOEX530 345 KV DOE-PIE2) L345.Gristmill-Shelby
NEWCARLI138 KV  NEW-PLE,NEWCARLI_138 KV_NEW-PLE:L138.KenzieCreek-Colby-Valley,NEWCARLI 138KV - PLETCHER 138KV (NEWCARLI 138 KV NEW-PLE) L138.KenzieCreek-Colby-Valley
DOEX530 345 KV  DOE-PIE2,DOEX530_345 KV_DOE-PIE2:RAS.L765.Jefferson-Rockport + Rockport.U2,DOEX530 345KV - PIERCE 345KV (DOEX530 345 KV DOE-PIE2) Jefferson-Rockport 765+Rockport Unit 1
BRUNNERI 230 KV BRUNNERI-YORKANA 1055,BRUNNERI_230 KV_BRU-WHE:DBL:CONA 500-4 + YORKANA T3,BRUNNERI-YORKANA 1055       A  230 KV L500.Conastone-Peach Bottom.5012
CRES DUQ138 KV  CRE-MTN,CRES DUQ_138 KV_CRE-MTN:Crescent-Collier-Brunot 331 (DUQ) 345 KV LINE,CRES DUQ 138KV - MT NEBO 138KV (CRES DUQ 138 KV CRE-MTN) L345.Crescent-Collier-BrunotIsland.331
NOTTINGH 230 KV NOTTINGHM 2-3 SER DEV,NOTTINGHM 2-3 SER DEV A 230 KV:TEMP.DBL.500/230.CONASTONE.500-4 + Peach Bot - Conaston,NOTTINGHM 2-3 SER DEV       A  230 KV L500.Conastone-PeachBottom.5012
OLIVE   345 KV  OLI-OLIV,OLIVE_345 KV_OLI-OLIV:ACTUAL,OLIVUNPA 345KV - OLIVE 345KV (OLIVE 345 KV OLI-OLIV) L765.Collins - Plano.2315
JUNIATA_T3_2304_XF,CARROLLT_138 KV_XF-T3:ACTUAL,JUNIATA 230KV - DAUPHIN 230KV (DAUPHIN 230 KV DAU-JUN) 500/230.Lauschtown.T3
LOGTOWN 138 KV  LOG-NDEL,LOGTOWN_138 KV_LOG-NDEL:765/345.Marysville.T2,LOGTOWN 138KV - NDELPHOS 138KV (LOGTOWN 138 KV LOG-NDEL) 765/345.Marysville.T2
LEESVILL 138 KV LEESVILL-SMITHMOU,LEESVILL_138 KV_LEE-SMI1:L138.Redeye-SmithMou,SMITHMOU 138KV - LEESVILL 138KV (LEESVILL 138 KV LEE-SMI1) L500.Dooms-Lexington.555
ELIMSPOR 230 KV ELIMSPOR-SUNBURY,ELIMSPOR_230 KV_ELI-SUN:L230.Montour-Milton-Sunbury,ELIMSPOR 230KV - SUNBURY 230KV (ELIMSPOR 230 KV ELI-SUN) L230.Montour-Saegers.1
HOPEWEL4230 KV  228A,HOPEWEL4_230 KV_228A:ACTUAL,HOPEWEL4230 KV  211A 562 LINE: CARSON-SEPTA
MTEAGLE_230KV2028A_1_LN,MTEAGLE_230 KV_2028A:L500.Midlothian-NorthAnna.576,MTEAGLE 230KV - CHARLTSV 230KV (MTEAGLE 230 KV 2028A) L500.Midlothian-NorthAnna.576
LINE 69 KV MONR AE-VINELAND 0711-1,MONR AE_69 KV_MON-VINE:L138.England-Scull-Mill-Lewis.1407,MONR AE 69KV - VINELAND 69KV (MONR AE 69 KV MON-VINE) L138.England-Scull-Mill-Lewis.1407
GRACETON 230 KV GRACETON-SAFEHARB 2303,GRACETON_230 KV_GRA-MANO:L500.Conemaugh-Juniata.5005,MANOR 230KV - GRACETON 230KV (GRACETON 230 KV GRA-MANO) L500.Conemaugh-Juniata.5005
BURCHESH_230KVBUR-TAL1_1_LN,BURCHESH_230 KV_BUR-TAL1:500/230.ChalkPoint.T6,TALBERT 230KV - BURCHESH 230KV (BURCHESH 230 KV BUR-TAL1) 500/230.ChalkPoint.T6
PIERC_DK345 KV  PIE-PIE2,PIERC_DK_345 KV_PIE-PIE2:L345.Red Bank-Terminal,PIERCE 345KV - PIERC_DK 345KV (PIERC_DK 345 KV PIE-PIE2) L345.Red Bank-Terminal
MIAMIFOR 138 KV MIAMIFOR-08GRDALE,08BROWN_138 KV_08B-STU1:ACTUAL,08GRDALE 138KV - MIAMIFOR 138KV (MIAMIFOR 138 KV MIA-08G1) L345.TannersCreek-MiamiFort
CLOVER  230 KV  2068A1,EDANVILL_230 KV_EDA-ROX1:L500.Carson-RogersRoad.585,CLOVER  230 KV  2068A1 L500.Carson-RogersRoad.585
BURMA 115 KV BURMA-PINEY BA,BURMA_138 KV_T1:L115.Glory-Seward,BURMA 115KV - PINEY 115KV (BURMA 115 KV BUR-PIN) L115.Glory-Seward
BRUNSWIC230 KV  BUR-MEA,BRUNSWIC_230 KV_BRU-MEA:L230.Deans-MeadowRoad-PiersonAve-Metchuen.S-2219,BRUNSWIC 230KV - MEADOWRD 230KV (BRUNSWIC 230 KV BRU-MEA) L230.Deans-MeadowRoad-PiersonAve-Metchuen.S-2219
CANYON  230 KV  CAN-NME,CANYON_230 KV_CAN-NME:ACTUAL,CANYON 230KV - NMESHOPP 230KV (CANYON 230 KV CAN-NME) L500.Breinigsville-Wescosville.5044
HIGHRIDG-SANDYSPR 2334 A 230 KV,HIGHRIDG_230 KV_HIG-SAN1:L230.Burtonsville-SandySprings-HighRidge.2334,SANDYSPG 230KV - HIGHRIDG 230KV (HIGHRIDG 230 KV HIG-SAN1) L230.Burtonsville-SandySprings-HighRidge.2334
AEP-DOM,AEP-DOM contingency 12 L500.MtStorm-Valley.550,TRANSFER INTERFACE: AEP-DOM L500.MtStorm-Valley.550
74 KEWAN 138 KV 74 KEWAN L74B1Z3 SER DEV,74 KEWAN_138 KV_L9430:ACTUAL,74 KEWAN L74B1Z3  SER DEV   B  138 KV L138.Kewanee-Hennepin.6101
HAVILAND69 KV   HAV-NVA,HAVILAND_69 KV_HAV-NVA:138/69.Haviland.T4 (Sctnlz),HAVILAND 69KV - NVANWERT 69KV (HAVILAND 69 KV HAV-NVA) 138/69.Haviland.T4 (Sctnlz)
AETNA - PRAXAIR 13805 138 KV L/O WILTON CENTER - DUMONT 765 KV,17AETNA_138 KV_17A-PRA1:Dumont-Wilton Center 765kV,17AETNA 138KV - PRAXTP 138KV (17AETNA 138 KV 17A-PRA1) Dumont-Wilton Center 765kV
SUTTON 138 KV SUT-SUT,SUTTON_138 KV_SUT-SUT:L765.Kammer-Belmont-Mountaineer+765/500.Belmont.T5,HEATERS 138KV - SUTTON 138KV (HEATERS 138 KV HEA-SUT) L765.Kammer-Belmont-Mountaineer+765/500.Belmont.T5
BAYLY   69 KV   BAY-WES,BAYLY_69 KV_BAY-WES:ACTUAL,WCAMBRID 69KV - BAYLY 69KV (BAYLY 69 KV BAY-WES) BASE
ABINGDON 138 KV ABINGDON-CLINCHRI,ABINGDON_138 KV_ABI-CLI1:L500.Broadford-Sullivan (TVA) Tie,CLINCHRI 138KV - ABINGDON 138KV (ABINGDON 138 KV ABI-CLI1) L500.Broadford-Sullivan (TVA) Tie
LACLEDE STEEL NORTH TAP - GILESPIE 138 KV L/O MAYWOOD - HERLEMAN 345 KV,LAC N T3_138 KV_32291322:Maywood-Herleman 345kV,Laclede Steel North Tap - Gilespie 138 kV l/o Maywood - Herleman 345 kV Maywood-Herleman 345kV
BRIDGEVI 69 KV BRIDGEVI-TAYLOR 6737-1,BRIDGEVI_69 KV_BRD-TAT:L230.Steele-Vienna.23085 & 230/138.Vienna.AT20,BRIDGEVI 69KV - TAYLOR 69KV (BRIDGEVI 69 KV BRD-TAT) L230.Steele-Vienna.23085 & 230/138.Vienna.AT20
SAWMILL 138 KV  SAW-DUB1,SAWMILL_138 KV_SAW-DUB1:L138.Sawmill-Brookside,SAWMILL 138KV - DUBLIN 138KV (SAWMILL 138 KV SAW-DUB1) L138.Sawmill-Brookside
MITTAL-2 - ROXANNA 138KV L/O MITTAL-5 - CHICAGO AVE 138KV,MITCHYRD_138 KV_MIT-MIT2:L138.Chicago Ave - Inland5T(Mittal5).13829 (NIPS),17LTV2 138KV - 17ROXANA 138KV (17ROXANA 138 KV 17R-17L1) Chicago Ave - Inland 5 138kV
LAURELL 115 KV LAURELLAKE-TIFFANY 115 KV,LAURELL_115 KV_LAU-TIF:L500.Hopatcong-Lackawanna.5063,TIFFANY 115KV - LAURELL 115KV (LAURELL 115 KV LAU-TIF) L500.Hopatcong-Lackawanna.5063
648 NORR 138 KV 648 NORR-198 DESP 19801,648 NORR_138 KV_19801:ACTUAL,198 DESP 138KV - 648 NORR 138KV (648 NORR 138 KV 19801) BASE
NEOGA-CASEYWEST 345 KV L/O NEWTON-CASEY 345 KV,NEOGA 3_345 KV_30309313:Newton-Casey 345 kV,Holland NW - neoga s l/o Newton-Casey Newton-Casey 345 kV
HUNTERST 115 KV HUNTERST-LINCOLN 962,LINCOLN_115 KV_LIN-ORRT:L500.Brighton-Conastone.5011,LINCOLN 115KV - STRABAN 115KV (LINCOLN 115 KV LIN-STR) L500.Brighton-Conastone.5011
BELVOIR 230 KV  220B,BELVOIR_230 KV_220B:L230.Ox-VirginiaHills.248B + SR1,FRANCONA 230KV - BELVOIR 230KV (BELVOIR 230 KV 220B) L230.Ox-VirginiaHills.248B + SR1
EVERTSUB_115KVEVE-STR_1_LN,EVERTSUB_115 KV_EVE-STR:L500.Hopatcong-Lackawanna.5063,STROY 115KV - EVERTSUB 115KV (EVERTSUB 115 KV EVE-STR) L500.Hopatcong-Lackawanna.5063
HARWGATE 230 KV HARWGATE-LOCKS 205C,HARWGATE_230 KV_205C:L230.Carson-Poe.2002 (Sctnlz),LOCKS 230KV - HARWGATE 230KV (HARWGATE 230 KV 205C) L230.Carson-Poe.2002 (Sctnlz)
YORKANA 230 KV  BANK 1,YORKANA_230 KV_BANK 1:500/230.Conastone.500-4,YORKANA 230KV - YORKANA 115KV (YORKANA 230 KV BANK 1) 500/230.Conastone.500-4
LUMSPOND 138 KV LUMSPOND-REYBOLD,LUMSPOND_138 KV_LUM-REY:L230.Crest-Colora.22704,REYBOLD 138KV - LUMSPOND 138KV (LUMSPOND 138 KV LUM-REY) L230.Crest-Colora.22704
CONASTON-GRACETON 2323 B 230 KV,CONASTON_230 KV_CNS-NOR1:L230.Conastone-Graceton.2323,CONASTON 230KV - GRACETON 230KV (CONASTON 230 KV CON-GRAC) L500.Brighton-Conastone.5011
SHAWVILL_T6_115BNK1A-S_XF,SHAWVILL_115 KV_BNK 1A-S:Shawville.U2,SHAWVILL 1KV - SHAWVILL 115KV (SHAWVILL 115 KV BNK 1A-S) TEMP.Shawville-Elko & U2
SAXTON 115 KV SAX-SNA,SAXTON_115 KV_SAX-SNA:230/115/46.Lewistown.T2&T3,SNAKESPR 115KV - SAXTON 115KV (SAXTON 115 KV SAX-SNA) 230/115.Lewistown.T3
HAYES_FE 345 KV HAYES_FE TR1 XFORMER,HAYES_FE_345 KV_TR1:L345.Beaver-DavisBesse,HAYES_FE 345KV - HAYES_FE 138KV (HAYES_FE 345 KV TR1) L345.Beaver-Hayes
63 SAWYE138 KV  1322 2,63 SAWYE_138 KV_1322 2:ACTUAL,63 SAWYE138 KV  1322 6 L345.13Crawford-116Goodings Grove.1312 SF SPOG2-28
COLU_PL_230KVCOL-MON_1_LN,COLU PL_230 KV_COL-MON:ACTUAL,MONTOUR 230KV - COLU PL 230KV (COLU PL 230 KV COL-MON) L230.Milton-Montour
GENMOTOR115 KV  GEN-NOR2,FRANKTAP_115 KV_FRN-GEN1:ACTUAL,GENMOTOR115 KV  GEN-NOR2 BASE
MILLBROO138 KV  MIL-SIN1,MILLBROO_138 KV_MIL-SIN1:ACTUAL,MILLBROO 138KV - SINKINGS 138KV (MILLBROO 138 KV MIL-SIN1) L765.Marysville-Sorenson
GERMANTO 115 KV GERMANTO-STRABAN 998,GERMANTO_115 KV_GER-STR:L500.Conastone-PeachBottom.5012,STRABAN 115KV - GERMANTO 115KV (GERMANTO 115 KV GER-STR) L500.Conastone-PeachBottom.5012
BEAUMEAD230 KV  BEA-DTC,BEAUMEAD_230 KV_BEA-DTC:L230.Brambleton-PolandRoad.2183,BEAUMEAD 230KV - DTC 230KV (BEAUMEAD 230 KV BEA-DTC) L230.Brambleton-PolandRoad.2183
MIAMIFOR 345 KV MIAMIFOR 9 XFORMER,MIAMIFOR_345 KV_9:L345.Terminal-PortUnion.4513,MIAMIFOR 345KV - MIAMIFOR 138KV (MIAMIFOR 345 KV 9) L345.Terminal-PortUnion.4513
20_BRAID_345KV2001_1_LN,20 BRAID_345 KV_2001:ACTUAL,20 BRAID 345KV - 66 E FRN 345KV (20 BRAID 345 KV 2001) L345.DvsCrk-Blm.17907+345/138.Blm.TR84 S SPOG2-24
TIDD_AEP 345 KV TIDD_AEP B-P XFORMER,TILTONS2_138 KV_TIL-WIN:L345.Tidd-WylieRidge,TIDD_AEP 138KV - MAHANSLA 138KV (MAHANSLA 138 KV MAH-TID) L345.Tidd-WylieRidge.242
CONASTON 230 KV CON-GRAC,CONASTON_230 KV_CON-GRAC:L230.Graceton-SafeHarbor-Manor.2303 + SfHrbr.U8-12_(CES NOMOGRAM),CONASTON 230KV - GRACETON 230KV (CONASTON 230 KV CON-GRAC) L230.Graceton-SafeHarbor-Manor.2303 + SfHrbr.U8-12
BELMON  138 KV  BEL-CHA,BELMON_138 KV_BEL-CHA:L138.Charleroi-Yukon,BELMON 138KV - CHARLERO 138KV (BELMON 138 KV BEL-CHA) L138.Charleroi-Yukon
DELAWARE138 KV DEL-HYA1,DELAWARE_138 KV_DEL-HYA1:345/138.Vassell.T3,HYATTCS 138KV - DELAWARE 138KV (DELAWARE 138 KV DEL-HYA1) 345/138.Vassell.T3
OHIOCENT-SCOSHOCT OHI-SCO1  A  138 KV,OHIOCENT_138 KV_OHI-SCO1:L138.MuskingumRiver-ENewConcord-WestCambridge,OHIOCENT 138KV - SCOSHOCT 138KV (OHIOCENT 138 KV OHI-SCO1) L138.MuskingumRiver-ENewConcord-WestCambridge
BETHEL-RIVERTON RLU B 138 KV,BETHEL_138 KV_BET-RIVU:L500.MtStorm-Valley.550,BETHEL-RIVERTON RLU         B  138 KV L500.Mt Storm-Valley.550
BELLEHAV_69KVBEL-TAS_1_LN,BELLEHAV_69 KV_BEL-TAS:ACTUAL,BELLEHAV69 KV   BEL-TAS BASE
DUMONT-STILLWELL 345 KV L/O DUMONT-WILTON 765 KV,7 STATE_345 KV_TR82CT:L765.Dumont-WiltonCenter.11215,Maroa -E GooseCreek 345 kV l/o Wilton Center-Dumont 765 kV L765.Dumont-WiltonCenter.11215
FRACKVIL 230 KV FRACKVIL-SIEGFRIE,FRACKVIL_230 KV_FRA-SIE:L500.Hopatcong-Lackawanna.5063,FRACKVIL 230KV - SIEGFRIE 230KV (FRACKVIL 230 KV FRA-SIE) L500.Hopatcong-Lackawanna.5063
SUGARCREEK-DRESSER 345KV L/O CAYUGA-BK10 345-230KV,DRESSER_345 KV_DRE-MIR:Cayuga 345/230 xfmr 10,SugarCreek-Dresser 345kV l/o Cayuga-BK10 345-230kV Cayuga 345/230 xfmr 10
EDGEWATE 138 KV EDGEWATE-VASCOTAP SH-LH,EDGEWATE_138 KV_EDG-LOY:ACTUAL,VASCOTAP 138KV - EDGEWATE 138KV (EDGEWATE 138 KV EDG-VAS) 500/138.Yukon.T2
ERIES_T2_345NO8TX_XF,ERIES_345 KV_NO8 TX:L345.ErieWest-Wayne.3004,ERIES 345KV - ERIES 230KV (ERIES 345 KV NO8 TX) L345.ErieWest-Wayne.3004
TRENTON2 138 KV TRENTON2-HUTCHING TIE,TRENTON2_138 KV_TRE-HUT1:L345.Red Bank-Terminal,TRENTON2 138KV - HUTCHING 138KV (TRENTON2 138 KV TRE-HUT1) L345.Red Bank-Terminal
1 LASALL345 KV  0101,1 LASALL_345 KV_0101:L345.Braidwood-EastFrankfort.2001,1 LASALL 345KV - 167 PLAN 345KV (1 LASALL 345 KV 0101) L345.Braidwood-EastFrankfort.2001
BEXLEY  138 KV  BEX-STC1,BEXLEY_138 KV_BEX-STC1:345/138.Beatty.3,BEXLEY 138KV - STCLAIR2 138KV (BEXLEY 138 KV BEX-STC1) 345/138.Beatty.3
PLYWOOD 115 KV  151A,PLYWOOD_115 KV_151A:L500.Elmont-Cunningham.553,SEDGEHIL 115KV - PLYWOOD 115KV (PLYWOOD 115 KV 151A) L500.Elmont-Cunningham.553
ASPENSLR_115KVASP-SHAD_1_LN,ASPENSLR_115 KV_ASP-SHAD:L115.Hunterstown-TexasEastern-Gardners.991,SHADEGAP 115KV - ASPENSLR 115KV (ASPENSLR 115 KV ASP-SHAD) L115.Hunterstown-TexasEastern-Gardners.991
TRISTATE138 KV  TRI-CHA2,TRISTATE_138 KV_TRI-CHA2:ACTUAL,TRISTATE 138KV - CHADWICK 138KV (TRISTATE 138 KV TRI-CHA2) L138.Chadwick-Tristate.1
JACK ME 230 KV JACK ME-TMI 1051,JACK ME_230 KV_JAC-TMI:L230.Yorkana-BrunnerIsland.1055,TMI 230KV - JACK ME 230KV (JACK ME 230 KV JAC-TMI) L230.Yorkana-BrunnerIsland.1055
143 WOLF 138 KV 143 WOLF BT1-2 CB 138KV,111 ELEC_345 KV_11124:L345.Wayne-Tollway.14402 + TR81 (SPOG 3-17) G,143 WOLF 345KV - 143 WOLF 1KV (143 WOLF 345 KV TR81CT-P) L345.Wayne-Tollway.14402 + TR81 (SPOG 3-17) G
GARRETAP-GARRETT B 115 KV,GARRETAP_115 KV_GAR-GAR:L500.SouthBend-Yukon,GARRETAP 115KV - GARRETT 115KV (GARRETAP 115 KV GAR-GAR) L500.SouthBend-Yukon
RESTON 230 KV RESTON -DULLES 2015A,RESTON_230 KV_2015A:L230.Brambleton-PolandRoad.2183,DULLES 230KV - RESTON 230KV (RESTON 230 KV 2015A) L230.Brambleton-PolandRoad.2183
BROADFO2138 KV  BRO-SAL1,BROADFO2_138 KV_BRO-SAL1:L765.Culloden-Wyoming,BROADFO2 138KV - SALTVILL 138KV (BROADFO2 138 KV BRO-SAL1) L765.Culloden-Wyoming
SAXTON-THREESPR 2K 1062 A 115 KV,SAXTON_115 KV_SAX-THR:Hunterstown-TexasEastern-Gardners (991) 115 kV lin,SAXTON 115KV - THREESPR 115KV (SAXTON 115 KV SAX-THR) Hunterstown-TexasEastern-Gardners (991) 115 kV lin
GLADE 230 KV GLADE-WARREN GES 2088,HOMERCIT_345 KV_S.AUTO-P:L230.Glade-Warren.2088,GLADE 230KV - WARREN 230KV (GLADE 230 KV GLA-WAR) L345.HandsomeLake-Armstrong
BASIN_230KV259A_1_LN,BASIN_230 KV_259A:L500.Carson-Midlothian.563,CHESTER4 230KV - BASIN 230KV (BASIN 230 KV 259A) L500.Carson-Midlothian.563
MIDDLJCT 115 KV MIDDLJCT-YORKHAVE 977-1,MIDDLJCT_115 KV_MID-YOR7:L115.Yorkana-Redfront-Yoe.988 (Sctnlz),MIDDLJCT 115KV - YORKHAVE 115KV (MIDDLJCT 115 KV MID-YOR7) L115.Yorkana-Redfront-Yoe.988 (Sctnlz)
MIDDLJCT 115 KV MIDDLJCT-YORKHAVE 978-1,MIDDLJCT_115 KV_MID-YOR8:L115.Jackson-JEBaker-Taxville.966 (Sctnlz),MIDDLJCT 115KV - YORKHAVE 115KV (MIDDLJCT 115 KV MID-YOR8) L115.Jackson-JEBaker-Taxville.966 (Sctnlz)
ROBERTOE_138KVROB-02D1_1_LN,ROBERTOE_138 KV_ROB-02D1:ACTUAL,ROBERTOE138 KV  ROB-02D1 BASE
DOOMS4 500 KV DOOMS4 TX9 XFORMER,DOOMS4_500 KV_TX9:L500.Dooms-Valley.549,DOOMS4 500KV - DOOMS4 230KV (DOOMS4 500 KV TX9) L500.Dooms-Valley.549
CEDARCRE230 KV  CED-SIL,CEDARCRE_230 KV_CED-SIL:ACTUAL,SILVERUN 230KV - CEDARCRE 230KV (CEDARCRE 230 KV CED-SIL) L230.Cartanza-Milford.23033
NEWTON 345/138 TR L/O NEWTON - CASEY 345 KV,NEWTON 3_345 KV_TR2:Newton-Casey 345 kV,Mt Vernon 345/138 TR l/o Casey - Newton 345 kV L345.Newton-Casey (Ameren)
19906_138KV199-KEN6_1_LN,19906_138 KV_199-KEN6:ACTUAL,199 KENS 138KV - 19906 138KV (19906 138 KV 199-KEN6) BASE
SHAWVILL115 KV  BNK 1A-S,SHAWVILL_115 KV_BNK 1A-S:L230.Elko-Shawville,SHAWVILL 1KV - SHAWVILL 115KV (SHAWVILL 115 KV BNK 1A-S) L230.Elko-Shawville
KEENEY 500 KV KEENEY-ROCKSPRI 5025,KEENEY_500 KV_KEE-ROC:L500.Limerick-PeachBottom.5010,ROCKSPRI 500KV - KEENEY 500KV (KEENEY 500 KV KEE-ROC) L500.Limerick-PeachBottom.5010
OX4      H1T539       CB       500 KV,OX4_230 KV_2097B:L500.Loudoun-Morrisville.569,OX4      H1T539       CB       500 KV L500.Loudoun-Morrisville.569
BERLNLK 138 KV  BER-NILE,BERLNLK_138 KV_BER-NILE:L345.Wellsville-Sammis,NILES 138KV - BERLNLK 138KV (BERLNLK 138 KV BER-NILE) L345.Wellsville-Sammis
SHAWVILL 230 KV SHAWVILL BNK 1A-P XFORMER,SHAWVILL_230 KV_BNK 1A-P:ACTUAL,SHAWVILL BNK 1A-P XFORMER   L  1 KV 230/138.Elko.T1
PIERCE  345 KV  PIE-DEA1,PIERCE_345 KV_PIE-DEA1:L345.TannersCreek-MiamiFort,DEARBORN 345KV - PIERCE 345KV (PIERCE 345 KV PIE-DEA1) L345.TannersCreek-MiamiFort
ETOWANDA 230 KV ETOWANDA-HILLSIDE 2002 TIE,MAINESBG_345 KV_T1:ETowanda-Scotch Hollow-Grover-Marshall 230 kV,ETOWANDA 230KV - HILLSIDE 230KV (ETOWANDA 230 KV ETO-HIL) ETowanda-Scotch Hollow-Grover-Marshall 230 kV
IRONBRI4230 KV  208A,IRONBRI4_230 KV_208A:L500.Carson-Midlothian.563,CHESTER4 230KV - IRONBRI4 230KV (IRONBRI4 230 KV 208A) L500.Carson-Midlothian.563
FOSTER2 345 KV FOSTER2-PIERCE,TRENTON2_138 KV_TRE-COL1:L345.Pierce-Foster,08EVNDL2 138KV - KEMPER 138KV (08EVNDL2 138 KV 08E-08K1) L345.Pierce-Foster
MALISZEW765 KV  1,MALISZEW_765 KV_1:L345.EastLima-MaddoxCreek,MALISZEW 765KV - MALISZEW 138KV (MALISZEW 765 KV 1) L345.EastLima-MaddoxCreek
POWERTON - TOWERLINE 138 KV L/O NELSON - ELECTRIC JUNCITON 345 KV,107 DIXO_138 KV_15508 Z3:L345.Nelson-ElectricJunction.15502,6101-Hennepin 138 l/o Nelson-Electric Jct 345 L345.Nelson-ElectricJunction.15502
WESTGLOW138 KV  WES-WUR,WESTGLOW_138 KV_WES-WUR:765/500.Cloverdale.T14,WESTGLOW 138KV - WURNO 138KV (WESTGLOW 138 KV WES-WUR) 765/500.Cloverdale.T14
ALLDAM6 138 KV ALLDAM6-KITTANNI SP-KT,ALLDAM6_138 KV_ALL-KIT:L230.HomerCity-Shelocta,ALLDAM6-KITTANNI SP-KT      A  138 KV MAXCR: 500/230.Keystone.T3+U1+U2+5001+02+03+04
FOSTER2 345 KV FOSTER2-PIERCE,TANNERSC_345 KV_TAN-MIA1:DBL.345kv.Eastbend-Terminal & 345kv.Dearbrn-Pierce,PIERC_DK 345KV - FOSTER2 345KV (FOSTER2 345 KV FOS-PIE1) L345.EastBend-Terminal
ELIMA   138 KV  ELI-HAV1,ELIMA_138 KV_ELI-HAV1:765/345.Marysville.T2,HAVILAND 138KV - ELIMA 138KV (ELIMA 138 KV ELI-HAV1) 765/345.Marysville.T2
LAKENELS 230 KV LAKENELS-MIDDLESE I1023-3,LAKENELS_230 KV_LAK-MID:L230.Sayreville-Kilmer-LakeNelson.W-1037,MIDDLESE 230KV - LAKENELS 230KV (LAKENELS 230 KV LAK-MID) L230.Sayreville-Kilmer-LakeNelson.W-1037
TRENTON2 138 KV TRENTON2-HUSTON 3281,TRENTON2_138 KV_TRE-COL1:ACTUAL,TRENTON2-HUSTON  3281       A  138 KV Desoto T1 345/138kV (Sectionalized)
SWLIMA  138 KV  SWL-WMO1,SWLIMA_138 KV_SWL-WMO1:L345.SouthBerwick-FostoriaCentral,SWLIMA 138KV - WMOULTON 138KV (SWLIMA 138 KV SWL-WMO1) L345.SouthBerwick-FostoriaCentral
BASIN_230KV2065A_1_LN,BASIN_230 KV_2065A:L500.Carson-Midlothian.563,SPRUANCE 230KV - BASIN 230KV (BASIN 230 KV 2065A) L500.Carson-Midlothian.563
MILLWDPL230 KV  MIL-SAK,MILLWDPL_230 KV_MIL-SAK:L500.PeachBottom.BusTie.1,SAKRON 230KV - MILLWDPL 230KV (MILLWDPL 230 KV MIL-SAK) L500.PeachBottom.BusTie.1
BYRON-CHERRY VALLEY 0622 345 L/O BYRON-CHERRY VALLEY 0621 345,6 BYRON_345 KV_0621:L345.Byron-CherryValley.0622,6 BYRON 345 KV  0622 L345.Byron-Cherry Valley.0621 (SPOG 1-3-F)
NAMPTON 138 KV  NHA-SIE1,NAMPTON_138 KV_NHA-SIE1:ACTUAL,SIEGFRIE 138KV - NAMPTON 138KV (NAMPTON 138 KV NHA-SIE1) BASE
ALTAVSTA69 KV   35A1,ALTAVSTA_115 KV_30A:ACTUAL,ALTAVSTA69 KV   35A1 BASE
LANESVIL-INTERSTATE 138 L/O BROKAW-MTPULASKI 345,BROKAW_138 KV_1592 6:Clinton-Oreana-GooseCrk 345 kV,LANESVL 138KV - INTERSTA 138KV (INTERSTA 138 KV INT-LAN) Brokaw-Mt.Pulaski 345
WHITAKER_115KV1001B_1_LN,WHITAKER_115 KV_1001B:L500.Midlothian-NorthAnna.576,WHITAKER 115KV - CONSLDSL 115KV (WHITAKER 115 KV 1001B) L500.Midlothian-NorthAnna.576
LENOX 115 KV LENOX-NMESHOPP NML 1090,LENOX_115 KV_LEN-NME:L230.Lackawanna-Oxbow-N.Meshoppen,NMESHOPP 115KV - LENOX 115KV (LENOX 115 KV LEN-NME) L230.Lackawanna-Oxbow-N.Meshoppen
185 TOLL138 KV  7902-2,185 TOLL_138 KV_7902-2:L138.Wayne-WestChicago.14405 (SPOG 3-30),185 TOLL 138KV - 7902 138KV (185 TOLL 138 KV 7902-2) L138.Wayne-WestChicago.14405 (SPOG 3-30)
CHALKPT 500 KV CHALKPT 500-6T XFORMER,CHALKPT_500 KV_500-6T:L500.BurchesHill-Cheltanham.5071,CHALKPT 500KV - CHALKPT 230KV (CHALKPT 500 KV 500-6T) L500.BurchesHill-Cheltanham.5071
BENSONDP115 KV  BEN-COOL,BENSONDP_115 KV_BEN-COOL:L230.Chinquapin-Everetts.2160,COOLSPR 115KV - BENSONDP 115KV (BENSONDP 115 KV BEN-COOL) L230.Chinquapin-Everetts.2160
GARRETAP-PENNMAR 1059 B 115 KV,PENNMAR_115 KV_NO1 TX:ACTUAL,GARRETAP-PENNMAR 1059       A  115 KV L230.HomerCity-Shelocta-Keystone.2014
BRUNSWIC230 KV  BRU-MEA,BRUNSWIC_230 KV_BRU-MEA:L500.Hopatcong-Lackawanna.5063,BRUNSWIC 230KV - MEADOWRD 230KV (BRUNSWIC 230 KV BRU-MEA) L500.Hopatcong-Lackawanna.5063
ETOWANDA-HILLSIDE 2002 TIE  A   230 KV,NMESHOPP_230 KV_4 TX:L230.ETowanda-Hillside.2002 [NYISO],ETOWANDA 230KV - HILLSIDE 230KV (ETOWANDA 230 KV ETO-HIL) 230/115.NorthMeshoppen.4TX
CHALKPT 500 KV  CHA-CHE,CHALKPT_500 KV_CHA-CHE:L500.Brambleton-GooseCreek.558,CHALKPT 500KV - CHELTENH 500KV (CHALKPT 500 KV CHA-CHE) L500.Brambleton-GooseCreek.558
DOEX530 345 KV  DOE-PIE2,DOEX530_345 KV_DOE-PIE2:L765.Kammer-Belmont-Mountaineer+765/500.Belmont.T5,DOEX530 345KV - PIERCE 345KV (DOEX530 345 KV DOE-PIE2) L765.Kammer-Belmont-Mountaineer+765/500.Belmont.T5
GRANDPT 138 KV GRANDPT-GUILFORD,GRANDPT_138 KV_GRA-GUI:L138.Bedington-HarmonyJct-Marlowe-CherryRun,GRANDPT 138KV - GUILFORD 138KV (GRANDPT 138 KV GRA-GUI) L138.Bedington-HarmonyJct-Marlowe-CherryRun
SANDERSO138 KV  GSU1,SANDERSO_138 KV_GSU1:ACTUAL,SANDERSO 138KV - SANDERSO 13.8KV (SANDERSO 138 KV GSU1) L230.Dooms-Charlottesville.233
CENTER-WESTPORT 110552 A 115 KV,CENTER_115 KV_CEN-WES2:L500.Brighton-Conastone.5011,CENTER 115KV - WESTPORT 115KV (CENTER 115 KV CEN-WES2) L500.Brighton-Conastone.5011
CARLLS-SHERMAN 0739 A 69 KV,CARLLS_69 KV_CAR-SHE:L69.Monroe-Vineland.0711,CARLLS 69KV - SHERMAN 69KV (CARLLS 69 KV CAR-SHE) L69.Monroe-Vineland.0711
IRONWOOD230 KV  IRO-NLE,IRONWOOD_230 KV_IRO-NLE:L230.Ironwood-SouthLebanon.1054,IRONWOOD 230KV - NLEBNON 230KV (IRONWOOD 230 KV IRO-NLE) L230.Ironwood-SouthLebanon.1054
RICH PE-WANEETA 220-35 A 230 KV,RICH PE_230 KV_RIC-WAN:L500.HopeCreek-RedLion.5015,RICH PE 230KV - WANEETA 230KV (RICH PE 230 KV RIC-WAN) L500.HopeCreek-RedLion.5015
74 KEWAN L74B1Z1  SER DEV   A  138 KV,74 KEWAN_138 KV_7423:L345.Duck Creek-Tazewell,74 KEWAN L74B1Z1  SER DEV   A  138 KV L138.Mazon-CrescentRdg-Oglesby.7713 (Oglesby Tap)
SHERMAN 69 KV SHERMAN-VINELAND,VINELAND_69 KV_0712:L69.Sherman-Vineland.0761,BUTLER 69KV - VINELAND 69KV (BUTLER 69 KV BUT-VIN) L69.Sherman-Vineland.0761
LICK    138 KV  LIC-RHO,LICK_138 KV_LIC-RHO:ACTUAL,LICK 138KV - RHODS 138KV (LICK 138 KV LIC-RHO) BASE
MONTGOMERY - WARRENTON 161 KV L/O MONTGOMERY - BELLEAU 345 KV,WARENTN3_161 KV_31231319:ENONTP 345-ENON 345 1-BELLEAU 345-MONTGMRY 345 1,MONTGMR3 161KV - WARENTN3 161KV (WARENTN3 161 KV 31231319) ENONTP 345-ENON 345 1-BELLEAU 345-MONTGMRY 345 1
BEDINGTON - BLACK OAK REACTIVE TRANSFER INTERFACE,TRANSFER INTERFACE: APSOUTH:L500.MtStorm-Valley.550,TRANSFER INTERFACE: AEP-DOM L500.MtStorm-Valley.550
BELMONT 138 KV  BEL-REN,BELMONT_138 KV_BEL-REN:L765.Kammer-Belmont-Mountaineer+765/500.Belmont.T5,BELMONT 138KV - RENO 138KV (BELMONT 138 KV BEL-REN) L765.Kammer-Belmont-Mountaineer+765/500.Belmont.T5
SHELOCTA 230 KV SHELOCTA NO2 XFORMER,SHELOCTA_230 KV_NO2:L500.Conemaugh-Keystone.5003,SHELOCTA 230KV - SHELOCTA 115KV (SHELOCTA 230 KV NO2) L500.Conemaugh-Keystone.5003
NOTTINGH 230 KV NOTTINGHM 2-3 SER DEV,NOTTINGH_230 KV_2-3:L500.PeachBottom.BusTie.1,NOTTINGHM 2-3 SER DEV       A  230 KV L500.PeachBottom.BusTie.1
SAWMILL 138 KV  SAW-DUB1,SAWMILL_138 KV_SAW-DUB1:L138.HyattCS-Sawmill.1,SAWMILL 138KV - DUBLIN 138KV (SAWMILL 138 KV SAW-DUB1) L345.Hayden-HyattCS
OST     138 KV  002-5R,OST_138 KV_002-5R:ACTUAL,OST     138 KV  002-5R BASE
GAINESVL230 KV  GAI-ROLN,GAINESVL_230 KV_GAI-ROLN:L500.Loudoun-Morrisville.569,ROLNSFRD 230KV - GAINESVL 230KV (GAINESVL 230 KV GAI-ROLN) L500.Loudoun-Morrisville.569
LOCKS   230 KV  TX6_,LOCKS_230 KV_TX6_:L500.Carson-Midlothian.563,LOCKS 230KV - LOCKS 115KV (LOCKS 230 KV TX6_) L500.Carson-Midlothian.563
BALDWIN TR 345/138 KV L/O PRAIRIE ST-MT VERNON 345 KV,HILG_138 KV_HIL-TURK:Prairie State-W Mt. Vernon 345,BALDWIN3 345KV - BALDWIN3 138KV (BALDWIN3 345 KV T 132275) Prairie State-W Mt. Vernon 345
CROZET_230KV233B_1_LN,CROZET_230 KV_233B:L500.Elmont-Cunningham.553,CROZET 230KV - BARRCKRD 230KV (CROZET 230 KV 233B) L500.Elmont-Cunningham.553
42_ROUND_138KV16072_1_LN,42 ROUND_138 KV_1607 2:345/138.16Waukegan.TR83,42 ROUND 138KV - 1607 138KV (42 ROUND 138 KV 1607 2) 345/138.16Waukegan.TR83
CHAPRLTP 230 KV CHAPRLTP-CARSON4 249B,CHAPRLTP_230 KV_249B:L500.Carson-Suffolk.544,CARSON4 230KV - CHAPRLTP 230KV (CHAPRLTP 230 KV 249B) L500.Carson-Suffolk.544
OAKGROVE 230 KV OAKGROVE-TALBERT 23067,OAKGROVE_230 KV_OAK-RIT9:ACTUAL,TALBERT 230KV - OAKGROVE 230KV (OAKGROVE 230 KV OAK-TAL8) 500/230.ChalkPoint.T6
FRENCHSM 138 KV FRENCHSM-JUNCTION JST1,FRENCHSM_138 KV_FRE-JUN:ACTUAL,JUNCTION 138KV - FRENCHSM 138KV (FRENCHSM 138 KV FRE-JUN) L500.Bedington-BlackOak
NEW CARISLE  - BOSSERMAN2 138 KV L/O NEW CARISLE - BOSSERMAN1 138 KV,NEWCARLI_138 KV_NEW-NWN1:L138.NewCarlisle-Bosserni-Bosserman.Line2,NEWCARLI-NEWCARNI NEW-NWN1  B  138 KV L138.NewCarlisle-Bosserni-Bosserman.Line2
13 CRAWF 345 KV 45L1309M,13 CRAWF_345 KV_1309:L345.Crawford-Fisk.1310,13 CRAWF 345KV - 148 W LO 345KV (13 CRAWF 345 KV 1309) L345.Crawford-Fisk.1310
116 GOOD138 KV  1808 2,116 GOOD_138 KV_1808 2:ACTUAL,116 GOOD 138KV - 1808 138KV (116 GOOD 138 KV 1808 2) BASE
JUNIATA_T4_5002_XF,CONASTON_230 KV_CNS-OTT:(NUKE) L500.Juniata-TMI.5008,TRANSFER INTERFACE: PA-CENT L500.Juniata-TMI.5008
PLEASNTV-ASHBURN 274D A 230 KV,PLEASNTV_230 KV_274D:L230.EvergreenMills-YarleyRidge.2209,PLEASNTV 230KV - ASHBURN 230KV (PLEASNTV 230 KV 274D) L230.EvergreenMills-YarleyRidge.2209
BEAVERCHANNEL_SUB49_161_FLO_QUADCITIES_SUB91_345_SUB91_XF,4 QUAD C_345 KV_0405:L345.QuadCities-Sub91.0401,Rock Creek 345/161 TX l/o Quad Cities-Sub 91 345 kV L345.QuadCities-Sub91.0401
GALION 138 KV GAL-MAR1,GALION_138 KV_GAL-MAR1:ACTUAL,GALION 138KV - MARIONET 138KV (GALION 138 KV GAL-MAR1) BASE
BROADFO2138 KV  BRO-SMY1,BROADFO2_138 KV_BRO-SMY1:L765.Culloden-Wyoming,BROADFO2 138KV - SMYTH 138KV (BROADFO2 138 KV BRO-SMY1) L765.Culloden-Wyoming
HOMERCIT 230 KV HOMERCIT-SHELOCTA KHC 2014,HOMERCIT_230 KV_HOM-SHE:L500.Cabot-Keystone.5002,SHELOCTA 230KV - HOMERCIT 230KV (HOMERCIT 230 KV HOM-SHE) L500.Cabot-Keystone.5002
LAFAYETTE 230/138 TR1 L/O LAFAYETTE 230/138 TR4,SHAWVILL_230 KV_BNK 2A-P:TEMP: Shaw U1 + Lewis Run TR4 + Forrest TR1 CB,08LAFYTE 138KV - 08LAFYTE 1KV (08LAFYTE 138 KV 1S) Lafayette 138/230kV TR4
KRENDALE 138 KV KRENDALE-SENECAOE TIE,KRENDALE_138 KV_KRE-SHA:L500.Cabot-Cranberry,KRENDALE-SENECAOE TIE       B  138 KV L500.Cabot-Cranberry
LEMOYNE2138 KV LEM-WFR,LEMOYNE2_138 KV_LEM-WFR:L345.DavisBesse-Hayes,LEMOYNE2 138KV - WFREMONT 138KV (LEMOYNE2 138 KV LEM-WFR) L345.DavisBesse-Hayes
COLONIAL115 KV COL-ROC1,COLONIAL_115 KV_COL-ROC1:ACTUAL,COLONIAL115 KV  COL-ROC1 WAUGH CHAPEL-BRANDON SHORE 2342
GROTON  138 KV  GRO-WFR1,GROTON_138 KV_GRO-WFR1:L345.DavisBesse-Hayes,WFREMONT 138KV - GROTON 138KV (GROTON 138 KV GRO-WFR1) L345.DavisBesse-Hayes
HINTON  138 KV  HIN-RON1,HINTON_138 KV_HIN-RON1:L500.Cloverdale-Lexington.566,HINTON 138KV - RONCEVER 138KV (HINTON 138 KV HIN-RON1) L500.Cloverdale-Lexington.566
SAXTON_115KVSAX-THR_1_LN,SAXTON_115 KV_SAX-THR:Hunterstown-TexasEastern-Gardners (991) 115 kV lin,SAXTON 115KV - THREESPR 115KV (SAXTON 115 KV SAX-THR) L115.Hunterstown-TexasEastern-Gardners.991
IDYLWOO4 230 KV IDYLWOO4-CLARK4 202A,IDYLWOO4_230 KV_202A:L230.EvergreenMills-Brableton.2172,IDYLWOO4 230KV - CLARK4 230KV (IDYLWOO4 230 KV 202A) L230.EvergreenMills-Brableton.2172
NW_TAP_PURDUE13820_FLO_WESTWOOD_TIPPLABS13808,LAFAYSOU_138 KV_LAF-SHA:Westwood-08NW_Tap-WLafyett 138+Purdue-Lafaycin 138,NW_Tap_Purdue13820_flo_Westwood_TippLabs13808 L138.Westwood-Tippecanoe
MIAMIFOR138 KV MIA-HEB,MIAMIFOR_138 KV_MIA-HEB:L345.Terminal-PortUnion.4513,MIAMIFOR 138KV - HEBRON1 138KV (MIAMIFOR 138 KV MIA-HEB) L345.Terminal-PortUnion.4513
ALLDAM6 138 KV ALLDAM6-KITTANNI SP-KT,ALLDAM6_138 KV_ALL-KIT:L138.Springdale-MurryCrest (Sctnlz),ALLDAM6 138KV - KITTANNI 138KV (ALLDAM6 138 KV ALL-KIT) L138.Springdale-MurryCrest (Sctnlz)
KANAWHAR 138 KV KANAWHAR-KINCAIDA,KANAWHAR_138 KV_KAN-KIN1:ACTUAL,KANAWHAR-KINCAIDA           A  138 KV L138.Kanawha River-Bradley2
MARIDEL 69 KV MARIDEL-OCEANBAY 6723-1,LORETTO_138 KV_AT1:L69.OceanBay-Maridel-OceanCity.6723,LORETTO 138 KV  AT1 L69.OceanBay-Maridel-OceanCity.6723
CONASTON 500 KV CONASTON 500-4 XFORMER,NOTTINGHM 2-3 SER DEV A 230 KV:TEMP.DBL.500/230.CONASTONE.500-4 + Peach Bot - Conaston,CONASTON 500KV - CONASTON 230KV (CONASTON 500 KV 500-4) TEMP:DBL.Conastone.500-2+Brighton.Conastone.5011
CLINCHRI138 KV  CLI-FRE1,CLINCHRI_138 KV_CLI-FRE1:ACTUAL,CLINCHRI 138KV - FREMONT 138KV (CLINCHRI 138 KV CLI-FRE1) BASE
ECLIPSE 115 KV ECL-PIN,ECLIPSE_115 KV_ECL-PIN:Perry.U1,PINEY 115KV - ECLIPSE 115KV (ECLIPSE 115 KV ECL-PIN) Perry.U1
HDNW_NEGS_345_FLO_GOOSECRK_RISING_345,HDNW_345 KV_HDN-NEO:Goose Creek-Rising 345 kV,HDNW 345KV - NEOGA  3 345KV (HDNW 345 KV HDN-NEO) Goose Creek-Rising 345 kV
BLOOMING230 KV  BLO-BUS,BLOOMING_230 KV_BLO-BUS:L500.Hopatcong-Lackawanna.5063,BLOOMING 230KV - BUSHKILL 230KV (BLOOMING 230 KV BLO-BUS) L500.Hopatcong-Lackawanna.5063
ERDMAN 115 KV ERDMAN-MONUMEST 110558,ERDMAN_115 KV_ERD-MON7:L500.Brighton-Conastone.5011,ERDMAN 115KV - MONUMEST 115KV (ERDMAN 115 KV ERD-MON7) L500.Brighton-Conastone.5011
MADDOXCR345 KV  MAD-RPM,MADDOXCR_345 KV_MAD-RPM:L765.Maliszewski-Marysville,RPMONE 345KV - MADDOXCR 345KV (MADDOXCR 345 KV MAD-RPM) L765.Maliszewski-Marysville
HUNTERST 230 KV HUNTERST 4 BANK XFORMER,HUNTERST_230 KV_4 BANK:L500.Hunterstown-Conastone.5013+Cap,HUNTERST 4 BANK   XFORMER   H  230 KV L500.Hunterstown-Conastone.5013+Cap
BRANDONS 230 KV BRANDONS-WAUGHCHA 2342,BRANDONS_230 KV_1GEN XF:ACTUAL,BRANDONS-WAUGHCHA 2342      A  230 KV L230.Brandon Shores-Waugh Chapel.2343
CONASTON_230KVCON-GRAC_1_LN,CONASTON_230 KV_CON-GRAC:L230.Conastone-Graceton.2323,CONASTON 230KV - GRACETON 230KV (CONASTON 230 KV CON-GRAC) L230.Conastone-Graceton.2323
POWERTON - TOWERLINE 138 KV L/O HENNEPIN - KEWANEE - STREATOR 138 KV,74 KEWAN_138 KV_7423:L138.Hennepin-LTVSteel-Woodhall,Princeton Tap LTV Steel 138 kV l/o Hennepin - Kewanee - Streator 138 kV L138.Kewanee-Hennepin.6101
BOUTWELL138 KV  BOU-ELIM,BOUTWELL_138 KV_BOU-ELIM:L138.EastLima-NWoodcock,ELIMA 138KV - BOUTWELL 138KV (BOUTWELL 138 KV BOU-ELIM) L138.EastLima-NWoodcock
20 BRAID 345 KV 20 BRAID-66 E FRN 2003,20 BRAID_345 KV_2003:L345.Braidwood-Davis.2004,20 BRAID 345KV - 66 E FRN 345KV (20 BRAID 345 KV 2003) L345.Braidwood-Davis.2004
IDYLWOO4 230 KV IDYLWOO4-CLARK4 202A,IDYLWOO4_230 KV_202A:L230.Loudoun-CubRun-Walney-LincolnPrk.2008,IDYLWOO4 230KV - CLARK4 230KV (IDYLWOO4 230 KV 202A) L230.Loudoun-CubRun-Walney-LincolnPrk.2008
LORETTO 138 KV LORETTO-VIENNA 13780,EDGEWDPL_69 KV_EDG-NSA:L138.Loretto-Vienna.13780,NELSON 69KV - EDGEWDPL 69KV (EDGEWDPL 69 KV EDG-NEL) L138.Loretto-Vienna.13780
BELLSMIL 230 KV BELLSMIL 121-5T XFORMER,BELLSMIL_230 KV_121-5T:ACTUAL,BELLSMIL 230KV - BELLSMIL 138KV (BELLSMIL 230 KV 121-5T) L500.BurchesHill-PossumPoint.560
CONCORD 138 KV  CON-COU,CONCORD_138 KV_CON-COU:L765.Maliszewski-Marysville,CONCORD 138KV - COUNTRYS 138KV (CONCORD 138 KV CON-COU) L765.Maliszewski-Marysville
CRES DUQ 138 KV CRESCENT-MONT DUQ Z-24,CRES DUQ_138 KV_CRE-SEW:Clinton (DUQ) 345/138 KV TRANSFORMER,CRES DUQ 138KV - MONT DUQ 138KV (CRES DUQ 138 KV CRE-MON) Clinton (DUQ) 345/138 KV TRANSFORMER
UTICAJCT 115 KV UTICAJCT-WAYNE WAE 1010,UTICAJCT_115 KV_UTI-WAY:L345.ErieWest-Wayne.3004,WAYNE 115KV - UTICAJCT 115KV (UTICAJCT 115 KV UTI-WAY) L345.ErieWest-Wayne.3004
CARL_PN_115KVCAR-GAR_1_LN,CARL PN_115 KV_CAR-GAR:L500.Bedington-Doubs,CARL PN 115KV - GARDNERS 115KV (CARL PN 115 KV CAR-GAR) L500.Bedington-Doubs
ETOWANDA-NMESHOPP ETL 1057 B 115 KV,ETOWANDA_115 KV_ETO-NME:L500.Hopatcong-Lackawanna.5063,ETOWANDA 115KV - NMESHOPP 115KV (ETOWANDA 115 KV ETO-NME) L500.Hopatcong-Lackawanna.5063
SALTSPRG 138 KV SALTSPRG-MASURY,SALTSPRG_138 KV_SAL-MAS1:DBL:L345.TORONTO-WYLIERIDGE+345/138.HOYTDALE.T2.,SALTSPRG 138KV - MASURY 138KV (SALTSPRG 138 KV SAL-MAS1) L345.Toronto-WylieRidge
BAGLEY  230 KV  BAG-GRAC,BAGLEY_230 KV_BAG-GRAC:L230.Conastone-Northwest.2310,GRACETON 230KV - BAGLEY 230KV (BAGLEY 230 KV BAG-GRAC) L230.Conastone-Northwest.2310
PLEASNT 138 KV PLEASNT -STMARYS STM-PLE,PLEASNT_138 KV_STM-PLE:L500.Belmont-FlintRun.528,PLEASNT 138KV - STMARYS 138KV (PLEASNT 138 KV STM-PLE) L500.FlintRun-Harrison.598
DOEX530 345 KV  DOE-PIE1,DOEX530_345 KV_DOE-PIE1:L345.Gristmill-Shelby,DOEX530 345KV - PIERCE 345KV (DOEX530 345 KV DOE-PIE1) L345.Gristmill-Shelby
CASEY-WEST SULLIVAN 345 KV L/O BUNSONVILLE-EUGENE 345 KV,REYNOLD2_138 KV_REY-17G1:Eugene-Bunsonville 345,Casey-West Sullivan 345 kV l/o Bunsonville-Eugene 345 kV L345.Bunsonville-Eugene
11_FISK_T2_138TR75B12_XF,11 FISK_138 KV_TR75B 12:345/138.Sheffield.T2 (NIPS),11 FISK 138KV - 11 FISK 12KV (11 FISK 138 KV TR75B 12) 345/138.Sheffield.T2 (NIPS)
GOOSECRE500 KV  TX1,GOOSECRE_500 KV_TX1:L230.Belmont-Stonewater.2178,GOOSECRE 500KV - GOOSECRE 230KV (GOOSECRE 500 KV TX1) L230.Brambleton-Belmont.201
CEDARCRE 138 KV CEDARCRE-CLAYTON 13832,CLAYTON_138 KV_CLA-JON:L230.Cartanza-Milford.23033,CEDARCRE 138KV - CLAYTON 138KV (CEDARCRE 138 KV CED-CLA) L230.Cartanza-Milford.23033
VIENNA 230 KV VIENNA AT20 TRANSFORMER,VIENNA_230 KV_AT20:L230.Cartanza-Milford.23033,VIENNA 230KV - VIENNA 138KV (VIENNA 230 KV AT20) L230.Cartanza-Milford.23033
TRENTON2 138 KV TRENTON2-HUTCHING TIE,TRENTON2_138 KV_HUS-TRE:L345.EastBend-Terminal,TRENTON2 138KV - HUTCHING 138KV (TRENTON2 138 KV TRE-HUT1) L345.EastBend-Terminal
120 LOMB138 KV  TR82CT-S,120 LOMB_138 KV_TR82CT-S:ACTUAL,120 LOMB 1KV - 120 LOMB 138KV (120 LOMB 138 KV TR82CT-S) BASE
SHELOCTA 230 KV SHELOCTA NO2 XFORMER,SHELOCTA_230 KV_NO2:L500.Keystone-SouthBend.5001(513),SHELOCTA 230KV - SHELOCTA 115KV (SHELOCTA 230 KV NO2) L500.Keystone-SouthBend.5001(513)
LINCOLNP230 KV  LIN-REST,LINCOLNP_230 KV_LIN-REST:L230.Shellhorn-Enterprise.2186,LINCOLNP 230KV - RESTON 230KV (LINCOLNP 230 KV LIN-REST) L230.Shellhorn-Enterprise.2186
MORRISVL 500 KV MORRISVL TX2 XFORMER,MORRISVL_500 KV_TX2:L500.FrontRoyal-Morrisville.541,MORRISVL 230KV - MORRISVL 500KV (MORRISVL 500 KV TX2) L500.FrontRoyal-Morrisville.541
AMOS 765 KV AMOS 6 XFORMER,AMOS_765 KV_6:ACTUAL,AMOS     6        XFORMER   H  765 KV AMOS 345-138KV XF #8
HUNTINGD138 KV  HUN-SPR,HUNTINGD_138 KV_HUN-SPR:L138.Harwick-Springdale,SPRINGDA 138KV - HUNTINGD 138KV (HUNTINGD 138 KV HUN-SPR) L138.Harwick-Springdale
EDGEWATE 138 KV EDGEWATE-LOYALHAN SH-LH,EDGEWATE_138 KV_EDG-LOY:ACTUAL,EDGEWATE 138KV - LOYALHAN 138KV (EDGEWATE 138 KV EDG-LOY) L500.RhodesLane-Yukon.518
MINUEST_230KVMIN-SEW_1_LN,MINUEST_230 KV_MIN-SEW:ACTUAL,SEWAREN 230KV - MINUEST 230KV (MINUEST 230 KV MIN-SEW) BASE
CASHCNDP230 KV  2135A,CASHCNDP_230 KV_2135A:L500.Cloverdale-Lexington.566,GORDONSV 230KV - CASHCNDP 230KV (CASHCNDP 230 KV 2135A) L500.Cloverdale-Lexington.566
HAZARD  161 KV  HAZ-WOO,HAZARD_161 KV_HAZ-WOO:ACTUAL,WOOTEN 161KV - HAZARD 161KV (HAZARD 161 KV HAZ-WOO) L138.BigSandy-Inez
HIGHRIDG-SANDYSPR 2334 A 230 KV,HIGHRIDG_230 KV_HIG-SAN3:500/230.Conastone.500-2,SANDYSPG 230KV - HIGHRIDG 230KV (HIGHRIDG 230 KV HIG-SAN3) 500/230.Conastone.500-2
155 NELS345 KV  TR81CT-P,155 NELS_138 KV_TR81CT-S:L345.Nelson-ElectricJct.15502,155 NELS 345KV - 155 NELS 1KV (155 NELS 345 KV TR81CT-P) L345.Nelson-ElectricJct.15502
16901   138 KV  16901 Z1,16901_138 KV_16901 Z1:Tidd.Cardinal.U1,979 MEND 138KV - 16901 138KV (16901 138 KV 16901 Z1) Tidd.Cardinal.U1
CARL PN-GARDNERS 1049 B 115 KV,CARL PN_115 KV_CAR-GAR:L500.Conastone-PeachBottom.5012,GARDNERS 115KV - CARL PN 115KV (CARL PN 115 KV CAR-GAR) L500.Conastone-PeachBottom.5012
13502_135138135023_1_LN,64 BELLW_138 KV_13502 2:ACTUAL,13502_135138135023_1_LN BASE
HARRTN-SHARRING 6739 B 69 KV,HARRTN_69 KV_HAR-WEL:L69.Harrington-SouthHarrington.6739,HARRTN-SHARRING 6739        B  69 KV L230.CedarCreek-RedLion.23030
PA-CENT CONTINGENCY 2,TRANSFER INTERFACE: PA-CENT:L500.SUSQEHANNA-WESCOSVILLE.5043,PA-CENT contingency 2 L500.Susquehanna-Wescosville.5043
GARNERDP115 KV  65D,CHESTER4_115 KV_92A:L230.Fredericksburg-Birchwood.2083,GARNERDP115 KV  65D L230.Fredericksburg-Birchwood.2083
AQUAHAR_230KVAQU-GAR1_1_LN,AQUAHAR_230 KV_AQU-GAR1:L500.Bristers-Chancelr.552,AQUAHAR 230KV - GARRSNV 230KV (AQUAHAR 230 KV AQU-GAR1) L500.Bristers-Chancelr.552
CROMBY 69 KV CROMBY-MOSER 6681,CROMBY_69 KV_CRO-LIM:L69.Cromby - Moser.6681,LIMERTAP 69KV - MOSER 69KV (LIMERTAP 69 KV LIM-MOS) L69.Cromby-Moser.6681
WELCO   115 KV  32D1,WELCO_115 KV_32D1:ACTUAL,WELCOTAP 115KV - WELCO 115KV (WELCO 115 KV 32D1) BASE
FALLS   138 KV  FALL1TR,FALLS_138 KV_FALL1TR:L138.SteelTap-Falls + 138/35.Falls.T2,FALLS 138KV - FALLS 35KV (FALLS 138 KV FALL1TR) L138.SteelTap-Falls + 138/35.Falls.T2
OAKL DUQ138 KV  OAK-RIAZ,OAKL DUQ_138 KV_OAK-RIAZ:ACTUAL,OAKL DUQ 138KV - RIAZZI 138KV (OAKL DUQ 138 KV OAK-RIAZ) BASE
QUARRY 230 KV QUARRY-STEELCITY 230 KV 2,QUARRY_230 KV_QUA-STE:L230.SteelCity-Quarry.2,STEELCTY 230KV - QUARRY 230KV (QUARRY 230 KV QUA-STE2) L230.SteelCity-Quarry.1
CRANESCR_230KV2157A_1_LN,CRANESCR_230 KV_2157A:L500.Midlothian-NorthAnna.576,FRDRKSBG 230KV - CRANESCR 230KV (CRANESCR 230 KV 2157A) L500.Midlothian-NorthAnna.576
APSOUTH CONTINGENCY 44,AP SOUTH for l/o Dooms-Valley:L500.Dooms-Valley.549,APSOUTH contingency 44 L500.Dooms-Valley.549
BUSHKILL 230 KV BUSHKILL-KITTATIN K1019,BUSHKILL_230 KV_BUS-KIT:L500.Hopatcong-Lackawanna.5063,BUSHKILL 230KV - KITTATIN 230KV (BUSHKILL 230 KV BUS-KIT) L500.Hopatcong-Lackawanna.5063
DEERCREE138 KV  DEE-DOO,DEERCREE_138 KV_DEE-DOO:L765.Dumont-Sorenson,DOOVILLE 138KV - DEERCREE 138KV (DEERCREE 138 KV DEE-DOO) L765.Dumont-Sorenson
BRIGHTON230 KV  BRI-MTZ4,BRIGHTON_230 KV_BRI-MTZ4:ACTUAL,BRIGHTON 230KV - MTZION 230KV (BRIGHTON 230 KV BRI-MTZ4) L500.BurchesHill-PossumPoint.560
ALLENIM 138 KV  ALL-LOG,ALLENIM_138 KV_ALL-LOG:138/69.Jay.T1,ALLENIM 138KV - LOGTOWN 138KV (ALLENIM 138 KV ALL-LOG) 138/69.Jay.T1
CORRIDOR345 KV  COR-VAS2,CORRIDOR_345 KV_COR-VAS2:ACTUAL,VASSELL 345KV - CORRIDOR 345KV (CORRIDOR 345 KV COR-VAS2) BASE
AMOS    138 KV  7-S,AMOS_138 KV_7-S:L345.Amos-Sporn,AMOS 1KV - AMOS 138KV (AMOS 138 KV 7-S) L345.Amos-Sporn
HIGHRIDG230 KV  HIG-SAN1,HIGHRIDG_230 KV_HIG-SAN1:ACTUAL,SANDYSPG 230KV - HIGHRIDG 230KV (HIGHRIDG 230 KV HIG-SAN3) 500/230.WaughChapel.500-1
DOEX530 345 KV  DOE-PIE2,DOEX530_345 KV_DOE-PIE2:RAS.L765.Jefferson-Rockport + Rockport.U2,DOEX530 345KV - PIERCE 345KV (DOEX530 345 KV DOE-PIE2) RAS.L765.Jefferson-Rockport + Rockport.U2
EELKHART138 KV  EEL-MOT1,EELKHART_138 KV_EEL-ELC1:345/138.RobisonPark.T5,EELKHART138 KV  EEL-MOT1 L345.TannersCreek-Dearborn.1
CONEMAUG500 KV TX3,CONEMAUG_500 KV_TX3:ACTUAL,CONEMAUG500 KV  TX3 L500.Juniata-Keystone.5004
CONOWING230 KV  CON-NOT,CONOWING_230 KV_CON-NOT:ACTUAL,NOTTINGH 230KV - CONOWING 230KV (CONOWING 230 KV CON-NOT) L500.Keeney-RockSprings.5025
SAPONY  230 KV  TX2,SAPONY_230 KV_TX2:Tidd.Cardinal.U1,SAPONY 35KV - SAPONY 230KV (SAPONY 230 KV TX2) Tidd.Cardinal.U1
ALLLUD4J 138 KV ALLLUD4J-ALLDAM6 ALJ-ALL,ALLLUD4J_138 KV_ALJ-ALL:L500.Cabot-Keystone.5002,ALLDAM6 138KV - ALLLUD4J 138KV (ALLLUD4J 138 KV ALJ-ALL) L500.Cabot-Keystone.5002
66 E FRN 345 KV 66 E FRN TR83CT-P XFORMER,20 BRAID_345 KV_2001:L345.GoodingsGr-E.Frankfort.11602 & TR83 (S) 3-29,66 E FRN 345KV - 66 E FRN 1KV (66 E FRN 345 KV TR83CT-P) L345.GoodingsGr-E.Frankfort.11602  SPOG 3-29
GOMER   138 KV  GOM-NDEL,GOMER_138 KV_GOM-NDEL:L138.AllenIM-Logtown,GOMER 138KV - NDELPHOS 138KV (GOMER 138 KV GOM-NDEL) L138.AllenIM-Logtown
DOEX530 345 KV  DOE-PIE1,DOEX530_345 KV_DOE-PIE1:L345.EastLima-FostoriaCentral,DOEX530 345KV - PIERCE 345KV (DOEX530 345 KV DOE-PIE1) L345.EastLima-FostoriaCentral
DOEX530 345 KV  DOE-PIE1,DOEX530_345 KV_DOE-PIE1:L500.Broadford-Sullivan (TVA) Tie,DOEX530 345KV - PIERCE 345KV (DOEX530 345 KV DOE-PIE1) L500.Broadford-Sullivan (TVA) Tie
DUMONT2 345 KV  DUM-TWI1,DUMONT2_345 KV_DUM-TWI1:L765.Dumont-Sorenson,DUMONT2 345KV - TWINBRAN 345KV (DUMONT2 345 KV DUM-TWI1) L765.Dumont-Sorenson
MCCARTER230 KV  MCC-STA,MCCARTER_230 KV_MCC-STA:L230.CedarGrove-CedarSub-Roseland.Y-2277,STANLEYT 230KV - MCCARTER 230KV (MCCARTER 230 KV MCC-STA) L230.CedarGrove-CedarSub-Roseland.Y-2277
OAKGROVE 230 KV OAKGROVE-TALBERT 23067,OAKGROVE_230 KV_OAK-TAL7:500/230.ChalkPoint.T6,TALBERT 230KV - OAKGROVE 230KV (OAKGROVE 230 KV OAK-TAL8) 500/230.ChalkPoint.T6
REFORM  138 KV  NNE-REF,REFORM_138 KV_NNE-REF:L138.Heath-WestMillersport,REFORM 138KV - NNEWARK 138KV (REFORM 138 KV NNE-REF) L138.Heath-WestMillersport
GREENTOWN_KOKOMO_230_FLO_ROCKPORT_SULLIVAN_765,GREENTO2_230 KV_GRE-KOK1:L765.Rockport-Sullivan,GREENTO2 230KV - KOKOMO_E 230KV (GREENTO2 230 KV GRE-KOK1) L765.Rockport-Sullivan
POLANDRD230 KV  2183A,POLANDRD_230 KV_2183A:500/230.PleasantView.T3,BRAMBLET 230KV - POLANDRD 230KV (POLANDRD 230 KV 2183A) 500/230.PleasantView.T3
ELIMA   138 KV  ELI-NWO1,ELIMA_138 KV_ELI-NWO1:ACTUAL,ELIMA 138KV - NWOODCOC 138KV (ELIMA 138 KV ELI-NWO1) BASE
FLSCHURC-GLCARLYN 251B      B  230 KV,FLSCHURC_230 KV_251B:L230.PleasntView-EdwardsFerry-Dickerson.23111/203A,GLCARLYN 230KV - FLSCHURC 230KV (FLSCHURC 230 KV 251B) L230.PleasntView-EdwardsFerry-Dickerson.23111/203A
BAYS 138 KV BAY-WOL,BAYS_138 KV_BAY-WOL:ACTUAL,BAYS 138KV - WOLFRUN 138KV (BAYS 138 KV BAY-WOL) L765.Kammer-Belmont-Mountaineer+765/500.Belmont.T5
SCHUYLKI230 KV  SCH 7TR,SCHUYLKI_230 KV_SCH 7TR:ACTUAL,SCHUYLKI 230KV - SCHUYLKI 69KV (SCHUYLKI 230 KV SCH 7TR) BASE
ASHBURN 230 KV  227B,ASHBURN_230 KV_227B:L230.EvergreenMills-Brableton.2172,ASHBURN 230KV - BEAUMEAD 230KV (ASHBURN 230 KV 227B) L230.EvergreenMills-Brableton.2172
FREMNT_138KVFRE-FRE1_1_LN,FREMNT_138 KV_FRE-FRE1:L138/69.Fremont.T1 + 69.Fremont.Bus,FREMNT 138KV - FREMONTC 138KV (FREMNT 138 KV FRE-FRE1) L138/69.Fremont.T1 + 69.Fremont.Bus
CHESTNUT115 KV  CHE-FRE8,CHESTNUT_115 KV_CHE-FRE8:L230.Graceton-Bagley-RaphaelRoad.2313,CHESTNUT 115KV - FRED BC 115KV (CHESTNUT 115 KV CHE-FRE8) L230.Graceton-Bagley-RaphaelRoad.2313
VIENNA 138 KV VIENNA 8110 CB,VIENNA_138 KV_13710:230/138.PineyGrove.AT20,VIENNA 69KV - MARDELA 69KV (MARDELA 69 KV MAR-VIE) 230/138.PineyGrove.AT20
WAREROAD138 KV  WAR-WAV,WAREROAD_138 KV_WAR-WAV:ACTUAL,WAVERLY2 138KV - WAREROAD 138KV (WAREROAD 138 KV WAR-WAV) BASE
MAROA -E GOOSECREEK 345KV L/O HOLLAND NW - NEOGA 345KV,RAMSEY 3_345 KV_TR1:Holland-Neoga 345 kV,Maroa -E GooseCreek 345kV l/o Holland NW - Neoga 345kV Holland-Neoga 345 kV
BERYL   138 KV  BER-MTZ,BERYL_138 KV_BER-MTZ:L500.BlackOak-Hatfield,MTZI APS 138KV - BERYL 138KV (BERYL 138 KV BER-MTZ) L500.BlackOak-Hatfield.542
SPRINGCR_138KVSPR-WOL2_1_LN,SPRINGCR_138 KV_SPR-WOL2:500/161.Sullivan XF #3 (TVA),WOLFHILL 138KV - SPRINGCR 138KV (SPRINGCR 138 KV SPR-WOL2) L500.Phippsbend-Sullivan (TVA)
CAPITOLH 138 KV CAPITOLH-CHEMICAL,CAPITOLH_138 KV_CAP-CHE1:L765.Culloden-Wyoming,CHEMICAL 138KV - CAPITOLH 138KV (CAPITOLH 138 KV CAP-CHE1) L765.Culloden-Wyoming
CONASTON230 KV  CNS-NOR1,CONASTON_230 KV_CNS-NOR1:L230.Conastone-Graceton.2323,CONASTON 230KV - NRTHWES2 230KV (CONASTON 230 KV CNS-NOR1) L230.Conastone-Graceton.2323
CHATFIEL138 KV  CHA-HOW1,CHATFIEL_138 KV_CHA-HOW1:L345.SouthBerwick-Galion,CHATFIEL 138KV - HOWARD2 138KV (CHATFIEL 138 KV CHA-HOW1) L345.SouthBerwick-Galion
GRIFFN_138KVGRI-02F1_1_LN,GRIFFN_138 KV_GRI-02F1:L345.Avonlake-Juniper,02FOWLES 138KV - GRIFFN 138KV (GRIFFN 138 KV GRI-02F1) L345.Avonlake-Juniper
ALABAMA 230 KV ALABAMA -PALMERS ALA-PAL9,ALABAMA_230 KV_ALA-PAL9:ACTUAL,PALMERS 230KV - ALABAMA 230KV (ALABAMA 230 KV ALA-PAL9) BASE
TODD HUNTER 345/138 KV TX 15 L/O GARVER-TODD HUNTER 345KV,TODDHUNT_345 KV_15:L345.Garver-ToddHunter,TODDHUNT 345KV - TODDHUNT 138KV (TODDHUNT 345 KV 15) L345.Garver-ToddHunter
COOLSPRI230 KV  AT20,COOLSPRI_230 KV_AT20:L230.IndianRiver-Milford.23034,MILFORD 230KV - COOLSPRI 230KV (COOLSPRI 230 KV COL-MIL) L230.IndianRiver-Milford.23034 & L230.Steele-Vienna.23085 & 230/138.Vienna.AT20
AMDEASTN115 KV  AMD-NORW,AMDEASTN_115 KV_AMD-NORT:L230.MartinsCreek-Portland.1008,NORTHWOO 115KV - AMDEASTN 115KV (AMDEASTN 115 KV AMD-NORW) L230.MartinsCreek-Portland.1008
COLUMBIA 138 KV COLUMBIA-NORTHEA2,COLUMBIA_138 KV_COL-NOR1:ACTUAL,NORTHEA2 138KV - COLUMBIA 138KV (COLUMBIA 138 KV COL-NOR1) L765.Dumont-Sorenson
51 MC CO345 KV TR82CT-P,51 MC CO_345 KV_TR82CT-P:L765.Collins - Plano.2315,51 MC CO345 KV  TR82CT-P L765.Collins - Plano.2315
SIEGFRIE_T2_2304_XF,SIEGFRIE_230 KV_4:L230.MartinsCreek-Portland.1008,SIEGFRIE 69KV - SIEGFRIE 230KV (SIEGFRIE 230 KV TRAN_2) L230.MartinsCreek-Portland.1008
116 GOOD345 KV  TR82CT-P,116 GOOD_345 KV_TR82CT-P:L345.Crawford-Gooding Grove.1311,116 GOOD 345KV - 116 GOOD 1KV (116 GOOD 345 KV TR82CT-P) L345.Crawford-GoodingGrove.1311
HILLSBOR138 KV  HIL-SIN1,HILLSBOR_138 KV_HIL-SIN1:L345.OhioCentral-MuskingumRiver,SINKINGS 138KV - HILLSBOR 138KV (HILLSBOR 138 KV HIL-SIN1) L345.OhioCentral-MuskingumRiver
EPALMERT 230 KV EPALMERT-HARWOOD EPA-HAR,EPALMERT_230 KV_EPA-HAR:230/69.Harwood.T4 (Sctnlz F) + L69.Berwick-Salem,HARWOOD 230KV - EPALMERT 230KV (EPALMERT 230 KV EPA-HAR) BASE
144 WAYNE 45TR81 CT H 345 KV,144 WAYN_345 KV_TR81CT-P:L345.111Electric Jct-144Wayne.11126,144 WAYN 1KV - 144 WAYN 138KV (144 WAYN 138 KV TR81CT-S) L345.111Electric Jct-144Wayne.11126
KAMMER2 765 KV  400,KAMMER2_765 KV_400:L765.Guernsey-Vassell,KAMMER2 765KV - KAMMER2 345KV (KAMMER2 765 KV 400) L765.Guernsey-Vassell
GARDNERS 115 KV GARDNERS-TEXSEAST GAR-TEX,GARDNERS_115 KV_GAR-TEX:L115.RoundTop-Newberry-Cly,TEXSEAST 115KV - GARDNERS 115KV (GARDNERS 115 KV GAR-TEX) L115.RoundTop-Newberry-Cly
KEENEY 230 KV KEENEY AT20 XFORMER,KEENEY_230 KV_AT20:L230.Keeney-Steele.23009,KEENEY 230KV - KEENEY 138KV (KEENEY 230 KV AT20) L230.Keeney-Steele.23009
FREMNT  138 KV  FRE-WFR1,FREMNT_138 KV_FRE-WFR1:L345.FostoriaCentral-Lemoyne,WFREMONT 138KV - FREMNT 138KV (FREMNT 138 KV FRE-WFR1) L345.FostoriaCentral-Lemoyne
GOMER   138 KV  GOM-NDEL,GOMER_138 KV_GOM-NDEL:L765.Maliszewski-Marysville,NDELPHOS 138KV - GOMER 138KV (GOMER 138 KV GOM-NDEL) L765.Maliszewski-Marysville
MAHANSLA_138KVMAH-TID_1_LN,MAHANSLA_138 KV_MAH-TID:L138.Weirton-Carnegie-Tidd.224,MAHANSLA138 KV  MAH-TID WEIRTON-CARNEGIE-TIDD (224) 138 KV (APS)
GLASGOW_138KVGLA-KEE_1_LN,GLASGOW_138 KV_GLA-KEE:ACTUAL,KEENEY 138KV - GLASGOW 138KV (GLASGOW 138 KV GLA-KEE) L500.PeachBottom.BusTie.2
EDINBUR4138 KV  TX4,EDINBUR4_138 KV_TX4:L500.Loudoun-Meadowbrook.5535,EDINBUR4 138KV - EDINBUR4 115KV (EDINBUR4 138 KV TX4) L500.Loudoun-Meadowbrook.5535
TURKEY HILL MASCOUTA 138 KV L/O COFFEEN ROXFORD 345 KV,LAC N T3_138 KV_LAC-MORO:L345.Moro2-Roxford (Ameren),Turkey Hill Mascouta 138 kV l/o Coffeen Roxford 345 kV Coffeen-Roxfd 345
VANDORN 230 KV  243B,VANDORN_230 KV_243B:L230.Ox-VirginiaHills.248B + SR1,FRANCONA 230KV - VANDORN 230KV (VANDORN 230 KV 243B) L230.Ox-VirginiaHills.248B + SR1
ECLIPSE_115KVECL-PIN_1_LN,ECLIPSE_115 KV_ECL-UTI:L230.Glade-Warren.2088,PINEY 115KV - ECLIPSE 115KV (ECLIPSE 115 KV ECL-PIN) L230.Glade-Warren.2088
112_WILT_T1_765TR94CT-P_XF,112 WILT_765 KV_TR94CT-P:ACTUAL,112 WILT 345KV - 112 WILT 1KV (112 WILT 345 KV TR93CT-S) 765/345.Wilton.TR94
NEWCARLI138 KV  NEW-PIN1,NEWCARLI_138 KV_NEW-PIN1:L765.Jefferson-Rockport,NEWCARLI 138KV - PINEROAD 138KV (NEWCARLI 138 KV NEW-PIN1) L765.Jefferson-Rockport
08ASHLD7138 KV  ASH-OAK1,08ASHLD7_138 KV_ASH-OAK1:ACTUAL,08OAKLEY 138KV - 08ASHLD7 138KV (08ASHLD7 138 KV ASH-OAK1) BASE
ALLLUD4J 138 KV ALLLUD4J-ALLDAM6 ALJ-ALL,ALLLUD4J_138 KV_ALJ-ALL:L345.ErieWest-Wayne.3004,ALLLUD4J 138KV - ALLDAM6 138KV (ALLLUD4J 138 KV ALJ-ALL) L345.ErieWest-Wayne.3004
BROADFO2 138 KV BROADFO2-SALTVILL 2,BROADFO2_138 KV_BRO-SAL1:L765.Broadford-JacksonsFerry + B138.Broadford.RL3,BROADFO2 138KV - SALTVILL 138KV (BROADFO2 138 KV BRO-SAL2) L765.Broadford-JacksonsFerry + B138.Broadford.RL3
MARYSVI2_345KVMAR-TAN1_1_LN,MARYSVI2_345 KV_MAR-TAN1:ACTUAL,MARYSVI2 345KV - TANGY 345KV (MARYSVI2 345 KV MAR-TAN1) L765.Maliszewski-Marysville
BECO    230 KV  BEC-DTC,BECO_230 KV_BEC-DTC:L230.Brambleton-PolandRoad.2183,DTC 230KV - BECO 230KV (BECO 230 KV BEC-DTC) L230.Brambleton-PolandRoad.2183
KEYSTONE_T6_5004TX-P_XF,NMESHOPP_230 KV_4 TX:L500.Juniata-Keystone.5004,CONEMAUG TX3      XFORMER   L  230 KV MAXCR: 500/230.Keystone.T4+U1+U2+5003+5004
FREMNT  138 KV  FRE-WFR1,FREMNT_138 KV_FRE-WFR1:345/138.FostoriaCentral.T1,WFREMONT 138KV - FREMNT 138KV (FREMNT 138 KV FRE-WFR1) 345/138.FostoriaCentral.T1
CHESTNT 115 KV  1024A,CHESTNT_115 KV_1024A:L230.Carolina-Lakeview.2141,CHESTNT 115KV - COXDP 115KV (CHESTNT 115 KV 1024A) L230.Carolina-Lakeview.2141
HAVILAND69 KV   HAV-NVA,HAVILAND_69 KV_HAV-NVA:L765.Dumont-Sorenson,HAVILAND 69KV - NVANWERT 69KV (HAVILAND 69 KV HAV-NVA) L765.Dumont-Sorenson
BRISTERS 500 KV BRISTERS-OX4 539,BRISTERS_500 KV_539:L500.Loudoun-Morrisville.569,BRISTERS 500KV - OX4 500KV (BRISTERS 500 KV 539) L500.Loudoun-Morrisville.569
OX4 230 KV OX4 -GALLWSRD 2097B,OX4_230 KV_2097B:L500.Loudoun-Morrisville.569,OX4 230KV - GALLWSRD 230KV (OX4 230 KV 2097B) L500.Loudoun-Morrisville.569
02FOWLES 138 KV 02FOWLES-PLSNTVLY,02FOWLES_138 KV_02F-02P1:ACTUAL,PLSNTVLY 138KV - 02FOWLES 138KV (02FOWLES 138 KV 02F-02P1) L345.AvonLake-LakeAvenue.1
BRANDONS-WAUGHCHA 2343 B 230 KV,BRANDONS_230 KV_BRA-WAU3:L500.Brighton-Conastone.5011,BRANDONS 230KV - WAUGHCHA 230KV (BRANDONS 230 KV BRA-WAU3) L500.Brighton-Conastone.5011
ALLDAM6_138KVALL-KIT_1_LN,ALLDAM6_138 KV_ALL-KIT:L500.SouthBend-Yukon,ALLDAM6 138KV - KITTANNI 138KV (ALLDAM6 138 KV ALL-KIT) L500.SouthBend-Yukon
BEAVER CHANNEL - SUB 49 161 KV L/O CORDOVA - SUB39 345 KV,DAVNPRT6_161 KV_62211622:Cordova-Sub 39(39-QC-1)345 Line,Beaver Channel-Sub 49 161 l/o Cordova-Sub 39 345+Sub 39 345/161 Cordova-Sub 39 345+Sub 39 345/161
CHESTER 69 KV CHE52TR,CHESTER_69 KV_CHE52TR:ACTUAL,CHESTER 69KV - CHESTER 13.8KV (CHESTER 69 KV CHE52TR) BASE
SUB 39 TR9T1 345/161 KV L/O QUAD CITY-SUB 91 345KV,SUB 39_345 KV_9T1:Quad-Sub 91 (0401 1)345 Line,SUB 39 345KV - SUB 39 161KV (SUB 39 345 KV 9T1) Quad-Sub 91 (0401 1)345 Line
LEESVILL 138 KV LEESVILL-ALTAVIST,LEESVILL_138 KV_LEE-ALT1:ACTUAL,LEESVILL-ALTAVIST           A  138 KV Smith Mtn - Canders - Opossum Creek 138kv line
CONASTON_230KVCNS-GRA_1_LN,CONASTON_230 KV_CNS-GRA:L500.Brighton-Conastone,CONASTON 230KV - GRACETON 230KV (CONASTON 230 KV CNS-GRA) L500.Brighton-Conastone.5011
64_BELLW_138KV135022_1_LN,64 BELLW_138 KV_5117 2:ACTUAL,5118 138KV - 64 BELLW 138KV (64 BELLW 138 KV 5118 4) BASE
BIGPINET138 KV  BIG-KIS,BIGPINET_138 KV_BIG-KIS:ACTUAL,KISKIVAL 138KV - BIGPINET 138KV (BIGPINET 138 KV BIG-KIS) 345/230.HomerCity.AT-S
GRAYSBRA69 KV GRA-ARG1,GRAYSBRA_69 KV_GRA-ARG1:138/69/34.Bellefonte.T2,ARGNT_EK 69KV - GRAYSBRA 69KV (GRAYSBRA 69 KV GRA-ARG1) 138/69/34.Bellefonte.T2
974 ZION-22 ZION 345 KV L/O PLEASANT PRAIRIE-22 ZION 345KV,22 ZION_345 KV_2221:L345.Zion(EnergyCntr/974)-Pleasant Prairie.PLPL41,PLEAS PR 345KV - 22 ZION 345KV (22 ZION 345 KV 2221) L345.Zion(EnergyCntr/974)-Pleasant Prairie.PLPL41
CHAPRLTP 230 KV CHAPRLTP-CARSON4 249B,CHAPRLTP_230 KV_249B:L500.Morrisville-Spotsylvania.594,CARSON4 230KV - CHAPRLTP 230KV (CHAPRLTP 230 KV 249B) L500.Morrisville-Spotsylvania.594
MESSICRD 138 KV MESSICRD-RIDGELEY WC4,MESSICRD_138 KV_MES-RID:L500.Bismark-Doubs,RIDGELEY 138KV - MESSICRD 138KV (MESSICRD 138 KV MES-RID) L500.Bismark-Doubs
OX4_T1_500TX2_XF,POSSUMP4_500 KV_TX1:L500.Clifton-Ox.561+500/230.Clifton.TX2,OX4 500KV - OX4 230KV (OX4 500 KV TX2) 500/230.OX.TX1 (Sctnlz F)
DESOTO  138 KV  DES-ROY1,DESOTO_138 KV_DES-ROY1:138/69.Jay.T1,DESOTO 138KV - ROYERTON 138KV (DESOTO 138 KV DES-ROY1) 138/69.Jay.T1
COREY   138 KV  COR-MOT1,COREY_138 KV_COR-MOT1:ACTUAL,MOTTVILL 138KV - COREY 138KV (COREY 138 KV COR-MOT1) L138.KenzieCreek-Colby-Valley
BAIR    115 KV  BAI-HIL,BAIR_115 KV_BAI-HIL:ACTUAL,BAIR 115KV - HILL 115KV (BAIR 115 KV BAI-HIL) L115.Yorkana-Yoe-Windsor.989
HAWTHORN 230 KV HAWTHORN-HINCHMAN N-2266,HINCHMAN_230 KV_HIN-JAC:L500.Hopatcong-Ramapo.5018,HINCHMAN 230KV - HAWTHORN 230KV (HAWTHORN 230 KV HAW-HIN) L500.Hopatcong-Ramapo.5018
ALLENIM 138 KV  ALL-LOG,ALLENIM_138 KV_ALL-LOG:L345.Beaver-DavisBesse,ALLENIM 138KV - LOGTOWN 138KV (ALLENIM 138 KV ALL-LOG) L138.Richland-Naomi-Midway-Wauseon
BEATTYVL69 KV   BTT-BEAT,BEATTYVL_69 KV_BTT-BEAT:ACTUAL,BEATTYVL 69KV - BTTYVEKP 69KV (BEATTYVL 69 KV BTT-BEAT) BASE
955 RIVE138 KV  0703 5,955 RIVE_138 KV_0703 5:ACTUAL,0703 138KV - 955 RIVE 138KV (955 RIVE 138 KV 0703 5) BASE
IRONBRI4230 KV  208A,IRONBRI4_230 KV_208A:L500.Elmont-Ladysmith.574,CHESTER4 230KV - IRONBRI4 230KV (IRONBRI4 230 KV 208A) L500.Elmont-Ladysmith.574
NOTTINGH 230 KV NOTTINGHM 1-3 SER DEV,NOTTINGHM 2-3 SER DEV A 230 KV:TEMP.DBL.500/230.CONASTONE.500-4 + Peach Bot - Conaston,NOTTINGHM 1-3 SER DEV       A  230 KV 500/230.Conastone.500-4
DOEX530 345 KV  DOE-PIE1,DOEX530_345 KV_DOE-PIE1:L765.Jefferson-Rockport,DOEX530 345KV - PIERCE 345KV (DOEX530 345 KV DOE-PIE1) Jefferson-Rockport 765+Rockport Unit 1
POSSUMP4500 KV  TX1,POSSUMP4_500 KV_TX1:ACTUAL,WEST POSSUMP4500 KV  560T571 CB      OPEN    POSSUMP4500 KV  H1T560  CB      OPEN    LINE    500 KV  BUR-
COOK - OLIVE 345 KV L/O DUMONT - COOK 765 KV,DUMONT2_345 KV_DUM-STI1:L345.Cook-Olive,OLIVE 345KV - COOK 345KV (COOK 345 KV COO-OLI1) L765.Dumont-WiltonCenter.11215
EASTPT  115 KV  EAP-GOL4,EASTPT_115 KV_EAP-GOL4:Center-Erdman (110556) 115 kV line,EASTPT 115KV - GOLDENRI 115KV (EASTPT 115 KV EAP-GOL4) Center-Erdman (110556) 115 kV line
SEWARD 115 KV SEWARD-TOWER51 H1H2 1097,SEWARD_115 KV_SEW-TOW:L500.SouthBend-Yukon,SEWARD 115KV - TOWER51 115KV (SEWARD 115 KV SEW-TOW) L500.SouthBend-Yukon
167 PLAN 765 KV 167 PLANO 65TR94 CT,167 PLAN_765 KV_TR94CT-P:L345.Lasalle - Plano.0101,167 PLAN 1KV - 167 PLAN 765KV (167 PLAN 765 KV TR94CT-P) L345.Lasalle - Plano.0101
CHESTNT 115 KV  1001E,CHESTNT_115 KV_1001E:L500.Carson-RogersRoad.585,WHITAKER 115KV - CHESTNT 115KV (CHESTNT 115 KV 1001E) L500.Carson-RogersRoad.585
MIAMIFOR 138 KV MIAMIFOR-08GRDALE,08LAPLJT_138 KV_08L-SAN1:L765.Marysville-Sorenson,08GRDALE 138KV - MIAMIFOR 138KV (MIAMIFOR 138 KV MIA-08G1) L765.Marysville-Sorenson
FACEROCK_69KVFAC-MAN_1_LN,FACEROCK_69 KV_FAC-MAN:ACTUAL,FACEROCK 69KV - MANOR 69KV (FACEROCK 69 KV FAC-MAN) L230.Graceton-FvFrks.110510 + 230/115.Grctn.230-1
LOBO    230 KV  LOB-MARS,LOBO_230 KV_LOB-MARS:ACTUAL,MARSHALL 230KV - LOBO 230KV (LOBO 230 KV LOB-MARS) BASE
MCCARTER230 KV  MCC-WOR,MCCARTER_230 KV_MCC-STA:ACTUAL,MCCARTER230 KV  MCC-WOR L230.CedarGrove-CedarSub-William.F-2206
FACEROCK_FAC69696_SD_1_LN,FACEROCK_115 KV_FAC-FIV1:ACTUAL,FACEROCK_FAC69696_SD_1_LN BASE
EELKHART138 KV  EEL-ELC1,EELKHART_138 KV_EEL-ELC1:L765.Dumont-Sorenson,EELKHART 138KV - ELCONATP 138KV (EELKHART 138 KV EEL-ELC1) L765.Dumont-Sorenson
MILLIRON138 KV MIL-LES1,MILLIRON_138 KV_MIL-LES1:L765.Kammer-Belmont-Mountaineer+765/500.Belmont.T5,LESIDE 138KV - MILLIRON 138KV (MILLIRON 138 KV MIL-LES1) L765.Kammer-Belmont-Mountaineer+765/500.Belmont.T5
MIAMIFOR-08WILEY1 9784 A 138 KV,MIAMIFOR_138 KV_MIA-HEB:L345.MiamiFort-Terminal.4514,MIAMIFOR-08WILEY1 9784      A  138 KV L345.East Bend-Terminal
BLAIRSVE138 KV  BLA-SOC,TRANSFER INTERFACE: BED-BLA:L500.Keystone-SouthBend.5001(513),BLAIRSVE 138KV - SOCIALHA 138KV (BLAIRSVE 138 KV BLA-SOC) L500.Keystone-SouthBend.5001(513)
HARWOOD 230 KV HARWOOD 4 XFORMER,HARWOOD_230 KV_4:ACTUAL,WESCOSVI 3        XFORMER   H  500 KV L230.Harwood-Susquehanna.2
CASS    69 KV   CAS-OAK2,CASS_69 KV_CAS-OAK2:ACTUAL,OAKHILPL 69KV - CASS 69KV (CASS 69 KV CAS-OAK2) BASE
LACKAWAN500 KV  4,LACKAWAN_500 KV_4:ACTUAL,LACKAWAN 230KV - LACKAWAN 500KV (LACKAWAN 500 KV 4) L230.lackawanna-Summit2 & Lackawanna-Paupack
BROADFO2 138 KV BROADFO2-SALTVILL 2,BROADFO2_138 KV_BRO-SAL2:L138.Wolfhill-SpringCreek-SouthAbingdon,BROADFO2 138KV - SALTVILL 138KV (BROADFO2 138 KV BRO-SAL2) L138.Wolfhill-SpringCreek-SouthAbingdon
EMILIE-ROLL PE 130-39 A 138 KV,ROLL PE_138 KV_ROL-STE:L230.PleasantValley-Rocktown.Z-2357,EMILIE 138KV - ROLL PE 138KV (EMILIE 138 KV EMI-ROL) L230.PleasantValley-Rocktown.Z-2357
CHARLTSV 230 KV CHARLTSV-PROFITDP 2054B1,CHARLTSV_230 KV_2054B1:L500.Elmont-Ladysmith.574,CHARLTSV 230KV - PROFITDP 230KV (CHARLTSV 230 KV 2054B1) L500.Elmont-Ladysmith.574
CHARLERO 138 KV CHARLERO-GORDEN,CHARLERO_138 KV_CHA-YUK:L500.Cabot-Cranberry,CHARLERO 138KV - DRYRUN 138KV (CHARLERO 138 KV CHA-DRY) L500.Cabot-Cranberry
MIDDLJCT 230 KV MIDDLJCT-SLEBANON 1004,MIDDLJCT_230 KV_MID-SLE:L230.Berks-SouthLebanon.1074,SLEBANON 230KV - MIDDLJCT 230KV (MIDDLJCT 230 KV MID-SLE) L230.Berks-SouthLebanon.1074
WHITAKER115 KV  1001B,WHITAKER_115 KV_1001B:L230.Carolina-Lakeview.2141,WHITAKER 115KV - CONSLDSL 115KV (WHITAKER 115 KV 1001B) L230.Carolina-Lakeview.2141
BOSSERMN138 KV  BOS-TRA,BOSSERNI_138 KV_BOS-NNI1:NewCarlis-Bosserman#2 138kV,TRAILCRE 138KV - BOSSERMN 138KV (BOSSERMN 138 KV BOS-TRA) L138.Bosserman-MichiganCity
CHAUNCYT138 KV  CHA-LOG1,CHAUNCYT_138 KV_CHA-LOG1:ACTUAL,LOGAN 138KV - CHAUNCYT 138KV (CHAUNCYT 138 KV CHA-LOG1) L500.BrunswickSwitchingStationHeritage-Wake.570
CONCRDDP_69KVCON-LAU_1_LN,CONCRDDP_69 KV_CON-LAU:230/69.CoolSprings.AT20,LAURELDP 69KV - CONCRDDP 69KV (CONCRDDP 69 KV CON-LAU) 230/69.CoolSprings.AT20
CHALKPT 230 KV  T4,CHALKPT_230 KV_T4:ACTUAL,CHALKPT 230KV - CHALKPT 69KV (CHALKPT 230 KV T4) BASE
BAYLY   69 KV   BAY-WES,BAYLY_69 KV_BAY-WES:ACTUAL,WCAMBRID 69KV - BAYLY 69KV (BAYLY 69 KV BAY-WES) L69.Todd-ViennaLocal-Vienna.6702
11 FISK 138 KV  TR75R 12,11 FISK_138 KV_TR75R 12:L138.11Fisk-840Quarry-126State.1106 + 11Fisk.TR71,11 FISK 138KV - 11 FISK 12KV (11 FISK 138 KV TR75R 12) L138.11Fisk-840Quarry-126State.1106 + 11Fisk.TR71
FRONTST 230 KV  FRO-ROS,FRONTST_230 KV_FRO-ROS:L230.Roseland-Whippany.A-941,FRONTST 230KV - ROSELAND 230KV (FRONTST 230 KV FRO-ROS) L230.Roseland-Whippany.A-941
CLBHOUSE 230 KV CLBHOUSE TX1 XFORMER,CLBHOUSE_230 KV_TX1:L500.Bedington-BlackOak,CLBHOUSE 115KV - CLBHOUSE 230KV (CLBHOUSE 230 KV TX1) L500.Bedington-BlackOak
BOONETWN230 KV  BOO-NBO,BOONETWN_230 KV_BOO-NBO:ACTUAL,BOONETWN 230KV - NBOYERTO 230KV (BOONETWN 230 KV BOO-NBO) BASE
BAGLEY 230 KV BAGLEY -RAPHAERD BAG-RAP,BAGLEY_230 KV_BAG-RAP5:L500.Brighton-Conastone.5011,BAGLEY 230KV - RAPHAERD 230KV (BAGLEY 230 KV BAG-RAP5) L500.Brighton-Conastone.5011
ETOWANDA_230KVETO-HIL_1_LN,ETOWANDA_230 KV_ETO-HIL:L230.EastTowanda-Canyon-NMeshoppen,ETOWANDA 230KV - HILLSIDE 230KV (ETOWANDA 230 KV ETO-HIL) L230.EastTowanda-Canyon-NMeshoppen + 230/115.NM.T4
CHINQUPN230 KV  GSU,CHINQUPN_230 KV_GSU:ACTUAL,CHINQUPN 23KV - CHINQUPN 230KV (CHINQUPN 230 KV GSU) BASE
CHARLERO 138 KV CHARLERO-GORDEN,CHARLERO_138 KV_CHA-DRY:ACTUAL,YUKON 138KV - CHARLERO 138KV (CHARLERO 138 KV CHA-YUK) L500.502Junction-NorthLongview
WMILTON 345 KV  BK-E,WMILTON_345 KV_BK-E:L765.Marysville-Sorenson,WMILTON 345KV - WMILTON 138KV (WMILTON 345 KV BK-E) L765.Marysville-Sorenson
NATRIUM2_138KVNAT-NEW_1_LN,NATRIUM2_138 KV_NAT-NEW:ACTUAL,NATRIUM2138 KV  NAT-NEW ___BELMONT 500/138 #1 & #2 (APS)
TERMINAL345 KV  12,TERMINAL_345 KV_12:ACTUAL,TERMINAL 345KV - TERMINAL 138KV (TERMINAL 345 KV 11) 345/138.Terminal.BK12
TANNERSC-DEARBORN1 TIE A 345 KV,TANNERSC_345 KV_TAN-DEA1:L345.WestMilton-MiamiFort,TANNERSC 345KV - DEARBORN 345KV (TANNERSC 345 KV TAN-DEA1) L345.WestMilton-MiamiFort
CHARLTSV230 KV  233A1,CHARLTSV_230 KV_233A1:L500.Elmont-Cunningham.553,HYDROAD 230KV - CHARLTSV 230KV (CHARLTSV 230 KV 233A1) L500.Elmont-Cunningham.553
DOEX530 345 KV  DOE-PIE1,DOEX530_345 KV_DOE-PIE1:L765.Kammer-Belmont-Mountaineer+765/500.Belmont.T5,DOEX530 345KV - PIERCE 345KV (DOEX530 345 KV DOE-PIE1) L765.Kammer-Belmont-Mountaineer+765/500.Belmont.T5
EWAYNESB 138 KV EWAYNESB-RINGGOLD RWA1,GRANDPT_138 KV_GRA-GUI:L138.Bedington-HarmonyJct-Marlowe-CherryRun,RINGGOLD 138KV - EWAYNESB 138KV (EWAYNESB 138 KV EWA-RIN) L138.Bedington-HarmonyJct-Marlowe-CherryRun
KEYWOOD 138 KV  KEY-WOL1,KEYWOOD_138 KV_KEY-WOL1:Baker - Broadford 765 kV,WOLFHILL 138KV - KEYWOOD 138KV (KEYWOOD 138 KV KEY-WOL1) L765.Baker-Broadford
KILMER 230 KV KILMER-SAYREVIL LN1-SC1,SAYREVIL_230 KV_SAY-WOOD:ACTUAL,SAYREVIL 230KV - KILMER 230KV (KILMER 230 KV KIL-SAYW) BASE
GREENE  345 KV  BK-S,GREENE_345 KV_BK-S:ACTUAL,SUGARCRE 345KV - SUGARCRE 138KV (SUGARCRE 345 KV BK-N) 345/138.Greene.BK-S
DOUBS   500 KV  DOU-GOO,DOUBS_500 KV_DOU-GOO:L500.MtStorm-Valley.550,DOUBS 500KV - GOOSECRE 500KV (DOUBS 500 KV DOU-GOO) L500.MtStorm-Valley.550
CRES DUQ 345 KV CRESCENT-MANS FE 315 TIE,CRES DUQ_138 KV_CRE-SEW:Clinton (DUQ) 345/138 KV TRANSFORMER,CRES DUQ T1       XFORMER   H  345 KV Clinton (DUQ) 345/138 KV TRANSFORMER
11 FISK 138 KV  1111,11 FISK_138 KV_1111:ACTUAL,11 FISK 138KV - 90 DEKOV 138KV (11 FISK 138 KV 1111) BASE
BUTL APS-CABOT BT-CAB-E     B  138 KV,BUTL APS_138 KV_BUT-CAB:L500.Cabot-Cranberry,CABOT 138KV - BUTL APS 138KV (BUTL APS 138 KV BUT-CABE) DTX138.Butler.T61 (Sctnlz F)
ALLENIM 138 KV  ALL-LOG,ALLENIM_138 KV_ALL-LOG:L345.DavisBesse-Hayes,ALLENIM 138KV - LOGTOWN 138KV (ALLENIM 138 KV ALL-LOG) L345.DavisBesse-Hayes
GROTTOES 115 KV GROTTOES-ELKTONDP 119C,GROTTOES_115 KV_119C:L500.MtStorm-Meadowbrook (TRAIL),GROTTOES 115KV - ELKTONDP 115KV (GROTTOES 115 KV 119C) L500.MtStorm-Meadowbrook.5529
GROTTOES 115 KV GROTTOES-ELKTONDP 119C,GROTTOES_115 KV_119C:L500.Mt Storm-Valley.550,GROTTOES 115KV - ELKTONDP 115KV (GROTTOES 115 KV 119C) L500.MtStorm-Valley.550
BED-BLA CONTINGENCY 53,TRANSFER INTERFACE: BED-BLA:500/138.Bedington.T4 + 500.Cap.2&3 (Sctnlz),BED-BLA contingency 53 500/138.Bedington.T4 + 500.Cap.2&3 (Sctnlz)
AP SOUTH REACTIVE TRANSFER INTERFACE,TRANSFER INTERFACE: APSOUTH:L500.MtStorm-Valley.550,TRANSFER INTERFACE: AEP-DOM L500.MtStorm-Valley.550
PLEASNTV TX3 XFORMER L 230 KV,PLEASNTV_500 KV_TX3:L230.Brambleton-PolandRoad.2183,PLEASNTV 500KV - PLEASNTV 230KV (PLEASNTV 500 KV TX3) L230.Brambleton-Belmont.201
LUMSPOND 138 KV LUMSPOND-REYBOLD,LUMSPOND_138 KV_LUM-REY:L500.Conastone-PeachBottom.5012,REYBOLD 138KV - LUMSPOND 138KV (LUMSPOND 138 KV LUM-REY) L500.Conastone-PeachBottom.5012
ARGENTA-TOMPKINS 345 KV L/O ARGENTA-BATTLE CREEK 345 KV,ARGENTA2_345 KV_ARG-TOM:Argenta-Battle Creek 345 kV,ARGENTA2 345KV - TOMPKINS 345KV (ARGENTA2 345 KV ARG-TOM) Argenta-Battle Creek 345 kV
FOSTORIA138 KV  FOS-IRNT,FOSTORIA_138 KV_FOS-IRNT:L138.FremontCenter-Fremont-WestFremont,FOSTORIA 138KV - IRNTRNGL 138KV (FOSTORIA 138 KV FOS-IRNT) L138.FremontCenter-Fremont-WestFremont
LOGTOWN 138 KV  LOG-NDEL,LOGTOWN_138 KV_LOG-NDEL:L345.EastLima-MaddoxCreek,LOGTOWN 138KV - NDELPHOS 138KV (LOGTOWN 138 KV LOG-NDEL) L345.EastLima-MaddoxCreek
KENNY   138 KV  KEN-ROB1,KENNY_138 KV_KEN-ROB1:ACTUAL,ROBERTS2 138KV - KENNY 138KV (KENNY 138 KV KEN-ROB1) L345.Vassell-HyattCS
HARWGATE 115 KV HARWGATE-LOCKS 100J,HARWGATE_115 KV_100J:L230.Chesterfield-Hopewell.228,LOCKS 115KV - HARWGATE 115KV (HARWGATE 115 KV 100J) L230.Chesterfield-Hopewell.228
SBENDAEP138 KV  SBE-TWI1,SBENDAEP_138 KV_SBE-TWI1:L138.Studebaker-EastSide,TWINBRAN 138KV - SBENDAEP 138KV (SBENDAEP 138 KV SBE-TWI1) L138.Studebaker-EastSide
GLENBROO69 KV   GLE-SAL1,GLENBROO_69 KV_GLE-SAL1:L230.Columbia-Montour+230/69.Columbia.T2,GLENBROO 69KV - SALEMPL 69KV (GLENBROO 69 KV GLE-SAL1) L230.Columbia-Montour+230/69.Columbia.T2
DUNE ACRES-MICHIGAN CITY 13483 L/O  WILTONCENTER DUMONT765,Dune Acres-Michigan Cty 1 138 kV Dumont-Wilton Center 765kV + Powerton 5 + Joliet 7,Dune Acres- Michigan City 1 138 kv l/o Dumont - Wilton Center 765 KV Dumont-Wilton Center 765kV
WESTWOOD-NW TAP 13806 138 KV L/O DEQUINE-EUGENE 345KV,08NW TAP_138 KV_NWT-WES:L345.Dequine-Eugene,WESTWOOD 138KV - 08NW TAP 138KV (08NW TAP 138 KV NWT-WES) L345.Dequine-Eugene
POLANDRD230 KV  2183A,POLANDRD_230 KV_2183A:L230.GooseCreek-Ashburn-Beaumeade.227,BRAMBLET 230KV - POLANDRD 230KV (POLANDRD 230 KV 2183A) L230.GooseCreek-Ashburn-Beaumeade.227
NEWCOMER138 KV  NEW-SCO,NEWCOMER_138 KV_NEW-SCO:L345.OhioCentral-MuskingumRiver,NEWCOMER 138KV - SCOSHOCT 138KV (NEWCOMER 138 KV NEW-SCO) L345.OhioCentral-MuskingumRiver
NILESVAL-SABINSVL VM 1053 B 115 KV,NILESVAL_115 KV_NIL-SAB:ACTUAL,NILESVAL-SABINSVL VM 1053   A  115 KV BASE
PRGEORGE230 KV  TX1,PRGEORGE_230 KV_TX1:L230.Chesterfield-Hopewell.228,PRGEORGE 230KV - PRGEORGE 115KV (PRGEORGE 230 KV TX1) L230.Chesterfield-Hopewell.228
WEFOSTOR138 KV WEF-02W1,WEFOSTOR_138 KV_WES-WOOD:L345.FostoriaCentral-Lallendorf,WEFOSTOR138 KV  WEF-02W1 L345.FostoriaCentral-Lallendorf
CHARLERO138 KV  CHA-YUK,CHARLERO_138 KV_CHA-YUK:L138.Charleroi-Belmon-SheplerJCT-Mitchell-Yukon,YUKON 138KV - CHARLERO 138KV (CHARLERO 138 KV CHA-YUK) L138.Charleroi-Belmon-SheplerJCT-Mitchell-Yukon
WESTGLOW138 KV  WES-WUR,WESTGLOW_138 KV_WES-WUR:L765.JacksonsFerry-Cloverdale + Relay.Fail,WESTGLOW 138KV - WURNO 138KV (WESTGLOW 138 KV WES-WUR) Cloverdale-Jacksons Ferry 765kV
ALTAVSTA_T2_138TX4_XF,ALTAVSTA_138 KV_TX4:L500.Dooms-Lexington.555,ALTAVSTA 115KV - ALTAVSTA 138KV (ALTAVSTA 138 KV TX4) L500.Dooms-Lexington.555
BAYS_138KVBAY-WOL_1_LN,BAYS_138 KV_BAY-WOL:ACTUAL,BAYS 138KV - WOLFRUN 138KV (BAYS 138 KV BAY-WOL) L765.Kammer-Belmont-Mountaineer+765/500.Belmont.T5
DICKERSH230 KV  DIC-QUI4,DICKERSH_230 KV_DIC-QUI4:L500.Brighton-Doubs.5055,DICKERSH 230KV - QUINCEOR 230KV (DICKERSH 230 KV DIC-QUI4) L500.Brighton-Doubs.5055
CLOUD_115KVCLO-KERR_1_LN,CLOUD_115 KV_CLO-KERR:L500.Cloverdale-Lexington.566,KERRDAM 115KV - CLOUD 115KV (CLOUD 115 KV CLO-KERR) L500.Cloverdale-Lexington.566
ALLDAM6 138 KV ALLDAM6-KITTANNI SP-KT,ALLDAM6_138 KV_ALL-KIT:L115.Glory-Seward,ALLDAM6-KITTANNI SP-KT      A  138 KV 345/115.ErieWest.T1
BIGGRAVE138 KV  BIG-KAM,BIGGRAVE_138 KV_BIG-KAM:ACTUAL,KAMMER2 138KV - BIGGRAVE 138KV (BIGGRAVE 138 KV BIG-KAM) L345.Kammer-WestBellaire
CLINTOCS138 KV  CLI-STC1,CLINTOCS_138 KV_CLI-STC1:ACTUAL,CLINTOCS 138KV - STCLAIR2 138KV (CLINTOCS 138 KV CLI-STC1) L345.Hayden-HyattCS
HAMI APS 138 KV HAMI APS-WEIRTON 200I,HAMI APS_138 KV_HAM-WEI:L500.Cabot-Cranberry,WEIRTON 138KV - HAMI APS 138KV (HAMI APS 138 KV HAM-WEI) L500.Cabot-Cranberry
BUREAU-LTVSTEEL BUR-LTVS    A  138 KV,BUREAU_138 KV_BUR-LTVS:L138.Hennepin-LTVSteel-Woodhall,BUREAU 138KV - LTVSTEEL 138KV (BUREAU 138 KV BUR-LTVS) BASE
BETHESDA138 KV  BET-HAR5,BETHESDA_138 KV_BET-HAR5:ACTUAL,BETHESDA 138KV - HARRISN 138KV (BETHESDA 138 KV BET-HAR5) BASE
SHERWOOD115 KV  91C,SHERWOOD_115 KV_91C:L500.Dooms-Valley.549,TRANSCO 115KV - SHERWOOD 115KV (SHERWOOD 115 KV 91C) L500.Dooms-Valley.549
FOSTORIA345 KV  .  1,FOSTORIA_345 KV_. 1:L345.SouthBerwick-FostoriaCentral,FOSTORIA 345KV - FOSTORIA 138KV (FOSTORIA 345 KV .  1) L345.SouthBerwick-FostoriaCentral
EVRGREEN_230KVEVR-YARD_1_LN,EVRGREEN_230 KV_EVR-YARD:L230.Buttermilk-Beaumeade.2152,EVRGREEN 230KV - YARDRIDG 230KV (EVRGREEN 230 KV EVR-YARD) L230.Buttermilk-Beaumeade.2152
PLANEBRO230 KV  PLA-TRE4,PLANEBRO_230 KV_PLA-TRE4:L230.Lenape-Concord.220-70,TREDYFFR 230KV - PLANEBRO 230KV (PLANEBRO 230 KV PLA-TRE4) L230.Lenape-Concord.220-70
BEDINGTO 500 KV BEDINGTO-BLACKOAK 500KV,BEDINGTO_500 KV_BED-BLA_CES:CalvertCliffs.U1(for TLC),CONASTON 500KV - BRIGHTON 500KV (BRIGHTON 500 KV BRI-CNS) CalvertCliffs.U1
ST JOHN - GREENACRE 138 KV L/O ST JOHN - SCHAHFER 345 KV,GREENACR_138 KV_GRE-STJ2:L345.Schahfer-StJohns (NIPS),STJOHNS 138KV - GREENACR 138KV (GREENACR 138 KV GRE-STJ2) L345.Schahfer-StJohns (NIPS)
TANGY 138 KV TANGY -BELLEP TAN-BEL1,TANGY_138 KV_TAN-BEL1:ACTUAL,TANGY 138KV - BELLEP 138KV (TANGY 138 KV TAN-BEL1) BASE
BEDINGTO 500 KV BEDINGTO-BLACKOAK 500KV,FROSTBU1_138 KV_FRO-RID:L500.GreenlandGap-MeadowBrook.540,TRANSFER INTERFACE: AEP-DOM L500.GreenlandGap-MeadowBrook.540
LAUSCHTO230 KV  LAU-SAK4,LAUSCHTO_230 KV_LAU-SAK4:L500.Conastone-PeachBottom.5012,LAUSCHTO 230KV - SAKRON 230KV (LAUSCHTO 230 KV LAU-SAK4) 500/230.Conastone.500-4
BETHESDA138 KV  BET-HAR6,BETHESDA_138 KV_BET-HAR6:ACTUAL,BETHESDA 138KV - HARRISN 138KV (BETHESDA 138 KV BET-HAR6) BASE
FLINT_230KVFLI-UPP_1_LN,FLINT_230 KV_FLI-UPP:RAS.500/230.PeachBottom.T1 + MuddyRun.U5-8,FLINT 230KV - UPPERMER 230KV (FLINT 230 KV FLI-UPP) RAS.500/230.PeachBottom.T1 + MuddyRun.U5-8
BEDINGTO_138KVBED-HAR_1_LN,BEDINGTO_138 KV_BED-HAR:L500.Bedington-Doubs,BEDINGTO138 KV  BED-HAR BEDINGTON-DOUBS & ONE 500kV CAP
GLENLYN 138 KV GLENLYN -PROGRESS GLE1-PRO,GLENLYN_138 KV_GLE1-PRO:L765.Jacksons Ferry -Cloverdale + 138 kV L CB,PROGRESS 138KV - GLENLYN 138KV (GLENLYN 138 KV GLE1-PRO) L765.JacksonsFerry-Cloverdale + Relay.Fail
KEENEY 230 KV KEENEY-STEELE 23009,KEENEY_230 KV_KEE-STE9:L230.Cartanza-SilverRun.23032,KEENEY 230KV - STEELE 230KV (KEENEY 230 KV KEE-STE9) L230.Cartanza-SilverRun.23032
CHAPELST_138KVCHA-HAR_1_LN,CHAPELST_138 KV_CHA-HAR:L138.Harmony-Kiamensi.13828,HARMONY 138KV - CHAPELST 138KV (CHAPELST 138 KV CHA-HAR) L138.Harmony-Kiamensi.13828
COLONIAL 115 KV COL.PIPE-RRIDGE2 110512,COLONIAL_115 KV_COL-GLE2:L500.Brighton-Conastone.5011,ROCKRIDG 115KV - COLONIAL 115KV (COLONIAL 115 KV COL-ROC2) L500.Brighton-Conastone.5011
CROMBY_69KVCRO-MOS1_1_LN,CROMBY_69 KV_CRO-MOS1:ACTUAL,CROMBY  69 KV   CRO-MOS1 L69.Cromby - Limertap - Moser.6680
DARLEYRD_69KVDAR-NAA_1_LN,DARLEYRD_69 KV_DAR-NAA:L500.Keeney-RockSprings.5025,NAAMANS 69KV - DARLEYRD 69KV (DARLEYRD 69 KV DAR-NAA) L500.Keeney-RockSprings.5025
MIDDLETO 138 KV MIDDLETO-MTPLEASN 13808-2,MIDDLETO_138 KV_MID-MTP:Keeney-Steele.23001,MTPLEASN 138KV - MIDDLETO 138KV (MIDDLETO 138 KV MID-MTP) Keeney-Steele.23001
KAMMER2 765 KV  400,KAMMER2_765 KV_400:Tidd.Cardinal.U1,KAMMER2 765KV - KAMMER2 345KV (KAMMER2 765 KV 400) Tidd.Cardinal.U1
MAKAHOY 138 KV  MAK-STR,MAKAHOY_138 KV_MAK-STR:L765.Dumont-Sorenson,STRAWTON 138KV - MAKAHOY 138KV (MAKAHOY 138 KV MAK-STR) L765.Dumont-Sorenson
LAKIN 138 KV LAKIN-GAVINAEP,LAKIN_138 KV_LAK-SPO1:GAVIN SPORN2 138KV LINE,LAKIN 138KV - GAVINAEP 138KV (LAKIN 138 KV LAK-GAV1) L138.Gavin-Sporn.2
MILLBROO138 KV  MIL-SIN1,MILLBROO_138 KV_MIL-SIN1:L765.Marysville-Sorenson,MILLBROO 138KV - SINKINGS 138KV (MILLBROO 138 KV MIL-SIN1) L765.Marysville-Sorenson
LENOX   115 KV  LEN-MAC,LENOX_115 KV_LEN-MAC:L500.Hopatcong-Lackawanna.5063,LENOX 115KV - MACNEW_T 115KV (LENOX 115 KV LEN-MAC) L500.Hopatcong-Lackawanna.5063
WEFOSTOR138 KV  WES-WOOD,WEFOSTOR_138 KV_WES-WOOD:L345.EastLima-FostoriaCentral,WOODVLTE 138KV - WEFOSTOR 138KV (WEFOSTOR 138 KV WES-WOOD) L345.EastLima-FostoriaCentral
N LAKE GENEVA TAP BURLINGTON 138KV FLO UNIVERSITY MUKWONAGO 138,BRLGTN43_138 KV_39267393:University-Mukwonago 138kV,NLK GV 3 138KV - BRLGTN43 138KV (BRLGTN43 138 KV 39267393) University-Mukwonago 138kV
COLONIAL 115 KV COL.PIPE-GLENARM1 110511,COLONIAL_115 KV_COL-ROC1:L230.Graceton-Bagley-RaphaelRoad.2305,COLONIAL 115KV - GLENARM 115KV (COLONIAL 115 KV COL-GLE1) L230.Graceton-Bagley-RaphaelRoad.2305
MIDDLETO 138 KV MIDDLETO-MTPLEASN 13808-2,MIDDLETO_138 KV_MID-TOW:Keeney-Steele.23009,MTPLEASN 138KV - MIDDLETO 138KV (MIDDLETO 138 KV MID-MTP) L230.Keeney-Steele.23009
DIMMICK 138 KV  08D-POR1,DIMMICK_138 KV_08D-POR1:ACTUAL,PORTUNIO 138KV - DIMMICK 138KV (DIMMICK 138 KV 08D-POR1) BASE
BUTL APS 138 KV BUTL APS-KARNSCIT KC-BT,BUTL APS_138 KV_BUT-KAR:L500.Keystone-SouthBend.5001(513),BUTL APS 138KV - KARNSCIT 138KV (BUTL APS 138 KV BUT-KAR) L500.Keystone-SouthBend.5001(513)
STAFFORD 230 KV 2104B,STAFFORD_230 KV_2104B:ACTUAL,STAFFORD230 KV  2104B 500/230.Ladysmith.T1
GORDONSV230 KV  TX1,GORDONSV_230 KV_TX1:L230.Gordonsville-CashCorn-Hollymead.2135,GORDONSV 230KV - GORDONSV 115KV (GORDONSV 230 KV TX1) L230.Gordonsville-CashCorn-Hollymead.2135
GRANDVIE_115KVGRA-HAY_1_LN,GRANDVIE_115 KV_GRA-HAY:L115.Eclipse-Piney.1038,GRANDVIE 115KV - HAYNIE 115KV (GRANDVIE 115 KV GRA-HAY) L115.Eclipse-Piney.1038
TODD 69 KV TODD-VIENNALO 6702-1,TODD_69 KV_TOD-VNL:L138.Steele-Easton.13712,VIENNA-VIENNALO 6702-2      A  69 KV 138/69.Easton.AT1 + L138.Steele-Easton.13712
QUARRY_69KVQUA-SFA_1_LN,QUARRY_69 KV_QUA-SFA:L500.Hosensack-SteelCity.5032,QUARRY 69KV - SFARMERS 69KV (QUARRY 69 KV QUA-SFA) L500.Hosensack-SteelCity.5032
111_ELEC_T7_345TR81CT-P_XF,111 ELEC_138 KV_TR81CT-S:345L11124 Electric Jct-Lombard 345 kV Line,111 ELEC138 KV  TR81CT-S 345L11124 Electric Jct-Lombard 345 kV Line
CARLOJCT 138 KV CARLOJCT-RIDGELEY AR3,CARLOJCT_138 KV_CAR-GAR:L500.Black Oak-Hatfield,CARLOJCT-GARRETT AR2        A  138 KV CUMB APS-RIDGELEY  (APS)
JORDAN - W FRANKFORT E 138 KV L/O W FRANKFORT E - MT VERNON 345 KV,E W FKF3_138 KV_EWF-JORD:Mt Vernon-EWFKF3 345 kV,N Coulterville 138/230 Xfmr flo W Frankfort-E Mt Vernon 345 Mt Vernon-EWFKF3 345 kV
BUTL_APS_138KVBUT-KAR_1_LN,BUTL APS_138 KV_BUT-KAR:L345.HandsomeLake-Wayne,BUTL APS 138KV - KARNSCIT 138KV (BUTL APS 138 KV BUT-KAR) L345.HandsomeLake-Wayne
CLIFTON 500 KV  TX2,CLIFTON_500 KV_TX2:L500.Loudoun-Morrisville.569,CLIFTON 500KV - CLIFTON 230KV (CLIFTON 500 KV TX2) L500.Loudoun-Morrisville.569
PLUM    138 KV  PLU-UNI,PLUM_138 KV_PLU-UNI:L500.SouthBend-Yukon,PLUM 138KV - UNIVERSA 138KV (PLUM 138 KV PLU-UNI) L500.SouthBend-Yukon
SHAWVILL 230 KV SHAWVILL BNK 2A-P XFORMER,SHAWVILL_18 KV_BNK 2A-T:Shawville.U1,SHAWVILL 230KV - SHAWVILL 1KV (SHAWVILL 230 KV BNK 2A-P) Shawville.U1
BRIGHTON500 KV  BRI-WAU,BRIGHTON_500 KV_BRI-WAU:L500.BurchesHill-PossumPoint.560,BRIGHTON 500KV - WAUGHCHA 500KV (BRIGHTON 500 KV BRI-WAU) L500.BurchesHill-PossumPoint.560
FRANKLIN 115 KV FRANKLIN-WWHARTON J932-1,FRANKLIN_115 KV_FRA-VERD:ACTUAL,WWHARTON 115KV - FRANKLIN 115KV (FRANKLIN 115 KV FRA-WWHJ) BASE
POLANDRD230 KV  2183A,POLANDRD_230 KV_2183A:L230.EvergreenMills-Brableton.2172,BRAMBLET 230KV - POLANDRD 230KV (POLANDRD 230 KV 2183A) L230.EvergreenMills-Brableton.2172
HOMERCIT345 KV  HOM-MAI,HOMERCIT_345 KV_HOM-MAI:L230.ETowanda-Hillside.2002 [NYISO],HOMERCIT 345KV - MAINESBG 345KV (HOMERCIT 345 KV HOM-MAI) L230.ETowanda-Hillside.2002 [NYISO]
CEDARCRE230 KV  AT20,CEDARCRE_230 KV_AT20:L230.Cartanza-Milford.23033,CEDARCRE 230KV - CEDARCRE 138KV (CEDARCRE 230 KV AT20) L230.Cartanza-Milford.23033
171 WEMPLETOWN TR84 L/O CHERRY VALLEY-15622-SABROOKE.15622 138KV,171 WEMP_345 KV_TR84CT-P:L138.CherryValley-15622-Sabrooke.15622,171 WEMP 345KV - 171 WEMP 1KV (171 WEMP 345 KV TR84CT-P) L138.CherryValley-15622-Sabrooke.15622
PLEASNT 138 KV PLEASNT -STMARYS STM-PLE,PLEASNT_138 KV_STM-PLE:L500.Belmont-FlintRun.528,PLEASNT 138KV - STMARYS 138KV (PLEASNT 138 KV STM-PLE) L500.Belmont-FlintRun.528
CARLYLES230 KV  CAR-NRTH,CARLYLES_230 KV_CAR-NRTH:L500.Clifton-Ox.561+500/230.Clifton.TX2,CARLYLES 230KV - NRTHALEX 230KV (CARLYLES 230 KV CAR-NRTH) L500.Clifton-Ox.561+500/230.Clifton.TX2
MAHANSLA_138KVMAH-TID_1_LN,MAHANSLA_138 KV_MAH-TID:L345.Toronto-WylieRidge,TIDD_AEP 138KV - MAHANSLA 138KV (MAHANSLA 138 KV MAH-TID) L345.Toronto-WylieRidge
12 DRESDEN 45TR81 CT H 345 KV,143 WOLF_345 KV_TR81CT-P:L345.12 Dresden-111 ElctrcJct.1223+12 Dresden.TR83,12 DRESD 345KV - 12 DRESD 1KV (12 DRESD 345 KV TR81CT-P) L138.Mazon-CrescentRdg-Oglesby.7713 (Oglesby Tap)
WHITAKER115 KV  1001B,WHITAKER_115 KV_1001B:L500.Morrisville-Spotsylvania.594,WHITAKER 115KV - CONSLDSL 115KV (WHITAKER 115 KV 1001B) L500.Morrisville-Spotsylvania.594
BUNSONVILLE-EUGENE TIE 345KV L/O RUBY-KANSAS 345KV,EUGENE_345 KV_EUG-BUN1:L345.Ruby-Kansas,BUNSONV3 345KV - EUGENE 345KV (EUGENE 345 KV EUG-BUN1) L345.Ruby-Kansas
JOHNSOFE138 KV  JOH-LAK2,JOHNSOFE_138 KV_JOH-LAK2:Carlisle (FE) 345/138 kV Transformer,LAKEAVE2 138KV - JOHNSOFE 138KV (JOHNSOFE 138 KV JOH-LAK2) Carlisle (FE) 345/138 kV Transformer
MASURY  138 KV  MAS-CRO1,MASURY_138 KV_MAS-CRO1:L345.Niles-Shenango,CROSSFE 138KV - MASURY 138KV (MASURY 138 KV MAS-CRO1) L345.Niles-Shenango
MIDDLJCT 115 KV MIDDLJCT-YORKHAVE 977-1,MIDDLJCT_115 KV_MID-YOR8:L115.Jackson-JEBaker-Taxville.966 (Sctnlz),MIDDLJCT 115KV - YORKHAVE 115KV (MIDDLJCT 115 KV MID-YOR8) L115.Jackson-JEBaker-Taxville.966 (Sctnlz)
LIMERICK500 KV  LIM 4B-P,LIMERICK_500 KV_LIM 4B-P:L230.Limerick-Cromby.220-60,LIMERICK 1KV - LIMERICK 500KV (LIMERICK 500 KV LIM 4B-P) L230.Limerick-Cromby.220-60
NEWCARLI-PLETCHER NEW-PLE   A  138 KV,NEWCARLI_138 KV_NEW-PLE:L345.Argenta-TwinBranch,NEWCARLI 138KV - PLETCHER 138KV (NEWCARLI 138 KV NEW-PLE) L345.Argenta-TwinBranch
SCOTTSVI 138 KV SCOTTSVI-BREMO_VP,SCOTTSVI_138 KV_SCO-BRE1:BREMO 230/115 TX#9,SCOTTSVI-BREMO_VP           B  138 KV 230/115.Bremo.TX9
AEP-DOM CONTINGENCY 43,AEP-DOM contingency 43 L500.Bismark-MtStorm,AEP-DOM contingency 22 L500.Bismark-Doubs
CARL_PN_115KVCAR-GAR_1_LN,CARL PN_115 KV_CAR-GAR:L500.Hunterstown-Conastone.5013,GARDNERS 115KV - CARL PN 115KV (CARL PN 115 KV CAR-GAR) L500.Hunterstown-Conastone.5013
50045005 43,50045005 43 L500.Hopatcong-Lackawanna.5063,50045005 43 L500.Hopatcong-Lackawanna.5063
KENTN_LG138 KV  SPU-KENT,KENTN_LG_138 KV_SPU-KENT:L345.Spurlock - NorthClark (EKPC),SPURLOCK 138KV - KENTN_LG 138KV (KENTN_LG 138 KV SPU-KENT) L345.Spurlock-NorthClark
SPRINGCR 138 KV SPRINGCR-WOLFHILL,SPRINGCR_138 KV_SPR-WOL2:L500.Broadford-Sullivan (TVA) Tie,WOLFHILL 138KV - SPRINGCR 138KV (SPRINGCR 138 KV SPR-WOL2) L500.Broadford-Sullivan (TVA) Tie
HOOVERSV 115 KV HOOVERSV-TOWER51 H1H2 1071,HOOVERSV_115 KV_HOO-TOW:L115.Hilltop-Krayn-RachelHill (HillclayJct&Salix),TOWER51 115KV - HOOVERSV 115KV (HOOVERSV 115 KV HOO-TOW) L115.Hilltop-Krayn-RachelHill (HillclayJct&Salix)
BAIR 115 KV BAIR-JACK ME 969-2,BAIR_115 KV_BAI-HIL:230/115.Yorkana.T3,JACK ME 115KV - BAIR 115KV (BAIR 115 KV BAI-JAC) 230/115.Yorkana.T3
CONC BC 115 KV  CON-MON3,CONC BC_115 KV_CON-MON3:L500.Brighton-Conastone.5011,MONUMEST 115KV - CONC BC 115KV (CONC BC 115 KV CON-MON3) L500.Brighton-Conastone.5011
BUCKSKIN69 KV   BUC-GRE1,BUCKSKIN_69 KV_BUC-GRE1:L345.Clinton-Greene,BUCKSKIN 69KV - GREENFIE 69KV (BUCKSKIN 69 KV BUC-GRE1) L345.Clinton-Greene
COLLINSV 138 KV COLLINSV-HUSTON 3281,COLLINSV_138 KV_HUS-COL:ACTUAL,TRENTON2-HUSTON  3281       A  138 KV Desoto T1 345/138kV (Sectionalized)
ALLLUD4J 138 KV ALLLUD4J-ALLDAM6 ALJ-ALL,ALLLUD4J_138 KV_ALJ-ALL:L138.Springdale-MurryCrest (Sctnlz),ALLDAM6 138KV - ALLLUD4J 138KV (ALLLUD4J 138 KV ALJ-ALL) L138.Springdale-MurryCrest (Sctnlz)
CARS DUQ345 KV  CAR-TEC,CARS DUQ_345 KV_CAR-TEC:ACTUAL,TECUMSEH 345KV - CARS DUQ 345KV (CARS DUQ 345 KV CAR-TEC) BASE
BROADFO2138 KV  BRO-SAL1,BROADFO2138 KV BRO-SAL2 VirginiaCity.U1,LINE    138 KV  BRO-SAL2 BROADFO2138 KV  C       CB      OPEN    BROADFO2138 KV  C1      CB      OPEN    SALTVILL138 KV  L
PAXTON EAST - GIFFORD 138 KV L/O MORRISON - GOODLAND 138 KV,GIFFORD_138 KV_GIF-PAX:Goodland-Morrison 138kV,Paxton East-Rantoul Jct l/o Goodland-Morrison & Goodland Xfmr 1 Godlnd-Morrison 138kV + GodLnd 69/138kV XF1
HOPECREE_230KVHOP-SIL_1_LN,HOPECREE_230 KV_HOP-SIL:L500.Keeney-RockSprings.5025,HOPECREE 230KV - SILVERUN 230KV (HOPECREE 230 KV HOP-SIL) L500.Keeney-RockSprings.5025
MADDOXCR345 KV  ELI-MAD,MADDOXCR_345 KV_ELI-MAD:L765.HangingRock-Jefferson,MADDOXCR 345KV - ELIMA 345KV (MADDOXCR 345 KV ELI-MAD) L765.HangingRock-Jefferson
KANAWHAR 345 KV KANAWHAR . B XFORMER,KANAWHAR_345 KV_KAN-MAT1:L765.Culloden-Wyoming,KANAWHAR 345KV - KANAWHAR 138KV (KANAWHAR 345 KV .  B) L765.Culloden-Wyoming
14403 138 KV 14403 -951 AURO 14403 1,14403_138 KV_14403 1:ACTUAL,951 AURO 138KV - 14403 138KV (14403 138 KV 14403 1) 138L11103 Electric Jct-Aurora 138 kV Line
SWLIMA  138 KV  SWL-WMO1,SWLIMA_138 KV_SWL-WMO1:L500.Cloverdale-Lexington.566,SWLIMA 138KV - WMOULTON 138KV (SWLIMA 138 KV SWL-WMO1) L500.Cloverdale-Lexington.566
PRESTON-TANYARD 6716-5 B 69 KV,PRESTON_69 KV_PRE-TAN:L138.Loretto-Vienna.13780,TANYARD 69KV - PRESTON 69KV (PRESTON 69 KV PRE-TAN) L138.Loretto-Vienna.13780
FLORENCE 115 KV FLORENCE-SEWARD BL 1066,SEWARD_115 KV_SEW-TOW:L500.Conemaugh-Keystone.5003,FLORENCE-SEWARD BL 1066     B  115 KV 500/230.Keystone.T3
ATHENIA_230KVATH-BERA_1_LN,ATHENIA_230 KV_ATH-BERA:ACTUAL,ATHENIA 230KV - BERGEN 230KV (ATHENIA 230 KV ATH-BERA) L230.Maywood-Saddlebrook.G-2259
FALLS 138 KV FALLS -STEELTAP FAL-STE,FALLS_138 KV_FAL-STE:L230.Eddington-Holmesburg-Richmond.220-56,FALLS 138KV - STEELTAP 138KV (FALLS 138 KV FAL-STE) L230.Eddington-Holmesburg-Richmond.220-56
DOEX530 345 KV  DOE-PIE2,DOEX530_345 KV_DOE-PIE2:RAS.L765.Jefferson-Rockport + Rockport.U2,DOEX530 345KV - PIERCE 345KV (DOEX530 345 KV DOE-PIE2) RAS.L765.Jefferson-Rockport + Rockport.U1
BRIGHTON230 KV  BRI-MTZ4,BRIGHTON_230 KV_BRI-MTZ4:L500.BurchesHill-PossumPoint.560,BRIGHTON 230KV - MTZION 230KV (BRIGHTON 230 KV BRI-MTZ4) L500.BurchesHill-PossumPoint.560
COLLINSV 138 KV COLLINSV-HUSTON 3281,COLLINSV_138 KV_HUS-COL:L345.TannersCreek-Dearborn.1,COLLINSV 138KV - HUSTON 138KV (COLLINSV 138 KV HUS-COL) L345.TannersCreek-Dearborn.1
PANTEGO 115 KV  PAN-TERR,PANTEGO_115 KV_PAN-TERR:ACTUAL,TERRA 115KV - PANTEGO 115KV (PANTEGO 115 KV PAN-TERR) BASE
MIDDLJCT 230 KV MIDDLJCT-SLEBANON 1004,SLEBANON_230 KV_1BANK:L230.Ironwood-NorthLebanon,SLEBANON 230KV - MIDDLJCT 230KV (MIDDLJCT 230 KV MID-SLE) L230.Ironwood-NorthLebanon
FORTROBI-WOLFHILL B 138 KV,FORTROBI_138 KV_FOR-NAG1:L500.Broadford-Sullivan (TVA) Tie,FORTROBI 138KV - WOLFHILL 138KV (FORTROBI 138 KV FOR-WOL1) L500.Broadford-Sullivan (TVA) Tie
ALLENIM 345 KV  ALL-RPM,ALLENIM_345 KV_ALL-RPM:L765.Kammer-Belmont-Mountaineer+765/500.Belmont.T5,ALLENIM 345KV - RPMONE 345KV (ALLENIM 345 KV ALL-RPM) L765.Kammer-Belmont-Mountaineer+765/500.Belmont.T5
MINUEST 230 KV MINUEST-SEWAREN R-2218,MINUEST_230 KV_MIN-SEW2:L230.Sewaren-MinueStreet-Linden.R-2218,SEWAREN 230KV - MINUEST 230KV (MINUEST 230 KV MIN-SEW) L230.Roseland-Whippany.A-941
WESCOSVI 500 KV WESCOSVI 3 XFORMER,WESCOSVI_500 KV_3:ACTUAL,WESCOSVI 3        XFORMER   H  500 KV L500.Alburtis-Branchburg.5016
WAREROAD138 KV  WAR-WAV,WAREROAD_138 KV_WAR-WAV:L138.Highland-Hillsboro,WAVERLY2 138KV - WAREROAD 138KV (WAREROAD 138 KV WAR-WAV) L138.Highland-Hillsboro
GRAYSBRA69 KV GRA-ARG1,GRAYSBRA_69 KV_GRA-ARG1:765/138.NorthProctorville.T2,ARGNT_EK 69KV - GRAYSBRA 69KV (GRAYSBRA 69 KV GRA-ARG1) 765/138.NorthProctorville.T2
MASTER_230KVMAS-NPH_1_LN,MASTER_230 KV_MAS-NPH:ACTUAL,NPHILADE 230KV - MASTER 230KV (MASTER 230 KV MAS-NPH) L500.HopeCreek-Salem.5037
EDWSFERY230 KV  23111,EDWSFERY_230 KV_23111:L500.Brambleton-GooseCreek.558,DICKERSO 230KV - EDWSFERY 230KV (EDWSFERY 230 KV 23111) L500.Brambleton-GooseCreek.558
CLIFTON 500 KV  TX1,GOOSECRE_500 KV_TX1:L500.Clifton-Mosby.559A,LOUDOUN4 500KV - LOUDOUN4 230KV (LOUDOUN4 500 KV TX1) L500.Clifton-Mosby.559A
DEERPARK_115KVDEE-WHI1_1_LN,DEERPARK_115 KV_DEE-WHI1:ACTUAL,DEERPARK 115KV - WHITEROC 115KV (DEERPARK 115 KV DEE-WHI1) BASE
AEP-DOM,AEP-DOM contingency BB:L765.Baker-Broadford,TRANSFER INTERFACE: AEP-DOM 765/138.Broadford.T5
156 CHER 345 KV 156 CHERRY 45TR82 CT,156 CHER_345 KV_TR82CT-P:L345.Byron-Wayne.0626,156 CHER 345KV - 156 CHER 1KV (156 CHER 345 KV TR82CT-P) L345.Byron-Wayne.0626
GRAYSBRA69 KV GRA-ARG1,GRAYSBRA_69 KV_GRA-ARG1:ACTUAL,ARGNT_EK 69KV - GRAYSBRA 69KV (GRAYSBRA 69 KV GRA-ARG1) BASE
66 E FRN138 KV 6605 1,66 E FRN_138 KV_6605 1:ACTUAL,6605 138KV - 66 E FRN 138KV (66 E FRN 138 KV 6605 1) BASE
43 WILDW138 KV  TR73_12,43 WILDW_138 KV_TR73_12:ACTUAL,43 WILDW 12.5KV - 43 WILDW 138KV (43 WILDW 138 KV TR73_12) BASE
AEP-DOM,AEP-DOM contingency 3 L500.BlackOak-Hatfield.542,TRANSFER INTERFACE: AEP-DOM L500.BlackOak-Hatfield.542
WMILTON 345 KV  BK-E,WMILTON_345 KV_BK-E:ACTUAL,WMILTON 345KV - WMILTON 138KV (WMILTON 345 KV BK-E) L345.Bath-Greene
NAPLNN 138 KV NAP-MID,NAPLNN_138 KV_NAP-MID:ACTUAL,NAPLNN  -MIDWAYTE NAP-MID   B  138 KV L138.East Lima-Campbell2-Riley Creek-Yellow Creek
CHURCH 69 KV CHURCH-IBCORN 6710-1,CHURCH_69 KV_CHU-IBC:L138.Steele-Hillsboro-WyeMills.13761/13788,CHURCH-IBCORN 6710-1        A  69 KV L138.Steele-Hillsboro-WyeMills.13761/13788
HOPECREE230 KV  HOP-SIL,HOPECREE_230 KV_HOP-SIL:500/230.RedLion.AT51,HOPECREE 230KV - SILVERUN 230KV (HOPECREE 230 KV HOP-SIL) 500/230.RedLion.AT51
WHITAKER115 KV  1001B,WHITAKER_115 KV_1001B:ACTUAL,CONSLDSL 115KV - WHITAKER 115KV (WHITAKER 115 KV 1001B) L500.BrunswickSwitchingStationHeritage-Wake.570
KEISTERS138 KV  KEI-KRE,KEISTERS_138 KV_KEI-KRE:L500.Cabot-Cranberry,KRENDALE 138KV - KEISTERS 138KV (KEISTERS 138 KV KEI-KRE) L500.Cabot-Cranberry
KELFORD 115 KV  126A,KELFORD_115 KV_126A:L500.BrunswickHeritage-Rawlings.591,KELFORD 115KV - EARLEYS 115KV (KELFORD 115 KV 126A) L500.BrunswickHeritage-Rawlings.591
12 DRESD345 KV  93505_1,12 DRESD_345 KV_93505_1:L345.12 Dresden-900 Elwood.1222,12 DRESD 345KV - 935 KEND 345KV (12 DRESD 345 KV 93505_1) L345.12 Dresden-900 Elwood.1222
REMINGTN115 KV  TX1,REMINGTN_115 KV_TX1:ACTUAL,REMINGTN 35KV - REMINGTN 115KV (REMINGTN 115 KV TX1) BASE
BEAVER  138 KV  TB1AB,BEAVER_138 KV_TB1AB:ACTUAL,BEAVER 138KV - BEAVER 13.2KV (BEAVER 138 KV TB1AB) BASE
GARRETT 138 KV GARRETT TRAN 2 XFORMER,GARRETT_138 KV_TRAN 2:ACTUAL,GARRETT 138 KV  TRAN  2 Conastone-Peach Bottom (5012) 500 kV line
BAYONNE 345 KV  BYO-NOR,BAYONNE_345 KV_BYO-NOR:ACTUAL,NORTHAV 345KV - BAYONNE 345KV (BAYONNE 345 KV BYO-NOR) BASE
BERWICK 69 KV BERWICK-KOONSVIL,HANOVER_69 KV_HAN-PLY:230/66.Mountain.T2 (Sctnlz),GLENBROO 69KV - KOONSVIL 69KV (GLENBROO 69 KV GLE-KOON) 230/66.Mountain.T2 (Sctnlz)
BEAV DUQ138 KV BEA-VAL,BEAV DUQ_138 KV_BEA-VAL:345/138.Crescent.T1,BEAV DUQ138 KV  BEA-VAL 345/138.Crescent.T1
MINUEST 230 KV MINUEST-SEWAREN R-2218,MINUEST_230 KV_MIN-SEW:L500.Branchburg-Hopatcong.5060,SEWAREN 230KV - MINUEST 230KV (MINUEST 230 KV MIN-SEW) L500.Branchburg-Hopatcong.5060
RICHLND 138 KV RICHLND-NAOMIJUN,RICHLND_138 KV_RIC-WAUS:L138.Richland-Ridgeville-Stryker,RICHLND-NAOMIJUN            A  138 KV L138.EastLeipsic-Richland
STRYKER 138 KV  STR-EFAY,STRYKER_138 KV_STR-EFAY:ACTUAL,E_FAYET 138KV - STRYKER 138KV (STRYKER 138 KV STR-EFAY) BASE
MESSICRD_138KVMES-RID_1_LN,MESSICRD_138 KV_MES-RID:ACTUAL,RIDGELEY 138KV - MESSICRD 138KV (MESSICRD 138 KV MES-RID) L500.Bedington-BlackOak
BAYS_138KVBAY-WOL_1_LN,BAYS_138 KV_BAY-WOL:L500.Cloverdale-Lexington.566,BAYS 138KV - WOLFRUN 138KV (BAYS 138 KV BAY-WOL) L500.Cloverdale-Lexington.566
NWTAP-PURDUE 138 KV L/O WESTWOOD-NWTAP-WESTLAFAYETTE,LAFAYSOU_138 KV_LAF-SHA:Westwood-08NW_Tap-WLafyett 138+Purdue-Lafaycin 138,NWTap-Purdue 138 kV l/o Westwood-NWTap-WestLafayette L138.Westwood-08NW_Tap-WLafyett
GEISINGR69 KV   GEI-POI1,GEISINGR_69 KV_GEI-POI1:L230.Columbia-Montour+230/69.Columbia.T2,POINT1 69KV - GEISINGR 69KV (GEISINGR 69 KV GEI-POI1) L230.Columbia-Montour+230/69.Columbia.T2
PLYWOOD_115KV151A_1_LN,PLYWOOD_115 KV_151A:L500.Cloverdale-Lexington.566,SEDGEHIL 115KV - PLYWOOD 115KV (PLYWOOD 115 KV 151A) L500.Cloverdale-Lexington.566
FLINTRUN_T2_500T1_XF,FLINTRUN_500 KV_T2:L500.FlintRun-Harrison.598,FLINTRUN 500KV - FLINTRUN 138KV (FLINTRUN 500 KV T2) L500.FlintRun-Harrison.598
ROXANNA - MITCHELL 138 KV L/O WILTON CENTER - DUMONT 765 KV,MAHANSLA_138 KV_MAH-TID:L765.Dumont-Wilton Center.11215,LINE    138 KV  State Line-Roxanna 138 kV l/o Wilton Center-Dumont 765 kV FG LINE    765 KV  DUM-WIL1CMPLINE DUMMY
BOUTWELL_138KVBOU-ELIM_1_LN,BOUTWELL_138 KV_BOU-ELIM:ACTUAL,ELIMA 138KV - BOUTWELL 138KV (BOUTWELL 138 KV BOU-ELIM) L138.EastLima-NWoodcock
PLEASNTV TX3 XFORMER L 230 KV,PLEASNTV_500 KV_TX3:ACTUAL,PLEASNTV TX3      XFORMER   H  500 KV 500/230.Brighton.3
COLLIER 345 KV COLLIER T1 XFORMER,COLLIER_345 KV_T1:Collier-Brunot Island 345kV [304] Line,COLLIER 345KV - COLLIER 138KV (COLLIER 345 KV T1) L345.Collier-Brunot Island.304
CUMB PL 230 KV CUMB PL-JUNIATA 2235,CUMB PL_230 KV_CUM-JUN:L500.Hunterstown-Conastone.5013,JUNIATA 230KV - CUMB PL 230KV (CUMB PL 230 KV CUM-JUN) L500.Hunterstown-Conastone.5013
BETHLEHE_138KVBET-BRU_1_LN,BETHLEHE_138 KV_BET-BRU:ACTUAL,BETHLEHE138 KV  BET-BRU 345/138.Tidd.C
MIAMIFOR138 KV MIA-HEB,MIAMIFOR_138 KV_MIA-HEB:L345.MiamiFort-Terminal.4514,MIAMIFOR 138KV - HEBRON1 138KV (MIAMIFOR 138 KV MIA-HEB) L345.MiamiFort-Terminal.4514
JEFFRSON230 KV  241B,JEFFRSON_230 KV_241B:L500.Clifton-Ox.561+500/230.Clifton.TX2,VAHILLS 230KV - JEFFRSON 230KV (JEFFRSON 230 KV 241B) L500.Clifton-Ox.561+500/230.Clifton.TX2
ASTON   138 KV  AST-BIG,ASTON_138 KV_AST-BIG:ACTUAL,ASTON   138 KV  AST-BIG L345.Kammer-West Bellair-Tidd
ARLAND - MATTOON WEST 138 KV L/O ARLAND - KANSAS 345 KV,ARLD_138 KV_ARL-MATO:Arland - Kansas 345 kV,ARLD 138KV - MATOONW 138KV (ARLD 138 KV ARL-MATO) Arland - Kansas 345 kV
GARDNERS_115KVGAR-TEX_1_LN,GARDNERS_115 KV_GAR-TEX:L500.Bedington-Doubs,TEXSEAST 115KV - GARDNERS 115KV (GARDNERS 115 KV GAR-TEX) L500.Bedington-Doubs
SHADEGAP115 KV SHA-THR,SHADEGAP_115 KV_SHA-THR:L500.Juniata-Keystone.5004,THREESPR 115KV - SHADEGAP 115KV (SHADEGAP 115 KV SHA-THR) L500.Juniata-Keystone.5004
11 FISK 345 KV  TR81CT-P,11 FISK_138 KV_TR82CT-S:ACTUAL,11 FISK 345 KV  TR81CT-P 153 TAYLOR TR82
37 NATOM 138 KV 37 NATOMA 38L11412 M,37 NATOM_138 KV_3705:ACTUAL,648 NORR 138KV - 37 NATOM 138KV (37 NATOM 138 KV 3707) BASE
12 DRESD 345 KV 12 DRESDEN 45TR83 CT,12 DRESD_345 KV_TR83CT-P:L345.Loretto-WiltonCenter.11212,12 DRESD 345KV - 12 DRESD 1KV (12 DRESD 345 KV TR83CT-P) L345.Loretto-WiltonCenter.11212
CABINRUN_230KVCAB-YARR_1_LN,CABINRUN_230 KV_CAB-YARR:L230.GooseCreek-Ashburn-Beaumeade.227,YARDRIDG 230KV - CABINRUN 230KV (CABINRUN 230 KV CAB-YARR) L230.GooseCreek-Ashburn-Beaumeade.227
ECLIPSE 115 KV ECL-PIN,ECLIPSE_115 KV_ECL-PIN:ACTUAL,PINEY 115KV - ECLIPSE 115KV (ECLIPSE 115 KV ECL-PIN) L230.Glade-Warren.2088
PRESTON-TANYARD 6716-5 B 69 KV,TODD_69 KV_TOD-VNL:L69.Easton-TrappeTap-Talbt-Tanyd-Preston-Todd.6716,TANYARD 69KV - PRESTON 69KV (PRESTON 69 KV PRE-TAN) L69.Todd-ViennaLocal-Vienna.6702
PUMPHREY115 KV  PUM-VIA8,PUMPHREY_115 KV_PUM-VIA8:ACTUAL,PUMPHREY 115KV - VIADUCAV 115KV (PUMPHREY 115 KV PUM-VIA8) BASE
68 LASAL138 KV 15317 1,68 LASAL_138 KV_15317 1:ACTUAL,153 TAYL 138KV - 68 LASAL 138KV (68 LASAL 138 KV 15317 1) BASE
SALTVILL138 KV  SAL-TAZ1,SALTVILL_138 KV_SAL-TAZ1:L765.Broadford-JacksonsFerry + B138.Broadford.R,SALTVILL 138KV - TAZEWELL 138KV (SALTVILL 138 KV SAL-TAZ1) L765.Broadford-JacksonsFerry+B138.Broadford.RL3
EDELPHOS69 KV   EDE-NDE,EDELPHOS_69 KV_EDE-NDE:ACTUAL,NDELPHOS 69KV - EDELPHOS 69KV (EDELPHOS 69 KV EDE-NDE) 138/69.WestMoulton.T1
HARRISCS138 KV  HAR-OBE1,HARRISCS_138 KV_HAR-OBE1:ACTUAL,HARRISCS 138KV - OBETZ 138KV (HARRISCS 138 KV HAR-OBE1) L345.Hayden-HyattCS
ALTOONA 230 KV ALTOONA-RAYSTOWN ALT 2001,SAXTON_115 KV_SAX-THR:Altoona-Raystown.2001 230kv,ALTOONA-RAYSTOWN ALT 2001   B  230 KV L500.Juniata-Keystone.5004
CARNEGIE 138 KV CARNEGIE-TIDD 138 KV,CARNEGIE_138 KV_CAR-TID:L345.Tidd-Collier,MAHANSLA138 KV  MAH-TID WEIRTON-CARNEGIE-TIDD (224) 138 KV (APS)
GLENDON 115 KV GLENDON-HOSENSAC 914,GLENDON_115 KV_GLE-HOS:Portland #3 230/115 kV Transformer,GLENDON-HOSENSAC 914        B  115 KV L230.Gilbert-Springfield
SWLIMA  138 KV  SWL-WMO1,SWLIMA_138 KV_SWL-WMO1:L138.AllenIM-Logtown,SWLIMA 138KV - WMOULTON 138KV (SWLIMA 138 KV SWL-WMO1) L138.AllenIM-Logtown
MARTINSC69 KV   MAR-NAZ2,MARTINSC_230 KV_MAR-POR:ACTUAL,MARTINSC69 KV   MAR-NAZ2 BASE
DECATUR JUNCTION - EAST MAIN STREET 138 KV L/O ADM NORTH - MT ZION 138 KV,1522A TP_138 KV_1522 1:ADM North - Mt Zion 138 kV,1522A TP 138KV - EAST MAI 138KV (1522A TP 138 KV 1522   1) ADM North - Mt Zion 138 kV
DARROW  138 KV  DAR-02T1,DARROW_138 KV_DAR-02T1:ACTUAL,DARROW 138KV - 02TEREX 138KV (DARROW 138 KV DAR-02T1) BASE
MTSTORM4_500KVMTS-PRU_1_LN,MTSTORM4500 KV MTS-PRU MT. STORM RSS2 500KV AUX TRANS. AND BUS 1,PRUNTYTO 500KV - MTSTORM4 500KV (MTSTORM4 500 KV MTS-PRU) 500/35.MtStorm.RSS2
ARMSTRON 138 KV ARMSTRON-BURMA ARG-BM,ARMSTRON_138 KV_ARM-KIS:L345.HandsomeLake-Wayne,ARMSTRON 138KV - BURMA 138KV (ARMSTRON 138 KV ARM-BUR) L345.HandsomeLake-Wayne
EPALMERT_230KVEPA-HAR_1_LN,EPALMERT_230 KV_EPA-HAR:L500.Hopatcong-Lackawanna.5063,HARWOOD 230KV - EPALMERT 230KV (EPALMERT 230 KV EPA-HAR) L500.Hopatcong-Lackawanna.5063+Lenox-MacNew
BRISTERS230 KV  2101A,BRISTERS_230 KV_2101A:L500.Loudoun-Morrisville.569,BRISTERS 230KV - NOKESVIL 230KV (BRISTERS 230 KV 2101A) L500.Loudoun-Morrisville.569
BARTONVI 138 KV BARTONVI-MEADOWBR MSW1,BARTONVI_138 KV_BAR-STE:L500.Bedington-Doubs,BARTONVI-MEADOWBR MSW1      B  138 KV L500.Loudoun-Meadowbrook.5535
FIFTHAVE138 KV  FIF-HES1,FIFTHAVE_138 KV_FIF-HES1:L138.Roberts-WestCampus,FIFTHAVE 138KV - HESS 138KV (FIFTHAVE 138 KV FIF-HES1) L138.Roberts-WestCampus
BED-BLA CONTINGENCY 50,BED-BLA contingency 50 L500.Bismark-MtStorm,BED-BLA contingency 50 L500.Bismark-MtStorm
AXTONAEP 765 KV AXTONAEP . 1 XFORMER,AXTONAEP_765 KV_. 1:Cloverdale-Jacksons Ferry 765kV,AXTONAEP 765KV - AXTONAEP 138KV (AXTONAEP 765 KV .  1) Cloverdale-Jacksons Ferry 765kV
MCCARTER230 KV  MCC-STA,MCCARTER_230 KV_MCC-STA:L500.Hopatcong-Roseland.5061,STANLEYT 230KV - MCCARTER 230KV (MCCARTER 230 KV MCC-STA) L500.Hopatcong-Roseland.5061
COLLEGEC 138 KV COLLEGEC-COLLINSV,COLLEGEC_138 KV_COL-COL6:L138.CollegeCorner-Trenton-Hutching,COLLEGEC 138KV - COLLINSV 138KV (COLLEGEC 138 KV COL-COL6) L138.CollegeCorner-Trenton-Hutching
BIGPINET138 KV  BIG-KIS,BIGPINET_138 KV_BIG-KIS:L345.ErieWest-Ashtabula-Perry,KISKIVAL 138KV - BIGPINET 138KV (BIGPINET 138 KV BIG-KIS) L345.Ashtabula-Perry
CHATFIEL138 KV  CHA-MEL,CHATFIEL_138 KV_CHA-MEL:L345.SouthBerwick-FostoriaCentral,MELMORE 138KV - CHATFIEL 138KV (CHATFIEL 138 KV CHA-MEL) L345.SouthBerwick-FostoriaCentral
KEYSTONE 230 KV KEYSTONE-SHELOCTA KHC 2014,HANDSOME_345 KV_HAN-WAY:L230.HomerCity-Shelocta-Keystone.2014,KEYSTONE-SHELOCTA KHC 2014  A  230 KV L345.ErieWest-Ashtabula-Perry
HUNTERST500 KV  1 BANK,HUNTERST_500 KV_1 BANK:ACTUAL,HUNTERST 500KV - HUNTERST 230KV (HUNTERST 500 KV 1 BANK) Temp DBL: 5013 & 5068
APSOUTH CONTINGENCY 64,TRANSFER INTERFACE: APSOUTH:L500.502JUNCTION-MTSTORM (TRAIL),TRANSFER INTERFACE: APSOUTH L500.502Junction-MtStorm (TRAIL)
BUTL APS 138 KV BUTL APS-CABOT BT-CAB-E,BUTL APS_138 KV_BUT-CAB:L500.Cabot-Cranberry,CABREJCT 138KV - BUTL APS 138KV (BUTL APS 138 KV BUT-CAB) L500.Cabot-Cranberry
MASTER-NPHILADE 220-44 B 230 KV,MASTER_230 KV_MAS-NPH:L230.Printz-Ridley-Morton-MacDade.220-46,NPHILADE 230KV - MASTER 230KV (MASTER 230 KV MAS-NPH) L230.Printz-Ridley-Morton-MacDade.220-46
HILLCRES138 KV  HIL-WAY2,HILLCRES_138 KV_HIL-WAY2:345/138.AllenIM.T1,WAYNEDAL 138KV - HILLCRES 138KV (HILLCRES 138 KV HIL-WAY2) 345/138.AllenIM.T1
EDGEWATE 138 KV EDGEWATE-LOYALHAN SH-LH,LOYALHAN_138 KV_LOY-LUX:L500.Keystone-SouthBend.5001(513),LOYALHAN 138KV - EDGEWATE 138KV (EDGEWATE 138 KV EDG-LOY) L500.SouthBend-Yukon
MARDELA-VIENNA 6708-1 A 69 KV,MARDELA 69 KV MAR-VIE Loretto AT-1 2 & 3 138/69 KV transformers,MARDELA-VIENNA 6708-1       A  69 KV L138.Loretto-Vienna.13780
EDISON2 138 KV  EDI-GRA,EDISON2_138 KV_EDI-OLI1:L345.Cook-Olive,EDISON2 138 KV  EDI-GRA 345/138.Olive.T2
NORTHEAS_230KVNOR-RAP7_1_LN,NORTHEAS_230 KV_NOR-RAP7:L230.Conastone-Northwest.2310,RAPHAERD 230KV - NORTHEAS 230KV (NORTHEAS 230 KV NOR-RAP7) L230.Conastone-Northwest.2310
KENTN_LG_138KVKEN-SARD_1_LN,KENTN_LG_138 KV_KEN-SARD:L345.Spurlock-NorthClark,KENTN_LG 138KV - SARDINIA 138KV (KENTN_LG 138 KV KEN-SARD) L345.Spurlock-NorthClark
SHERWOOD115 KV  91C,SHERWOOD_115 KV_91C:L500.Cloverdale-Lexington.566,TRANSCO 115KV - SHERWOOD 115KV (SHERWOOD 115 KV 91C) L500.Cloverdale-Lexington.566
ELDRED_T1_2302_XF,SCADIZ_138 KV_T1_XF:ACTUAL,SUNBURY 230KV - ELDRED 230KV (ELDRED 230 KV ELD-SUN) L230.Frackville-Colu+Colu.T1
JOHNSONM-OTTER B 138 KV,SKIMMER_115 KV_2:L138.NewLondon-Johnsonm-Otter-Altavista,OTTER 138KV - JOHNSONM 138KV (JOHNSONM 138 KV JOH-OTT1) L765.Cloverdale-JoshuaFalls
FTSLOCUM69 KV   FTS-TAK7,FTSLOCUM_69 KV_FTS-TAK7:L500.Burches Hill-Possum Point.560,TAKOMA 69KV - FTSLOCUM 69KV (FTSLOCUM 69 KV FTS-TAK7) L500.BurchesHill-PossumPoint.560
NPROCTO2138 KV  NPR-SPO1,NPROCTO2_138 KV_NPR-SPO1:L765.Baker-HangingRock,NPROCTO2 138KV - SPOINT 138KV (NPROCTO2 138 KV NPR-SPO1) L765.Baker-HangingRock
BECO-PARAGNPK 2207A         A  230 KV,BECO_230 KV_BEC-PARA:L230.ParagonPark-Beaumeade.2206,BECO 230KV - PARAGNPK 230KV (BECO 230 KV BEC-PARA) L230.ParagonPark-Beaumeade.2206
HUNTERST230 KV  TR2,HUNTERST_230 KV_TR2:L500.Hunterstown-Conastone.5013,HUNTERST 230KV - HUNTERST 115KV (HUNTERST 230 KV TR2) L500.Hunterstown-Conastone.5013
1 LASALL 138 KV 1 LASALLE C 38TR81 CT,1 LASALL_138 KV_TR81CT-S:ACTUAL,117 PROSPEC 38TR81 CT       L  1 KV L345.Libertyv-ProspectP.15424 + 345/138.Lib.T83
GREENFOE 138 KV GREENFOE-NASA,GREENFOE_138 KV_GRE-NAS1:345/138.Beaver.T2,GREENFOE 138KV - NASA 138KV (GREENFOE 138 KV GRE-NAS1) 345/138.Beaver.T2
REDLION_T4_50051_XF,KEENEY_500 KV_AT50:500/230.RedLion.AT50,REDLION 500KV - REDLION 230KV (REDLION 500 KV 51) 500/230.Keeney.AT50
MITCHELL 138 KV MITCHELL-SHEPLJCT MI-SLJ,WESTRAVE_138 KV_WES-YUK:L138.Charleroi-Belmon-SheplerJCT-Mitchell-Yukon,SHEPLJCT 138KV - MITCHELL 138KV (MITCHELL 138 KV MIT-SHE) L138.Charleroi-Yukon
AMOS 765 KV AMOS 6 XFORMER,AMOS_765 KV_6:L765.Culloden-Wyoming,AMOS     6        XFORMER   H  765 KV L765.Culloden-Wyoming
HOPEWEL4230 KV  228A,HOPEWEL4_230 KV_228A:L230.Hopewell-PrGeorge.2124 + 230/115.PrGeorge.T1,HOPEWEL4 230KV - CHESTER4 230KV (HOPEWEL4 230 KV 228A) L230.Hopewell-PrGeorge.2124 + 230/115.PrGeorge.T1
POLANDRD230 KV  2183A,POLANDRD_230 KV_2183A:L500.PleasantView-GooseCreek.595,BRAMBLET 230KV - POLANDRD 230KV (POLANDRD 230 KV 2183A) L500.PleasantView-GooseCreek.595
DUMFRIES_230KV2022B_1_LN,AQUAHAR_230 KV_AQU-GAR1:L500.Midlothian-NorthAnna.576,DUMFRIES 230KV - LAKRIDGE 230KV (DUMFRIES 230 KV 2022B) L500.Midlothian-NorthAnna.576
BERWICK 69 KV BERWICK-KOONSVIL,FRACKVIL_230 KV_FRA-SIE:L230.Harwood-Susquehanna.1 + 230/69.Harwood.T5,BERWICK-KOONSVIL            A  69 KV L230.Harwood-Susquehanna.1 + 230/69.Harwood.T5
ALLLUD4J 138 KV ALLLUD4J-ALLDAM6 ALJ-ALL,ALLLUD4J_138 KV_ALJ-ALL:L500.SouthBend-Yukon,ALLDAM6 138KV - ALLLUD4J 138KV (ALLLUD4J 138 KV ALJ-ALL) L500.SouthBend-Yukon
110 DEVO-11415 11415 2 B 138 KV,110 DEVO_138 KV_11415 2:ACTUAL,110 DEVO138 KV  11415 2 345L97401 Zion Units
PLEASNTV 203T274      CB       230 KV,PLEASNTV_500 KV_TX3:L230.EvergreenMills-Brableton.2172,PLEASNTV 230KV - ASHBURN 230KV (PLEASNTV 230 KV 274D) L230.EvergreenMills-Brableton.2172
0901_09013809013_1_LN,9 JOLIET_138 KV_0901 1:ACTUAL,0901_09013809013_1_LN BASE
MIAMIFOR_138KVMIA-08W1_1_LN,MIAMIFOR_138 KV_MIA-08W1:ACTUAL,MIAMIFOR 138KV - WILLEY 138KV (MIAMIFOR 138 KV MIA-08W1) L345.Tanners Creek-Dearborn1
TRENTON2138 KV  TRE-COL1,TRENTON2_138 KV_TRE-COL1:345/138.Greene.BK-N,COLLEGEC 138KV - TRENTON2 138KV (TRENTON2 138 KV TRE-COL1) 345/138.Greene.BK-N
KEENEY  138 KV  13822,KEENEY_138 KV_13822:L230.Harmony-Keeney.23013,KEENEY 13822 SER DEV        B  138 KV L230.Harmony-Keeney.23013
YUKON 500 KV YUKON TRAN 3 XFORMER,MEADOWBR_500 KV_TRAN 3:500/138.MeadowBrook.T1 (Sctnlz),YUKON    TRAN  4  XFORMER   H  500 KV 500/138.Yukon.T1 & T3 (Sctnlz F)
66 E FRN 345 KV 66 E FRN TR83CT-P XFORMER,66 E FRN_345 KV_TR83CT-P:L345.University Park North-Olive.97008,66 E FRN 345KV - 66 E FRN 1KV (66 E FRN 345 KV TR83CT-P) L345.UniversityParkNorth-Olive.97008
EASTVILL_69KVEAS-KEN_1_LN,EASTVILL_69 KV_EAS-KEN:ACTUAL,KENDLGRV 69KV - EASTVILL 69KV (EASTVILL 69 KV EAS-KEN) BASE
LONGCREE138 KV  LON-MEAD,LONGCREE_138 KV_LON-MEAD:L500.Bedington-BlackOak,MEADOWBR 138KV - LONGCREE 138KV (LONGCREE 138 KV LON-MEAD) L500.Bedington-BlackOak
SHAWVILL115 KV  BNK 1A-S,SHAWVILL_115 KV_BNK 1A-S:L230.EastTowanda-Canyon-NMeshoppen,SHAWVILL 1KV - SHAWVILL 115KV (SHAWVILL 115 KV BNK 1A-S) L230.EastTowanda-Canyon-NMeshoppen
185 TOLL 345 KV 185 TOLLWAY 45TR83 CT,185 TOLL_138 KV_TR83CT-S:L345.111Electric Jct-144Wayne.11126,185 TOLL 345KV - 185 TOLL 1KV (185 TOLL 345 KV TR83CT-P) L345.111Electric Jct-144Wayne.11126
CURRYVIL115 KV  CUR-SAX,CURRYVIL_115 KV_CUR-SAX:Hunterstown-TexasEastern-Gardners (991)+Mnt CT1,CURRYVIL 115KV - SAXTON 115KV (CURRYVIL 115 KV CUR-SAX) L115.Hunterstown-TexasEastern-Gardners.991
PHILIPSB_115KVPHI-SHA_1_LN,PHILIPSB_115 KV_PHI-SHA:ACTUAL,PHILIPSB115 KV  PHI-SHA Lewistown #1 230/115/46 kV transformer
BURMA 115 KV BURMA-PINEY BA,BURMA_115 KV_BUR-PIN:L345.ErieWest-Ashtabula-Perry,BURMA-PINEY BA              B  115 KV L345.ErieWest-Ashtabula-Perry
HIGHRIDG230 KV  HIG-SAN1,HIGHRIDG_230 KV_HIG-SAN1:L230.Conastone-Northwest.2310,SANDYSPG 230KV - HIGHRIDG 230KV (HIGHRIDG 230 KV HIG-SAN1) L230.Conastone-Northwest.2310
CHARLERO 138 KV CHARLERO-DRYRUN MI-CH-1,DRYRUN_138 KV_DRY-MIT:L500.Cabot-Cranberry,CHARLERO 138KV - DRYRUN 138KV (CHARLERO 138 KV CHA-DRY) L500.Cabot-Cranberry
HOYTDAL2 138 KV HOYTDAL2-MAPLEOE,HOYTDAL2_138 KV_HOY-MAP1:L345.Hoytdale-Mansfield,HOYTDAL2 138KV - MAPLEOE 138KV (HOYTDAL2 138 KV HOY-MAP1) L345.Hoytdale-Mansfield
HARMONY 230 KV HARMONY-KEENEY 23013,HARMONY_230 KV_HAR-KEE3:L500.PeachBottom.BusTie.2,KEENEY 230KV - HARMONY 230KV (HARMONY 230 KV HAR-KEE3) L500.PeachBottom.BusTie.2
LEOLA   138 KV  LEO-SAK2,LEOLA_138 KV_LEO-SAK2:ACTUAL,SAKRON 138KV - LEOLA 138KV (LEOLA 138 KV LEO-SAK2) BASE
ETNFERDP115 KV  EAT-KERR,KERR45_115 KV_45A:ACTUAL,ETNFERDP115 KV  EAT-KERR BASE
CASHCNDP230 KV  2135A,CASHCNDP_230 KV_2135A:L500.Midlothian-NorthAnna.576,GORDONSV 230KV - CASHCNDP 230KV (CASHCNDP 230 KV 2135A) L500.Midlothian-NorthAnna.576
OTTER 138 KV OTTER-ALTAVIST,OTTER_138 KV_OTT-ALT1:L138.Redeye-Candlers-OpossumCreek,ALTAVSTA 138KV - OTTER 138KV (OTTER 138 KV OTT-ALT1) L138.Redeye-Candlers-OpossumCreek
81 TOULON - 3 POWERTON 138 KV,74 KEWAN_138 KV_BTIE Z1:L138.Powerton-Toulon.0321,3 POWERTON-81 TOULON 0321   B  138 KV L345.Duck Creek-Tazewell
CHURCH 69 KV CHURCH-NEWMERED 6704-1,CHURCH_69 KV_CHU-NME:L230.Cartanza-SilverRun.23032,CHURCH 69KV - NEWMERED 69KV (CHURCH 69 KV CHU-NME) L230.Cartanza-RedLion.23032
CHURCH 69 KV CHURCH-NEWMERED 6704-1,CHURCH_69 KV_CHU-NME:L230.CoolSprings-Milford.23069,CHURCH 69KV - NEWMERED 69KV (CHURCH 69 KV CHU-NME) L230.CoolSprings-Milford.23069
BEECHROA138 KV  BEE-TWI1,BEECHROA_138 KV_BEE-TWI1:ACTUAL,TWINBRAN 138KV - BEECHROA 138KV (BEECHROA 138 KV BEE-TWI1) BASE
CECI APS138 KV  CEC-HOU,CECI APS_138 KV_CEC-HOU:ACTUAL,CECI APS 138KV - HOUSTON 138KV (CECI APS 138 KV CEC-HOU) BASE
BENTMOUN138 KV  BEN-CLE1,BENTMOUN_138 KV_BEN-CLE1:L765.Cloverdale-JoshuaFalls,BENTMOUN 138KV - CLEARBRO 138KV (BENTMOUN 138 KV BEN-CLE1) L765.Cloverdale-JoshuaFalls
APSOUTH CONTINGENCY 72,APSouth Interface:L500.Conemaugh-Vinco.5006,APSOUTH contingency 72 L500.Conemaugh-Vinco.5006
SMITHBUR ED   CB               230 KV,LARRABEE_230 KV_LAR-SMID:L500.Deans-Smithburg.5020,SMITHBUR ED   CB               230 KV L500.Deans-Smithburg.5020
ROCKTONM 115 KV ROCKTONM-SHAWVILL SD 1076,SHAWVILL_230 KV_BNK 1A-P:L115.Dubois-RocktonMtn-Shawville.1076,ROCKTONM-SHAWVILL SD 1076   B  115 KV SHAWVILLE-ELKO 230 LINE
ALLENIM 138 KV  ALL-TIL,ALLENIM_138 KV_ALL-TIL:L765.Maliszewski-Marysville,TILLMAN 138KV - ALLENIM 138KV (ALLENIM 138 KV ALL-TIL) L765.Maliszewski-Marysville
GARDNERS 115 KV GARDNERS-TEXSEAST GAR-TEX,GARDNERS_115 KV_GAR-TEX:L500.Conastone-PeachBottom.5012,TEXSEAST 115KV - GARDNERS 115KV (GARDNERS 115 KV GAR-TEX) L500.Conastone-PeachBottom.5012
114_NORT_114138I11417_1_LN,114 NORT_138 KV_11411 1:ACTUAL,114_NORT_114138I11417_1_LN BASE
18 WILL 138 KV  0905 4,18 WILL_138 KV_0905 4:E Fra-Goodi Red (11602) 345 Line,0905 138KV - 18 WILL 138KV (18 WILL 138 KV 0905 4) L345.GoodingsGr-E.Frankfort.11602  SPOG 3-29
BUCKSKIN69 KV   BUC-GRE1,BUCKSKIN_69 KV_BUC-GRE1:138/69.Hutching.T8,BUCKSKIN 69KV - GREENFIE 69KV (BUCKSKIN 69 KV BUC-GRE1) 138/69.Hutching.T8
HILLBURN_69KVHIL-SMA_1_LN,HILLBURN_69 KV_HIL-SMA:345/138.SouthMahwah.BK258,HILLBURN 69KV - SMAWA 69KV (HILLBURN 69 KV HIL-SMA) 345/138.SouthMahwah.BK258
ENTRPRIS230 KV  2186A,ENTRPRIS_230 KV_2186A:L230.Belmont-CochranMill-GooseCreek.2286,SHELHORN 230KV - ENTRPRIS 230KV (ENTRPRIS 230 KV 2186A) L230.Brambleton-Belmont.201
NMESHOPP 230 KV NMESHOPP 4TX 230 CB CB,NMESHOPP_230 KV_4 TX:L500.Hopatcong-Lackawanna.5063,NMESHOPP 230KV - NMESHOPP 115KV (NMESHOPP 230 KV 4 TX) L500.Hopatcong-Lackawanna.5063
HOOVERSV 230 KV HOOVERSV 3 TX 1 XFORMER,HOOVERSV_230 KV_3 TX 1:L115.Hilltop-Krayn-RachelHill (HillclayJct&Salix),HOOVERSV 230KV - HOOVERSV 115KV (HOOVERSV 230 KV 3 TX  1) L115.Hilltop-Krayn-RachelHill (HillclayJct&Salix)
NEWCARLI138 KV  NEW-PLE,NEWCARLI_138 KV_NEW-PLE:L765.Collins - Plano.2315,NEWCARLI 138KV - PLETCHER 138KV (NEWCARLI 138 KV NEW-PLE) L765.Collins - Plano.2315
CHARLERO138 KV  CHA-YUK,CHARLERO_138 KV_CHA-YUK:L500.Hatfield-RhodesLane.517,YUKON 138KV - CHARLERO 138KV (CHARLERO 138 KV CHA-YUK) L500.Hatfield-RhodesLane.517
MILFORD 230 KV MILFORD-STEELE 23076,MILFORD_230 KV_MIL-STE:L230.CedarCreek-SilverRun.23030,STEELE 230KV - MILFORD 230KV (MILFORD 230 KV MIL-STE) L230.CedarCreek-SilverRun.23030
CARL PN-GARDNERS 1049 B 115 KV,CARL PN_115 KV_CAR-GAR:L230.Altoona-BearRock,GARDNERS 115KV - CARL PN 115KV (CARL PN 115 KV CAR-GAR) L230.Altoona-BearRock
FALLCREE138 KV  FAL-NEW1,FALLCREE_138 KV_FAL-NEW1:L765.Marysville-Sorenson,NEWCAST2 138KV - FALLCREE 138KV (FALLCREE 138 KV FAL-NEW1) L765.Marysville-Sorenson
RICHLND 138 KV  TR-5,RICHLND_138 KV_TR-5:230/138.CedarCreek.AT20,RICHLND 138KV - RICHLND 13.8KV (RICHLND 138 KV TR-5) 230/138.CedarCreek.AT20
TRISTATE345 KV  1,TRISTATE_345 KV_1:ACTUAL,AMOS 138KV - CURRY 138KV (AMOS 138 KV AMO-CUR1) L345.Tristate-Baker + 345/138.Tristate.2&3
FALLS 138 KV FALLS -STEELTAP FAL-STE,FALLS_138 KV_FAL-STE:L500.NewFreedom-EastWindsor.5038,FALLS 138KV - STEELTAP 138KV (FALLS 138 KV FAL-STE) L500.NewFreedom-EastWindsor.5038
08LAPLJT138 KV  08L-SAN1,08LAPLJT_138 KV_08L-SAN1:L230.Shellhorn-Enterprise.2186,08LAPLJT 138KV - SANDERSO 138KV (08LAPLJT 138 KV 08L-SAN1) L230.Shellhorn-Enterprise.2186
KEYSTONE 230 KV KEYSTONE 4 TX-S XFORMER,KEYSTONE_230 KV_4 TX-S:L500.Cabot-Keystone.5002,KEYSTONE 1KV - KEYSTONE 230KV (KEYSTONE 230 KV 4 TX-S) L500.Cabot-Keystone.5002
MIDDLJCT 115 KV MIDDLJCT-YORKHAVE 977-1,MIDDLJCT_115 KV_MID-YOR8:L115.MiddleJct-YorkHaven-ZionsView.977 (Sctnlz),MIDDLJCT 115KV - YORKHAVE 115KV (MIDDLJCT 115 KV MID-YOR8) L115.MiddleJct-YorkHaven-ZionsView.977 (Sctnlz)
20 BRAID 345 KV 20 BRAID-66 E FRN 2003,20 BRAID_345 KV_2001:L345.Lasalle-Plano.0101+L345.Braidwd-EFrnkfrt.2003,20 BRAID 345KV - 66 E FRN 345KV (20 BRAID 345 KV 2003) (NUKE) L345.Lasalle-Plano.0101
BEDINGTON - BLACK OAK REACTIVE TRANSFER INTERFACE,BRISTERS_500 KV_552:L500.Ladysmith-Possum Point.568,TRANSFER INTERFACE: BED-BLA L500.Ladysmith-Possum Point.568
CATOCTIN138 KV  CAT-GAR,CATOCTIN_138 KV_CAT-GAR:ACTUAL,GARFLD_T 138KV - CATOCTIN 138KV (CATOCTIN 138 KV CAT-GAR) CARROLL-MTAIRY & 230/138 TRAN (APS)
BUFFINGT345 KV  46,BUFFINGT_345 KV_46:ACTUAL,BUFFINGT 345KV - BUFFINGT 138KV (BUFFINGT 345 KV 46) L345.Pierce-Foster
CARTANZA_T2_230AT2_XF,VIENNA_230 KV_AT20:L230.Cartanza-Milford.23033,CARTANZA 69KV - CARTANZA 230KV (CARTANZA 230 KV AT2) L230.Cartanza-Milford.23033
66 E FRN138 KV  6606 1,66 E FRN_138 KV_6606 1:ACTUAL,66 E FRN 138KV - 6606 138KV (66 E FRN 138 KV 6606 1) BASE
NAPLNN 138 KV NAP-MID,NAPLNN_138 KV_NAP-MID:L500.Conastone-PeachBottom.5012,MIDWAYTE 138KV - NAPLNN 138KV (NAPLNN 138 KV NAP-MID) L500.Conastone-PeachBottom.5012
COOLSPRI69 KV   COL-HAR,COOLSPRI_69 KV_COL-HAR:ACTUAL,COOLSPRI 69KV - HARBESON 69KV (COOLSPRI 69 KV COL-HAR) BASE
D_C_GEN_138KVDCG-TODD_1_LN,D_C_GEN_138 KV_DCG-TODD:ACTUAL,TODDHUNT 138KV - D_C_GEN 138KV (D_C_GEN 138 KV DCG-TODD) BASE
AEP-DOM CONTINGENCY 47,AEP-DOM Interface:L500.JacksonsFerry-Antioch(DUKE)Tie+765/500.JF.T1,TRANSFER INTERFACE: AEP-DOM L500.JacksonsFerry-Antioch(DUKE)Tie+765/500.JF.T1
ALDENE 230 KV ALD-SPRG,ALDENE_230 KV_ALD-SPRG:ACTUAL,ALDENE 230KV - SPRINGRD 230KV (ALDENE 230 KV ALD-SPRG) L500.Hopatcong-Roseland.5061
51_MC_CO_T6_345TR84_1_XF,51 MC CO_345 KV_TR84_1:ACTUAL,51 MC CO 345KV - 51 MC CO 138KV (51 MC CO 345 KV TR84_1) L345.GoodingsGrove-Lockport.11604
BIRCHWD 230 KV  BIR-COMO,BIRCHWD_230 KV_BIR-COMO:L500.MtStorm-Valley.550,BIRCHWD 230KV - COMORNDP 230KV (BIRCHWD 230 KV BIR-COMO) L500.MtStorm-Valley.550
HANOVER 69 KV   HAN-PAR,HANOVER_69 KV_HAN-PAR:L230.Susquehanna-Palooka.2,HANOVER 69KV - PARRISPL 69KV (HANOVER 69 KV HAN-PAR) L230.Susquehanna-Palooka.2
AP SOUTH REACTIVE TRANSFER INTERFACE,TRANSFER INTERFACE: APSOUTH:L500.BathCounty-Valley.548,TRANSFER INTERFACE: BED-BLA L500.BathCounty-Valley.548
EELKHART138 KV  EEL-MOT1,EELKHART_138 KV_EEL-ELC1:345/138.RobisonPark.T5,EELKHART138 KV  EEL-MOT1 L138.Bosserman-MichiganCity
HUFFMAN 138 KV  HUF-JAC1,MAPLEOE_138 KV_MAP-JAC1:ACTUAL,HUFFMAN 138 KV  HUF-JAC1 BASE
CAROLINA115 KV  1010A,CAROLINA_115 KV_1010A:Jefferson-Rockport 765+Rockport Unit 1,PECAN 115KV - CAROLINA 115KV (CAROLINA 115 KV 1010A) Jefferson-Rockport 765+Rockport Unit 1
144 WAYN 345 KV 144 WAYNE 45TR84 CT,144 WAYN_345 KV_TR84CT-P:L138.Wayne-WestChicago.14405 (SPOG 3-30),144 WAYN 345KV - 144 WAYN 1KV (144 WAYN 345 KV TR84CT-P) L138.Wayne-WestChicago.14405 (SPOG 3-30)
PETERS 138 KV PETERS-UNIONJCT UNNJ-PTR,PETERS_138 KV_PET-UNI:L345.Toronto-WylieRidge,UNIONJCT 138KV - PETERS 138KV (PETERS 138 KV PET-UNI) L345.Toronto-WylieRidge
16914 138 KV 16914 -169 MCGI 16914 1,16914_138 KV_16914 1:ACTUAL,16914   -169 MCGI 16914 1   B  138 KV L345.Cherry Valley-Silver Lake.15616
CONCORD 138 KV  CON-COU,CONCORD_138 KV_CON-COU:ACTUAL,CONCORD 138KV - COUNTRYS 138KV (CONCORD 138 KV CON-COU) BASE
FAIRLAWN 230 KV FAIRLAWN-WALDWICK O-2267,CEDARGRO_230 KV_CED-CLIB:L230.Fairlawn-Waldwick.O-2267 + Fairlawn.220-1,CEDARGRO 230KV - CLIF PS 230KV (CEDARGRO 230 KV CED-CLIB) L230.Fairlawn-Waldwick.O-2267 + Fairlawn.220-1
MAPLEOE 138 KV MAPLEOE-JACKSNOE,MAPLEOE_138 KV_MAP-JAC1:L345.Toronto-WylieRidge,JACKSNOE 138KV - MAPLEOE 138KV (MAPLEOE 138 KV MAP-JAC1) L345.Toronto-WylieRidge
BEAV DUQ138 KV  BEA-RACT,BEAV DUQ_138 KV_BEA-VAL:L345.Crescent-Mansfield,BEAV DUQ 138KV - RACT_DUQ 138KV (BEAV DUQ 138 KV BEA-RACT) L345.Crescent-Mansfield
SANDERSO138 KV  GSU1,SANDERSO_138 KV_GSU1:L230.Dooms-Charlottesville.233,SANDERSO 138KV - SANDERSO 13.8KV (SANDERSO 138 KV GSU1) L230.Dooms-Charlottesville.233
FOURRIVR 230 KV FOURRIVR-STJOHNS4 256A,FOURRIVR_230 KV_256A:L500.Elmont-Ladysmith.574,FOURRIVR 230KV - STJOHNS4 230KV (FOURRIVR 230 KV 256A) L500.Elmont-Ladysmith.574
LADYSMTH500 KV  568A,LADYSMTH_500 KV_568A:L500.Morrisville-Spotsylvania.594,LADYSMTH 500KV - POSSUMP4 500KV (LADYSMTH 500 KV 568A) L500.Morrisville-Spotsylvania.594
MIDDLJCT 115 KV MIDDLJCT-YORKHAVE 978-1,MIDDLJCT_115 KV_MID-YOR7:L115.MiddletownJct-Collins.975 (Sctnlz),MIDDLJCT 115KV - YORKHAVE 115KV (MIDDLJCT 115 KV MID-YOR8) L115.MiddletownJct-Collins.975 (Sctnlz)
SLEBANON230 KV  1BANK,SLEBANON_230 KV_1BANK:L230.Ironwood-NorthLebanon,SLEBANON 230KV - SLEBANON 69KV (SLEBANON 230 KV 1BANK) L230.Ironwood-NorthLebanon
NEVILTAP 138 KV NEVILTAP-SEWICKLY NEV-SEW,NEVILTAP_138 KV_NEV-SEW:L138.Brunot Island-Collier.Z-41,SEWICKLY 138KV - NEVILTAP 138KV (NEVILTAP 138 KV NEV-SEW) L138.Brunot Island-Collier.Z-41
GRANDPT 138 KV GRANDPT-GUILFORD,ROXBURY_138 KV_NO2 TX:GRANDPT-GUILFORD (APS),FAYETTEV138 KV  FAY-WWA GRANDPT-GUILFORD (APS)
112 WILT 765 KV 112 WILTON 65TR93 CT,112 WILT_765 KV_TR93CT-P:L765.Wilton - Collins.11216,112 WILT 1KV - 112 WILT 765KV (112 WILT 765 KV TR93CT-P) L765.Wilton-Collins.11216
YORKANA 230 KV  BANK 1,YORKANA_230 KV_BANK 1:230/115.Yorkana.T3,YORKANA 230KV - YORKANA 115KV (YORKANA 230 KV BANK 1) 230/115.Yorkana.T3
EDWSFERY_230KV23111_1_LN,AQUAHAR_230 KV_AQU-GAR1:L500.Midlothian-NorthAnna.576,DICKERSO 230KV - EDWSFERY 230KV (EDWSFERY 230 KV 23111) L500.Midlothian-NorthAnna.576
94 HAURD-11323 11323 B 138 KV,94 HAURD_138 KV_11323:ACTUAL,94 HAURD-11323    11323     A  138 KV L345.Nelson-Electric Junction.15502
MEADOWRD230 KV  MEA-PIE2,MEADOWRD_230 KV_MEA-PIE2:L500.Hopatcong-Roseland.5061,MEADOWRD 230KV - PIERSOAV 230KV (MEADOWRD 230 KV MEA-PIE2) L500.Hopatcong-Roseland.5061
7 STATE 345 KV 7 STATE TR82CT XFORMER,7 STATE_345 KV_TR82CT:345/138.Sheffield.T2 (NIPS),7 STATE 138KV - 7 STATE 345KV (7 STATE 345 KV TR82CT) 345/138.Sheffield.T2 (NIPS)
VALERO  69 KV   VAL-VAPK,VALERO_69 KV_VAL-VAPK:L230.Cumberland-Orchard.2314,VALERO 69KV - VALEPKTP 69KV (VALERO 69 KV VAL-VAPK) L230.Cumberland-Orchard.2314
7713 138 KV 7713 2,BELLSMIL_138 KV_BEL-BET2:ACTUAL,7713    -981 CRES 7713 2    B  138 KV Hennepin - Ottawa (IP) 138 kV line
CHARLTSV230 KV  291C,CHARLTSV_230 KV_291C:L500.Dooms-Cunningham.534,CHARLTSV 230KV - BARRCKRD 230KV (CHARLTSV 230 KV 291C) L500.Dooms-Cunningham.534
185 TOLL138 KV  7903-2,185 TOLL_138 KV_7903-2:L345.111Electric Jct-144Wayne.11126,185 TOLL 138KV - 7903 138KV (185 TOLL 138 KV 7903-2) L345.111Electric Jct-144Wayne.11126
BEATTY  138 KV  BEA-DEA,BEATTY_138 KV_BEA-DEA:ACTUAL,DEERCR 138KV - BEATTY 138KV (BEATTY 138 KV BEA-DEA) BASE
133 ROCK138 KV TR77 34,133 ROCK_138 KV_TR77 34:ACTUAL,133 ROCK 138KV - 133 ROCK 34.5KV (133 ROCK 138 KV TR77 34) L500.RhodesLane-Yukon.518
LORETTO 138 KV LORETTO-PINEYGRO 13777,LORETTO_138 KV_LOR-PIN:L230.IndianRiver-PineyGrove.23002,INDIANRI-PINEYGRO 23002     A  230 KV TEMP: L138.PineyGrove-Loretto.13777
MIAMIFOR 345 KV MIAMIFOR-TERMINAL,MIAMIFOR_345 KV_10:L345.East Bend-Terminal,MIAMIFOR345 KV  10 L345.East Bend-Terminal
SPURLOCK345 KV  XFT12,SPURLOCK_345 KV_XFT12:ACTUAL,SPURLOCK 345KV - SPURLOCK 138KV (SPURLOCK 345 KV XFT12) BASE
BRAMBLET-POLANDRD 2183A     B  230 KV,POLANDRD_230 KV_2183A:500/230.Brambleton.TX1 (Sctnlz),BRAMBLET 230KV - POLANDRD 230KV (POLANDRD 230 KV 2183A) 500/230.Brambleton.TX1 (Sctnlz)
MAHANSLA 138 KV MAHANS LANE-TIDD,MAHANSLA_138 KV_MAH-TID:WYLIERID 3TX (APS),TIDD_AEP 138KV - MAHANSLA 138KV (MAHANSLA 138 KV MAH-TID) WYLIERID 3TX (APS)
KAMMER2 138 KV  TX4,KAMMER2_138 KV_TX4:345/138.Holloway.TR1,KAMMER2 138KV - KAMMER2 69KV (KAMMER2 138 KV TX4) 345/138.Holloway.TR1
GLADE 230 KV GLADE-WARREN GES 2088,HOMERCIT_345 KV_S.AUTO-P:L230.Glade-Warren.2088,GLADE 230KV - WARREN 230KV (GLADE 230 KV GLA-WAR) L345.HandsomeLake-Wayne
BULLRUN 230 KV  BUL-CLIF,BULLRUN_230 KV_BUL-CLIF:L230.Beaumead-Ashburn-PleasantView.274,CLIFTON 230KV - BULLRUN 230KV (BULLRUN 230 KV BUL-CLIF) L230.Beaumead-Ashburn-PleasantView.274
SBALTIMO138 KV  SBA-WMI1,SBALTIMO_138 KV_SBA-WMI1:L345.OhioCentral-MuskingumRiver,WMILLERS 138KV - SBALTIMO 138KV (SBALTIMO 138 KV SBA-WMI1) L345.OhioCentral-MuskingumRiver
SHELOCTA 230 KV SHELOCTA NO2 XFORMER,SHELOCTA_230 KV_NO2:L500.Juniata-Keystone.5004,SHELOCTA 230KV - SHELOCTA 115KV (SHELOCTA 230 KV NO2) L500.Juniata-Keystone.5004
NEWTON TR1 345/138 L/O NEWTON - CASEY 345 KV,NEWTON 3_345 KV_TR1:Newton-Casey 345 kV,NEWTON 3 345KV - NEWTON 3 138KV (NEWTON 3 345 KV TR1) Newton-Casey 345 kV
PLYWOOD_115KV151A_1_LN,PLYWOOD_115 KV_151A:L115.ChaseCity-BarnJ-DryB-MtLaur-Claysmil.33,SEDGEHIL 115KV - PLYWOOD 115KV (PLYWOOD 115 KV 151A) L115.Claysmil-SedgeHill.1039
ELKHORN - NORTHLAKEGENEVA 138KV L/O BYRON - WAYNE 345KV,138 SILV_345 KV_15616:L345.Byron-Wayne.0626,156 CHER 345KV - 138 SILV 345KV (138 SILV 345 KV 15616) L345.Byron-Wayne.0626
KARL    138 KV  KAR-L48,KARL_138 KV_KAR-L48:L345.Vassell-HyattCS,KARL 138KV - L48 138KV (KARL 138 KV KAR-L48) L345.Vassell-HyattCS
HOOVERSV 115 KV HOOVERSV-TOWER51 H1H2 1071,HOOVERSV_115 KV_HOO-TOW:L230.HomerCity-Quemahoning-Hooversville.2024,TOWER51 115KV - HOOVERSV 115KV (HOOVERSV 115 KV HOO-TOW) L230.HomerCity-Quemahoning-Hooversville.2024
EAKRON  138 KV  EAK-HAY,EAKRON_138 KV_EAK-HAY:L345.Avonlake-Juniper,EAKRON 138KV - HAYELMRZ 138KV (EAKRON 138 KV EAK-HAY) L345.Avonlake-Juniper
CONEMAUG500 KV TX3,CONEMAUG_500 KV_TX3:L500.Conemaugh-Juniata.5005,CONEMAUG 500KV - CONEMAUG 230KV (CONEMAUG 500 KV TX3) L500.Conemaugh-Juniata.5005
SKIMMER 115 KV  SKI-BAL1,SKIMMER_115 KV_SKI-BAL1:L765.Cloverdale-JoshuaFalls,SKIMMER4 115KV - SKIMMER 115KV (SKIMMER 115 KV SKI-BAL1) L765.Cloverdale-JoshuaFalls
CONC_BC_115KVCON-MON3_1_LN,CONC BC_115 KV_CON-MON3:L500.Brighton-Conastone.5011,MONUMEST 115KV - CONC BC 115KV (CONC BC 115 KV CON-MON3) L500.Brighton-Conastone.5011
BLOOMFLD-EASTON  6782-1     B  69 KV,BLOOMFLD_69 KV_BLO-EAS:L69.Easton-EastonTap-Muni-Longwood-WyeMills.6707,EASTON 69KV - BLOOMFLD 69KV (BLOOMFLD 69 KV BLO-EAS) L69.Easton-EastonTap-Muni-Longwood-WyeMills.6707
GILBERT 115 KV GILBERT-GLENDON A911,GLENDON_115 KV_GLE-NOR:L230.MartinsCreek-MorrisPark-Gilbert.P-2016,GILBERT-GLENDON A911        A  115 KV L230.MartinsCreek-MorrisPark-Gilbert.P-2016
DICKERSH 230 KV DICKERSH-DICKERSO 23104,DICKERSH_230 KV_DIC-DIC4:L500.PleasantView-GooseCreek.595,DICKERSH 230KV - DICKERSO 230KV (DICKERSH 230 KV DIC-DIC4) L500.PleasantView-GooseCreek.595
SBALTIMO138 KV  SBA-WMI1,SBALTIMO_138 KV_SBA-WMI1:L345.Bixby-Kirk,WMILLERS 138KV - SBALTIMO 138KV (SBALTIMO 138 KV SBA-WMI1) L345.Bixby-Kirk
ECLIPSE 115 KV ECL-PIN,ECLIPSE_115 KV_ECL-PIN:L345.HandsomeLake-Wayne,PINEY 115KV - ECLIPSE 115KV (ECLIPSE 115 KV ECL-PIN) L345.HandsomeLake-Wayne
VIENNA 230 KV VIENNA AT20 TRANSFORMER,VIENNA_230 KV_AT20:L230.CoolSprings-Milford.23069,VIENNA 230KV - VIENNA 138KV (VIENNA 230 KV AT20) L230.CoolSprings-Milford.23069
CLINCHRI_138KVCLI-LEB1_1_LN,CLINCHRI_138 KV_CLI-LEB1:ACTUAL,CLINCHRI 138KV - LEBANON 138KV (CLINCHRI 138 KV CLI-LEB1) L500.Broadford-Sullivan (TVA) Tie
DUNE ACRES - MICHIGAN CITY 138 KV L/O WILTONCENTER-DUMONT 765 KV,Dune Acres-Michigan Cty 1 138 kV Dumont-Wilton Center 765kV + Powerton 5 + Joliet 7,Dune Acres- Michigan City 1 138 kv l/o Dumont - Wilton Center 765 KV Dumont-Wilton Center 765kV
NMESHOPP 230 KV NMESHOPP 4TX 230 CB CB,NMESHOPP_230 KV_4 TX:L230.EastTowanda-Canyon-NMeshoppen,NMESHOPP 115KV - NMESHOPP 230KV (NMESHOPP 230 KV 4 TX) L230.EastTowanda-Canyon-NMeshoppen
GRAFTON 138 KV GRAFTON-PRUNTYTO 122,GRAFTON_138 KV_GRA-PRU:L500.Black Oak-Hatfield,GRAFTON-PRUNTYTO 122        B  138 KV L500.Hatfield-Ronco
KENNY   138 KV  KEN-ROB1,KENNY_138 KV_KEN-ROB1:L138.Beatty-McComb,ROBERTS2 138KV - KENNY 138KV (KENNY 138 KV KEN-ROB1) L138.Beatty-McComb
SUB_74 - SUB_58 161KV L/O SUB_56 - SUB_91 345KV,SB 74 6_161 KV_LN 4652:L345.Sub91-Davenport (MEC),SB 74  6 161KV - 58TAP 56 161KV (SB 74  6 161 KV LN  4652) L345.Sub91-Davenport (MEC)
BUZZARD 138 KV  BUZ-SOU1,BUZZARD_138 KV_BUZ-SOU1:ACTUAL,BUZZARD 138KV - SOUTHWES 138KV (BUZZARD 138 KV BUZ-SOU1) BASE
EDELPHOS_69KVEDE-NDE_1_LN,EDELPHOS_69 KV_EDE-NDE:L345.EastLima-MaddoxCreek,NDELPHOS 69KV - EDELPHOS 69KV (EDELPHOS 69 KV EDE-NDE) L345.EastLima-MaddoxCreek
FLORENCE 115 KV FLORENCE-SEWARD BL 1066,GARRETAP_115 KV_GAR-GAR:L500.Brighton-Conastone.5011,FLORENCE-SEWARD BL 1066     B  115 KV 500/230.Keystone.T3
GEORGEWA 138 KV GEORGEWA-KAMMER2,GEORGEWA_138 KV_GEO-KAM:L765.Kammer-SouthCanton + 765/345/34.SCanton.T3,KAMMER2 138KV - GEORGEWA 138KV (GEORGEWA 138 KV GEO-KAM) L765.Kammer-SouthCanton + 765/345/34.SCanton.T3
WEST CONTINGENCY 60,BRUNNERI_230 KV_BRU-YOR:L500.Hunterstown-Vinco.5068,WEST contingency 60 L500.Hunterstown-Vinco.5068
ELMONT4 500 KV ELMONT4 TX1 XFORMER,ELMONT4_500 KV_TX2:ELMONT 500/230 TX#1 & Bus#1 Failed Sectionalizing,ELMONT4  TX1      XFORMER   H  500 KV Elmont #2 500/230kV XF (failed sectionalizing)
WANEETA 230 KV WANEETA-WAYNEJCT 220-42,NOTTINGH_230 KV_2-3:L500.Keeney-RockSprings.5025,WAYNEJCT 230KV - WANEETA 230KV (WANEETA 230 KV WAN-WAY2) L500.Keeney-RockSprings.5025
ARMSTRON_138KVARM-BUR_1_LN,ARMSTRON_138 KV_ARM-BUR:ACTUAL,ARMSTRON 138KV - BURMA 138KV (ARMSTRON 138 KV ARM-BUR) BASE
135_ELMH_T7_138TR83CT-S_XF,135 ELMH_138 KV_TR83CT-S:ACTUAL,135 ELMH138 KV  TR83CT-S 135 ELMHURST TR81
OLIVE   345 KV  OLI-OLIV,OLIVE_345 KV_OLI-OLIV:Sheffield-Gary Ave 345 kV,OLIVUNPA 345KV - OLIVE 345KV (OLIVE 345 KV OLI-OLIV) L138.Bosserman-MichiganCity
CLOVER  230 KV  2068A1,HATHAWAY_230 KV_2056A1:L500.BrunswickSwitchingStationHeritage-Wake.570,CLOVER  230 KV  2068A1 L500.BrunswickSwitchingStationHeritage-Wake.570
144 WAYNE 45TR81 CT H 345 KV,144 WAYN_345 KV_TR81CT-P:L345.Wayne-SilverLake.14401,144 WAYN 345KV - 144 WAYN 1KV (144 WAYN 345 KV TR81CT-P) L345.Wayne-SilverLake.14401
RISING TR1 345/138KV L/O FARADAY - ARLAND 345KV,RISING_345 KV_45TR1:Faraday-Arlond 345 kV,RISING 345KV - RISING 138KV (RISING 345 KV 45TR1) Faraday-Arlond 345 kV
BED-BLA CONTINGENCY 43,BED-BLA contingency 43 L500.Dooms-Cunningham.534,BED-BLA contingency 43 L500.Dooms-Cunningham.534
911INDUS_138KV911-NEWC_1_LN,911INDUS_138 KV_911-NEWC:L345.McClelland-Shenango & Hoytdale-Mansfield,NEWCASOE 138KV - 911INDUS 138KV (911INDUS 138 KV 911-NEWC) L345.McClelland-Shenango
NELSON 345/138 KV TR84 L/O NELSON 345/138 KV TR82,155 NELS_345 KV_TR82CT-P:Nelson 345/138 TR84CT-P,155 NELS138 KV  TR84CT-S 345/138.Nelson.TR82
BAGLEY  230 KV  BAG-RAP5,BAGLEY_230 KV_BAG-RAP5:L230.Graceton-Bagley-RaphaelRoad.2313,BAGLEY 230KV - RAPHAERD 230KV (BAGLEY 230 KV BAG-RAP5) L230.Graceton-Bagley-RaphaelRoad.2313
CAMBRIDG69 KV   CAM-JAC,CAMBRIDG_69 KV_CAM-JAC:ACTUAL,JACKTOWN 69KV - CAMBRIDG 69KV (CAMBRIDG 69 KV CAM-JAC) BASE
OX4 500 KV OX4 TX1 XFORMER,OX4_500 KV_TX1:L230.Beaumead-Ashburn-PleasantView.274,OX4 500KV - OX4 230KV (OX4 500 KV TX1) L230.Beaumead-Ashburn-PleasantView.274
SHAWVILL115 KV  BNK 2A-S,SHAWVILL_115 KV_BNK 2A-S:ACTUAL,SHAWVILL 1KV - SHAWVILL 115KV (SHAWVILL 115 KV BNK 2A-S) BASE
BENTMOUN138 KV  BEN-CLE1,BENTMOUN_138 KV_BEN-CLE1:345/138.CLoverdale.T3,BENTMOUN 138KV - CLEARBRO 138KV (BENTMOUN 138 KV BEN-CLE1) 345/138.CLoverdale.T3
REDHILL 115 KV  39C,REDHILL_115 KV_39C:L230.Bremo-Cartersville-Powhatan-Midlothian.2027,SHERWOOD 115KV - REDHILL 115KV (REDHILL 115 KV 39C) L230.Bremo-Cartersville-Powhatan-Midlothian.2027
ALLLUD4J_138KVALJ-ALL_1_LN,ALLLUD4J_138 KV_ALJ-ALL:L345.ErieWest-Wayne.3004,ALLLUD4J 138KV - ALLDAM6 138KV (ALLLUD4J 138 KV ALJ-ALL) L345.ErieWest-Wayne.3004
ECLIPSE 115 KV ECL-PIN,ECLIPSE_115 KV_ECL-PIN:L345.HandsomeLake-Armstrong,PINEY 115KV - ECLIPSE 115KV (ECLIPSE 115 KV ECL-PIN) L345.HandsomeLake-Armstrong
APCI 115 KV APC-GEN,APCI_115 KV_APC-GEN:L345.ErieWest-Wayne.3004,GENEVA 115KV - APCI 115KV (APCI 115 KV APC-GEN) L345.ErieWest-Wayne.3004
STAFFORD 230 KV 2104B,STAFFORD_230 KV_2104B:L230.Ladysmith-LadysmithCT.2089 + LadySmth.T1&T2,CRANESCR 230KV - STAFFORD 230KV (STAFFORD 230 KV 2104B) L230.Ladysmith-LadysmithCT.2089 + LadySmth.T1&T2
NOTTINGH 230 KV NOTTINGHM 2-3 SER DEV,NOTTINGHM 2-3 SER DEV A 230 KV:TEMP.DBL.500/230.CONASTONE.500-4 + Peach Bot - Conaston,NOTTINGHM 2-3 SER DEV       A  230 KV L500.Bedington-BlackOak
MONTVALE69 KV   MON-PEA,MONTVALE_69 KV_MON-PEA:ACTUAL,PEARLRIV 69KV - MONTVALE 69KV (MONTVALE 69 KV MON-PEA) 345/138.SouthMahwah.BK258
ARMSTRON 138 KV ARMSTRON-BURMA ARG-BM,ARMSTRON_138 KV_ARM-BUR:L345.ErieSouth-ErieWest.3001,ARMSTRON 138KV - BURMA 138KV (ARMSTRON 138 KV ARM-BUR) L345.ErieSouth-ErieWest.3001
STJOHNS 345/138 KV XFMR L/O ST JOHNS - GREEN ACRE 345 KV,STJOHNS_345 KV_2:StJohns - GreenAcre 345 kV,St John 345/138 l/o St John-Green Acres 345 L345.Green Acres-St Johns (NIPS)
JUNIATA 2 XFORMER H 500 KV,JUNIATA_500 KV_2:L500.Juniata-Sunbury.5046 + Sunbury.Bypass.Open,JUNIATA 500 KV  2 JUNIATA-SUNBURY (5046) 500KV LINE
SKIMMER4 115 KV SKIMMER4-BALCFALL 141A,SKIMMER4_115 KV_141A:L500.Cloverdale-Lexington.566,BALCFALL 115KV - SKIMMER4 115KV (SKIMMER4 115 KV 141A) L500.Cloverdale-Lexington.566
BUTL_APS_138KVBUT-KAR_1_LN,BUTL APS_138 KV_BUT-KAR:L230.Glade-Warren.2088,BUTL APS 138KV - KARNSCIT 138KV (BUTL APS 138 KV BUT-KAR) L230.Glade-Warren.2088
WEMPLETOWN 345/138KV 84 XFMR L/O 156CHERRYVALLEY TR82 345/138 KV,156 CHER_345 KV_TR82CT-P:345/138.171Wempletown.TR84,156 CHER 1KV - 156 CHER 138KV (156 CHER 138 KV TR82CT-S) 345/138.171Wempletown.TR84
LACKAWAN230 KV  LAC-SUM2,LACKAWAN_230 KV_LAC-SUM2:230/69.Lackawanna.T1 (Sctnlz F),LACKAWAN 230KV - SUMMITPL 230KV (LACKAWAN 230 KV LAC-SUM2) 230/69.Lackawanna.T1 (Sctnlz F)
LUMSPOND 138 KV LUMSPOND-REYBOLD,LUMSPOND_138 KV_LUM-REY:L230.CedarCreek-SilverRun.23030,REYBOLD 138KV - LUMSPOND 138KV (LUMSPOND 138 KV LUM-REY) L230.CedarCreek-SilverRun.23030
GARDNERS_115KVGAR-TEX_1_LN,GARDNERS_115 KV_GAR-TEX:230/115.MiddletownJct.T5,TEXSEAST 115KV - GARDNERS 115KV (GARDNERS 115 KV GAR-TEX) 230/115.MiddletownJct.T5
CAYUGA_345_230_BK9_FLO_NUCOR_WHITESTOWN_345,CAYUGA2_345 KV_9-P:Whitestown - Nucor 345 kV,CAYUGA2 345KV - CAYUGA2 1KV (CAYUGA2 345 KV 9-P) Whitestown - Nucor 345 kV
ROSELAND 230 KV ROSELAND-WHIPPANY A-941,MEADOWRD_230 KV_MEA-PIE2:L500.Hopatcong-Roseland.5061,WHIPPANY 230KV - ROSELAND 230KV (ROSELAND 230 KV ROS-WHI) L500.Hopatcong-Roseland.5061
PLYMOUTH_230KVPLY-UPP_1_LN,PLYMOUTH_230 KV_PLY-UPP:L230.PeachBottom-MuddyRun.220-06 & MuddyRun.U1-4,PLYMOUTH 230KV - UPPERMER 230KV (PLYMOUTH 230 KV PLY-UPP) L230.PeachBottom-MuddyRun.220-06 & MuddyRun.U1-4
ARSENAL_345KVARS-BRU1_1_LN,ARSENAL_345 KV_ARS-BRU1:ACTUAL,ARSENAL 345 KV  ARS-BRU1 Arsenal-Brunot Island 345kV [306] Line
ISLCRKDP115 KV  193B,ISLCRKDP_115 KV_193B:L230.Bremo-Cartersville-Powhatan-Midlothian.2027,CLARKVTP 115KV - ISLCRKDP 115KV (ISLCRKDP 115 KV 193B) L230.Bremo-Cartersville-Powhatan-Midlothian.2027
GLENDON_115KVGLE-HOS_1_LN,GLENDON_115 KV_GLE-HOS:DBL:230/115.Northwood.6Bank+230/115.Portland.3Bank,GLENDON 115KV - HOSENSME 115KV (GLENDON 115 KV GLE-HOS) 230/115.Portland.3TR
08ASHLD7138 KV  ASH-OAK1,08ASHLD7_138 KV_ASH-OAK1:L138.Rochelle-Terminal,08OAKLEY 138KV - 08ASHLD7 138KV (08ASHLD7 138 KV ASH-OAK1) L138.Rochelle-Terminal
EVERETTS 230 KV EVERETTS-GREENVIL 218,EVERETTS_230 KV_218:L230.Earleys-Cashie-Trowbridge.2034,GREENVIL 230KV - EVERETTS 230KV (EVERETTS 230 KV 218) L230.Earleys-Cashie-Trowbridge.2034
BATERYHT230 KV  2011A,BATERYHT_230 KV_2011A:L500.Morrisville-Spotsylvania.594,CLIFTON 230KV - BATERYHT 230KV (BATERYHT 230 KV 2011A) L500.Morrisville-Spotsylvania.594
ALLDAM6 138 KV ALLDAM6-KITTANNI SP-KT,ARMSTRON_138 KV_ARM-KIT:L138.Butler-KarnsCity,ALLDAM6 138KV - KITTANNI 138KV (ALLDAM6 138 KV ALL-KIT) L138.Butler-KarnsCity
FTSLOCUM69 KV   FTS-TAK4,FTSLOCUM_69 KV_FTS-TAK4:ACTUAL,TAKOMA 69KV - FTSLOCUM 69KV (FTSLOCUM 69 KV FTS-TAK4) L69.Ft Slocum-Takoma.69167
BEXLEY  138 KV  BEX-YEA1,BEXLEY_138 KV_BEX-YEA1:L345.Bixby-Kirk,YEARLING 138KV - BEXLEY 138KV (BEXLEY 138 KV BEX-YEA1) L345.Bixby-Kirk
COLONIAL 115 KV COL.PIPE-GLENARM2 110512,COLONIAL_115 KV_COL-ROC2:ACTUAL,COLONIAL 115KV - GLENARM 115KV (COLONIAL 115 KV COL-GLE2) BASE
ROCKTONM 115 KV ROCKTONM-SHAWVILL SD 1076,ROCKTONM_115 KV_ROC-SHA:L230.Forest-Glade,ROCKTONM-SHAWVILL SD 1076   B  115 KV SHAWVILLE-ELKO 230 LINE
LINE 230 KV OTTERCKPL-SAFEHARBOR,JUNIATA_230 KV_JUN-LEW:L500.Conastone-PeachBottom.5012,OTTERCKPL-SAFEHARBOR        B  230 KV L500.Conastone-PeachBottom.5012
HOYTDAL2 138 KV HOYTDAL2-MAPLEOE,HOYTDAL2_138 KV_HOY-MAP1:L500.SouthBend-Yukon,HOYTDAL2 138KV - MAPLEOE 138KV (HOYTDAL2 138 KV HOY-MAP1) L500.SouthBend-Yukon
BUTTRMLK230 KV  BUT-PACI,BUTTRMLK_230 KV_BUT-PACI:L230.PleasntView-EdwardsFerry-Dickerson.23111/203A,BUTTRMLK 230KV - PACIFIC 230KV (BUTTRMLK 230 KV BUT-PACI) L230.PleasntView-EdwardsFerry-Dickerson.23111/203A
POSSUMP4 230 KV POSSUMP4 2078Z SER DEV,POSSUMP4_230 KV_2078Z:L230.Beaumead-Ashburn-PleasantView.274,POSSUMP4230 KV  2078Z L230.Beaumead-Ashburn-PleasantView.274
LENOX 115 KV LENOX-NMESHOPP NML 1090,LENOX_115 KV_LEN-NME:Lenox-NMeshopp 1090 & Lackawanna-OXBOW DBL,NMESHOPP 115KV - LENOX 115KV (LENOX 115 KV LEN-NME) Lenox-NMeshopp 1090 & Lackawanna-OXBOW DBL
SALTSPRG_138KVSAL-MAS1_1_LN,SALTSPRG_138 KV_SAL-MAS1:L345.Wellsville-Sammis,SALTSPRG 138KV - MASURY 138KV (SALTSPRG 138 KV SAL-MAS1) DBL:Hanna-Highland 345kv + Sammis-Wellsville 345kv
ALTAVIS2_69KV35C1_1_LN,ALTAVIS2_69 KV_35C1:ACTUAL,KLOPMNTP 69KV - ALTAVIS2 69KV (ALTAVIS2 69 KV 35C1) BASE
DIXONVIL115 KV DIX-GLO,DIXONVIL_115 KV_DIX-GLO:L500.Keystone-SouthBend.5001(513),GLORY 115KV - DIXONVIL 115KV (DIXONVIL 115 KV DIX-GLO) L500.Keystone-SouthBend.5001(513)
ELIMA   345 KV  2-P,ELIMA_345 KV_2-P:L345.EastLima-FostoriaCentral,ELIMA 345KV - ELIMA 1KV (ELIMA 345 KV 2-P) L345.EastLima-FostoriaCentral
HOPEWEL4230 KV  228A,HOPEWEL4_230 KV_228A:L230.Surry-Yadkin.223,HOPEWEL4 230KV - CHESTER4 230KV (HOPEWEL4 230 KV 228A) L230.Surry-Yadkin.223
ESSEX   230 KV  ESS-MCC,ESSEX_230 KV_ESS-MCC:L230.Roseland-William.S-2297,MCCARTER 230KV - ESSEX 230KV (ESSEX 230 KV ESS-MCC) L230.Roseland-William.S-2297
HILLSBOR138 KV  HIL-SIN1,HILLSBOR_138 KV_HIL-SIN1:ACTUAL,SINKINGS 138KV - HILLSBOR 138KV (HILLSBOR 138 KV HIL-SIN1) BASE
BRIGHTON500 KV  BRI-DOU,BRIGHTON_500 KV_BRI-DOU:L500.BurchesHill-PossumPoint.560,DOUBS 500KV - BRIGHTON 500KV (BRIGHTON 500 KV BRI-DOU) L500.BurchesHill-PossumPoint.560
OTTER_138KVOTT-ALT1_1_LN,OTTER_138 KV_OTT-ALT1:L765.Cloverdale-Joshua Falls,ALTAVSTA 138KV - OTTER 138KV (OTTER 138 KV OTT-ALT1) L765.Cloverdale-JoshuaFalls
HOPEWEL4230 KV  228A,HOPEWEL4_230 KV_228A:L230.Surry-Poolsville-Winchester.214,HOPEWEL4 230KV - CHESTER4 230KV (HOPEWEL4 230 KV 228A) L230.Surry-Poolsville-Winchester.214
LOUISACT230 KV  2074A,LOUISACT_230 KV_2074A:L500.Ladysmith-Possum Point.568,SANNA 230KV - LOUISACT 230KV (LOUISACT 230 KV 2074A) L500.Ladysmith-Possum Point.568
CEDARGRO_230KVCED-JAC_1_LN,CEDARGRO_230 KV_CED-JAC:ACTUAL,CEDARGRO230 KV  CED-JAC FAIRLAWN 220-1 230-138 TRANSFORMER
FLINT-PLYMOUTH 220-47 B 230 KV,FLINT_230 KV_FLI-PLY:L230.Plymouth Meeting-Upper Merion.220-69,PLYMOUTH 230KV - FLINT 230KV (FLINT 230 KV FLI-PLY) L230.Plymouth Meeting-Upper Merion.220-69
ABINGDON 138 KV ABINGDON-CLINCHRI,ABINGDON_138 KV_ABI-CLI1:L138.NBristol-IndianSp-EdensRidge-WKingsport-How,CLINCHRI 138KV - ABINGDON 138KV (ABINGDON 138 KV ABI-CLI1) L138.NBristol-IndianSp-EdensRidge-WKingsport-How
VIENNA  69 KV   VIE-VNL1,LORETTO_138 KV_LOR-VIE:138/69.Vienna.AT1,VIENNA  69 KV   VIE-VNL1 L69.Todd-ViennaLocal-Vienna.6702
CARS_DUQ_138KVCAR-OAK1_1_LN,CARS DUQ_138 KV_CAR-OAK1:ACTUAL,CARS DUQ 138KV - OAKL DUQ 138KV (CARS DUQ 138 KV CAR-OAK1) BASE
CANYON  230 KV  CAN-EAS,CANYON_230 KV_CAN-EAS:L500.Breinigsville-Wescosville.5044,CANYON 230KV - ETOWANDA 230KV (CANYON 230 KV CAN-EAS) L500.Breinigsville-Wescosville.5044
ELMONT4_230KV2103_1_LN,ELMONT4_230 KV_2103:L500.Carson-Midlothian.563,SHORTPMP 230KV - ELMONT4 230KV (ELMONT4 230 KV 2103) L500.Carson-Midlothian.563
51_MC_CO_138KV5105_1_LN,51 MC CO_138 KV_5105:ACTUAL,51 MC CO 138KV - 192 RIDG 138KV (51 MC CO 138 KV 5105) BASE
116 GOOD345 KV 11620,116 GOOD_345 KV_11620:L345.Lockport-Kendall.10805,116 GOOD 345KV - 900 ELWO 345KV (116 GOOD 345 KV 11620) L345.Lockport-Kendall.10805
SAXTON-THREESPR 2K 1062 A 115 KV,SAXTON_115 KV_SAX-THR:L500.BlackOak-Hatfield,SAXTON-THREESPR 2K 1062     A  115 KV L500.Brighton-Conastone
SEWARD 230 KV 9 TX,SEWARD_230 KV_9 TX:L230.Johnstown-Seward.2018,SEWARD 230KV - SEWARD 115KV (SEWARD 230 KV 9 TX) L230.Johnstown-Seward.2018
ETOWANDA 230 KV ETOWANDA-HILLSIDE 2002 TIE,ETOWANDA_230 KV_ETO-SCO:L230.Lackawanna-Oxbow-N.Meshoppen,ETOWANDA 230KV - HILLSIDE 230KV (ETOWANDA 230 KV ETO-HIL) L230.Lackawanna-Oxbow-N.Meshoppen
KEYSTONE 230 KV KEYSTONE 4 TX-S XFORMER,KEYSTONE_230 KV_4 TX-S:500/230.Conemaugh.TX3,KEYSTONE 1KV - KEYSTONE 230KV (KEYSTONE 230 KV 4 TX-S) 500/230.Conemaugh.TX3
DICKERSH 230 KV DICKERSH-DICKERSO 23103,DICKERSH_230 KV_DIC-DIC3:L500.Brambleton-GooseCreek.558,DICKERSH 230KV - DICKERSO 230KV (DICKERSH 230 KV DIC-DIC3) L500.Brambleton-GooseCreek.558
HARRTN-SHARRING 6739 B 69 KV,CHESWOLD_138 KV_AT1:L69.Harrington-SouthHarrington.6739,SHARRING 69KV - HARRTN 69KV (HARRTN 69 KV HAR-SHA) 138/69.Cheswold.AT1 + L69.Cheswold-Kent.6768
SALTSPRG 138 KV SALTSPRG-MASURY,MASURY_138 KV_MAS-MAY1:L500.Cabot-Keystone.5002,SALTSPRG 138KV - MASURY 138KV (SALTSPRG 138 KV SAL-MAS1) L500.Cabot-Keystone.5002
BRUNSWIC230 KV  BRU-MEA,BRUNSWIC_230 KV_BRU-MEA:L500.Branchburg-Hopatcong.5060,BRUNSWIC 230KV - MEADOWRD 230KV (BRUNSWIC 230 KV BRU-MEA) L500.Branchburg-Hopatcong.5060
MARDELA-VIENNA 6708-1 A 69 KV,MARDELA_69 KV_MAR-VIE:L230.Milford-Steele.23076,VIENNA 69KV - MARDELA 69KV (MARDELA 69 KV MAR-VIE) L230.Milford-Steele.23076
CLAYMONT 69 KV CLAYMONT-NAAMANS 6834,CLAYMONT_69 KV_CLA-NAA:L500.HopeCreek-RedLion.5015,CLAYMONT 69KV - NAAMANS 69KV (CLAYMONT 69 KV CLA-NAA) L500.HopeCreek-RedLion.5015
ASPENSLR115 KV  ASP-ROXB,ASPENSLR_115 KV_ASP-ROXB:L500.Brighton-Conastone.5011,ASPENSLR 115KV - ROXBURY 115KV (ASPENSLR 115 KV ASP-ROXB) L500.Brighton-Conastone.5011
WNEWPHIL138 KV  WNE-HIL1,WNEWPHIL_138 KV_WNE-HIL1:L765.Kammer-Belmont-Mountaineer+765/500.Belmont.T5,HILLVIEW 138KV - WNEWPHIL 138KV (WNEWPHIL 138 KV WNE-HIL1) L765.Kammer-Belmont-Mountaineer+765/500.Belmont.T5
SAMMISFE345 KV  SAM-WELL,SAMMISFE_345 KV_SAM-WELL:L345.Lordstown-Highland.2,WELLSVIL 345KV - SAMMISFE 345KV (SAMMISFE 345 KV SAM-WELL) L345.Lordstown-Highland.2
COOPER 115 KV COOPER-SEWARD HT 1069,COOPER_115 KV_COO-ROS:L230.Johnstown-Seward.2018,COOPER 115KV - ROSEDALE 115KV (COOPER 115 KV COO-ROS) L230.Johnstown-Seward.2018
HANOVER 69 KV HAN-PLY,HANOVER_69 KV_HAN-PLY:230/69.Mountain.T3(UGI) w/ 23030 closed,PLYM UGI 69KV - HANOVER 69KV (HANOVER 69 KV HAN-PLY) 230/69.Mountain.T3(UGI)
ANACONDA115 KV  55A,ANACONDA_115 KV_55A:ACTUAL,ANACONDA 115KV - TARRIVTP 115KV (ANACONDA 115 KV 55A) L230.MartinsCreek-Portland.1008
GRANDVIE_115KVGRA-HAY_1_LN,GRANDVIE_115 KV_GRA-HAY:L345.HandsomeLake-Wayne,HAYNIE 115KV - GRANDVIE 115KV (GRANDVIE 115 KV GRA-HAY) L345.HandsomeLake-Wayne
EVERETTS 230 KV EVERETTS-GREENVIL 218,EVERETTS_230 KV_218:L230.Winfall-SHrtford-Chowan-Ednton-Mackeys.2131,GREENVIL 230KV - EVERETTS 230KV (EVERETTS 230 KV 218) L230.Winfall-SHrtford-Chowan-Ednton-Mackeys.2131
DOEX530 345 KV  DOE-PIE2,DOEX530_345 KV_DOE-PIE2:L345.EastLima-FostoriaCentral,DOEX530 345KV - PIERCE 345KV (DOEX530 345 KV DOE-PIE2) L345.EastLima-FostoriaCentral
66_E_FRN_138KV66061_1_LN,66 E FRN_138 KV_6606 1:ACTUAL,6605 138KV - 66 E FRN 138KV (66 E FRN 138 KV 6605 1) BASE
PROFITDP 230 KV PROFITDP-HOLLYMD 2054AC,PROFITDP_230 KV_2054AC:L500.Elmont-Cunningham.553,PROFITDP 230KV - HOLLYMD 230KV (PROFITDP 230 KV 2054AC) L500.Elmont-Cunningham.553
FRDRKSBG230 KV  2083A,FRDRKSBG_230 KV_2083A:L500.Elmont-Cunningham.553,FRDRKSBG 230KV - BIRCHWD 230KV (FRDRKSBG 230 KV 2083A) L500.Elmont-Cunningham.553
LORETTO 138 KV LORETTO-VIENNA 13780,LORETTO_138 KV_LOR-VIE:L230.CoolSprings-Milford.23069,VIENNA 138KV - LORETTO 138KV (LORETTO 138 KV LOR-VIE) L230.CoolSprings-Milford.23069
SHELBY  345 KV  BK-N,SHELBY_345 KV_BK-N:ACTUAL,SHELBY 345KV - SHELBY 138KV (SHELBY 345 KV BK-N) BASE
D_C_GEN 138 KV  DCG-TODD,D_C_GEN_138 KV_DCG-TODD:ACTUAL,TODDHUNT 138KV - D_C_GEN 138KV (D_C_GEN 138 KV DCG-TODD) BASE
WSHORE  230 KV  TRAN2,WSHORE_230 KV_TRAN2:230/69.WestShore.TRAN3,WSHORE 230KV - WSHORE 69KV (WSHORE 230 KV TRAN2) 230/69.WestShore.TRAN3
CLIFTON 500 KV  TX2,CLIFTON_500 KV_TX2:L230.Beaumead-Ashburn-PleasantView.274,CLIFTON 500KV - CLIFTON 230KV (CLIFTON 500 KV TX2) L230.Beaumead-Ashburn-PleasantView.274
DICKERSH 230 KV DICKERSH-DICKERSO 23104,DICKERSH_230 KV_DIC-DIC3:L500.Brambleton-GooseCreek.558,DICKERSH 230KV - DICKERSO 230KV (DICKERSH 230 KV DIC-DIC3) L500.Brambleton-GooseCreek.558
BATTLEBO115 KV  1014A,BATTLEBO_115 KV_1014A:L115.Tarboro-Tarboro5-MorsbgDP-TarRiverTap.55,HATHAWAY 115KV - BATTLEBO 115KV (BATTLEBO 115 KV 1014A) L115.Tarboro-Tarboro5-MorsbgDP-TarRiverTap.55
SKIPPERS_115KVSKI-TREG_1_LN,SKIPPERS_115 KV_SKI-TREG:ACTUAL,TREGO 115KV - SKIPPERS 115KV (SKIPPERS 115 KV SKI-TREG) BASE
37_NATOM_138KV11417_1_LN,37 NATOM_138 KV_11417:ACTUAL,114 NORT 138KV - 37 NATOM 138KV (37 NATOM 138 KV 11417) BASE
DOEX530 345 KV  DOE-PIE2,DOEX530_345 KV_DOE-PIE2:RAS.L765.Jefferson-Rockport + Rockport.U2,DOEX530 345KV - PIERCE 345KV (DOEX530 345 KV DOE-PIE2) RAS.L765.Jefferson-Rockport + Rockport.U2
FRDRKSBG230 KV  2083A,FRDRKSBG_230 KV_2083A:L500.MtStorm-Valley.550,FRDRKSBG 230KV - BIRCHWD 230KV (FRDRKSBG 230 KV 2083A) L500.MtStorm-Valley.550
EARLEYS 115 KV 136A,EARLEYS_115 KV_136A:L115.Pecan-Carolina.1010,EARLEYS 115KV - AHOSKIE 115KV (EARLEYS 115 KV 136A) L115.Pecan-Carolina.1010
NPORTSMO138 KV  NPO-SLU1,NPORTSMO_138 KV_NPO-SLU1:L765.HangingRock-NorthProctorville,SLUCASVI 138KV - NPORTSMO 138KV (NPORTSMO 138 KV NPO-SLU1) L765.HangingRock-NorthProctorville
BRUNOTIS_138KVBRU-FOR_1_LN,BRUNOTIS_138 KV_BRU-FOR:ACTUAL,BRUNOTIS138 KV  BRU-FOR L345.Collier-Brunot Island.304
KELFORD 115 KV  126A,KELFORD_115 KV_126A:L230.Edgecomb-Tarboro.229,EARLEYS 115KV - KELFORD 115KV (KELFORD 115 KV 126A) L230.Edgecomb-Tarboro.229
138 SILV 345 KV 138 SILVER 45TR82 CT,138 SILV_345 KV_TR82CT-P:345L13821 Silver Lake-Libertyville 345 kV Line,138 SILV 345KV - 138 SILV 1KV (138 SILV 345 KV TR82CT-P) 345L13821 Silver Lake-Libertyville 345 kV Line
EDANVILL 138 KV EDANVILL-BANISTER,FIELDALE_138 KV_FIE-THO1:L765.JacksonsFerry-Cloverdale + 138CB.JF.L,EDANVILL 138KV - BANISTER 138KV (EDANVILL 138 KV EDA-BAN1) L765.JacksonsFerry-Cloverdale + 138CB.JF.L
08LAPLJT138 KV  08L-SAN1,08LAPLJT_138 KV_08L-SAN1:Hortonvi-Whitesto 345 line,08LAPLJT 138KV - SANDERSO 138KV (08LAPLJT 138 KV 08L-SAN1) Hortonvi-Whitesto 345 line
FACEROCK69 KV   FAROZBR,FACEROCK_69 KV_FAROZBR:L500.Hunterstown-Conastone.5013,FACEROCK FAROZBR  SER DEV   A  69 KV L500.Hunterstown-Conastone.5013
ETOWANDA-NMESHOPP ETL 1057 B 115 KV,MAINESBG_345 KV_T1:ETowanda-Scotch Hollow-Grover-Marshall 230 kV,ETOWANDA 115KV - NMESHOPP 115KV (ETOWANDA 115 KV ETO-NME) ETowanda-Scotch Hollow-Grover-Marshall 230 kV
MONR_AE_69KVMON-VINE_1_LN,MONR AE_69 KV_MON-VINE:ACTUAL,MONR AE 69KV - VINELAND 69KV (MONR AE 69 KV MON-VINE) L230.Cedar-OysterCreek
MEHOOPAN115 KV  MEH-NME2,MEHOOPAN_115 KV_MEH-NME2:230/115.NorthMeshoppen.T3,MEHOOPAN 115KV - NMESHOPP 115KV (MEHOOPAN 115 KV MEH-NME2) 230/115.NorthMeshoppen.T3
CANYON  230 KV  CAN-EAS,CANYON_230 KV_CAN-EAS:L230.Moshannon-Chapman-Lobo-Marshall,ETOWANDA 230KV - CANYON 230KV (CANYON 230 KV CAN-EAS) L230.Moshannon-Chapman-Lobo-Marshall
NORTHWOO-QUARRY 1 1012 A 230 KV,NORTHWOO_230 KV_NOR-QUA:L230.MartinsCreek-Quarry,QUARRY 230KV - NORTHWOO 230KV (NORTHWOO 230 KV NOR-QUA) L230.MartinsCreek-Quarry
BUCKNGHM230 KV  TX3,BUCKNGHM_230 KV_TX3:ACTUAL,BUCKNGHM 35KV - BUCKNGHM 230KV (BUCKNGHM 230 KV TX3) BASE
KENZIECR345 KV  TR1,KENZIECR_345 KV_TR1:L138.Corey-Mottville,KENZIECR 345KV - KENZIECR 138KV (KENZIECR 345 KV TR1) L138.Corey-Mottville
DEQUINE_345KVDEQ-FOWJ_1_LN,DEQUINE_345 KV_DEQ-FOWJ:ACTUAL,FOWLERJC 345KV - DEQUINE 345KV (DEQUINE 345 KV DEQ-FOWJ) BASE
43 WILDW138 KV 7612 4,43 WILDW_138 KV_7612 4:L765.Dumont-Wilton Center.11215,7612 138KV - 43 WILDW 138KV (43 WILDW 138 KV 7612 4) L765.Dumont-WiltonCenter.11215
RACHELHI 115 KV RACHELHI-SCALPLEV HH 1027,CHASECTY_115 KV_1027:ACTUAL,RACHELHI 115KV - SCALPLEV 115KV (RACHELHI 115 KV RAC-SCA) BASE
MASTER_230KVMAS-NPH_1_LN,MASTER_230 KV_MAS-NPH:L500.HopeCreek-RedLion.5015,NPHILADE 230KV - MASTER 230KV (MASTER 230 KV MAS-NPH) L500.HopeCreek-RedLion.5015
REMINGTN230 KV  2077A,REMINGTN_230 KV_2077A:500/230.Bristers.TX1 (Sctnlz),REMINGTN 230KV - REMNTNCT 230KV (REMINGTN 230 KV 2077A) 500/230.Bristers.TX1 (Sctnlz)
EELKHART138 KV  EEL-MOT1,VALLEYIM_138 KV_1-P:138/69.Hartford.T1,EELKHART138 KV  EEL-MOT1 138/69.Hartford.T1
16 WAUKE 138 KV 16 WAUKE-282 ZION 1609,16 WAUKE_138 KV_1609:L345.Zion-Pleasant Prairie.2221,282 ZION 138KV - 16 WAUKE 138KV (16 WAUKE 138 KV 1609) BASE
189_CREG138 KV  CRE-WATE,189_CREG_138 KV_CRE-WATE:ACTUAL,113 WATE 138KV - 189_CREG 138KV (189_CREG 138 KV CRE-WATE) BASE
SENECA 230 KV SENECA NO3 230 XFORMER,SENECA_230 KV_NO3 230:ACTUAL,LINE    138 KV  BUT-KAR ERIEW   345 KV  1TXASHT3CB      OPEN    ERIEW   345 KV  ASHTW345CB      OPEN    SENECA  230 KV  NO1
DOEX530 345 KV  DOE-PIE1,DOEX530_345 KV_DOE-PIE1:L765.Baker-Broadford,DOEX530 345KV - PIERCE 345KV (DOEX530 345 KV DOE-PIE1) CliftyCreek.Plant.Loss_of_Scrubber.XF_104A
153 TAYL 138 KV 153 TAYL-197 GREN 15301,153 TAYL_138 KV_15301:ACTUAL,197 GREN 138KV - 153 TAYL 138KV (153 TAYL 138 KV 15301) BASE
GOLD    115 KV  GOL-HEC,GOLD_115 KV_GOL-HEC:ACTUAL,HECTOR 115KV - GOLD 115KV (GOLD 115 KV GOL-HEC) BASE
MIAMIFOR 138 KV MIAMIFOR-08GRDALE,08OAKLEY_138 KV_CEN-OAK:L345.Red Bank-Terminal,08GRDALE 138KV - MIAMIFOR 138KV (MIAMIFOR 138 KV MIA-08G1) L345.Red Bank-Terminal
BRUNNERI 230 KV BRUNNERI-MIDDLJCT #1 1056,BRUNNERI_230 KV_BRU-YOR:L500.Conastone-PeachBottom.5012,BRUNNERI-MIDDLJCT #1 1056   A  230 KV (NUKE) L500.PeachBottom-Conastone.5012
MARQUIS2_345KVMAR-DOE2_1_LN,MARQUIS2_345 KV_MAR-DOE2:L345.KygerCreek-Marquis,DOEX530 345KV - MARQUIS2 345KV (MARQUIS2 345 KV MAR-DOE2) L345.KygerCreek-Marquis
MARQUIS2345 KV  MAR-STUA,MARQUIS2_345 KV_MAR-STUA:ACTUAL,MARQUIS2 345KV - STUART2 345KV (MARQUIS2 345 KV MAR-STUA) BASE
HIGHRIDG230 KV  HIG-SAN1,HIGHRIDG_230 KV_HIG-SAN3:500/230.WaughChapel.500-1,SANDYSPG 230KV - HIGHRIDG 230KV (HIGHRIDG 230 KV HIG-SAN3) 500/230.WaughChapel.500-1
HARRSNBG 230 KV HARRSNBG-GROTTOES 260A,HARRSNBG_230 KV_260A:L500.Elmont-Cunningham.553,GROTTOES 230KV - HARRSNBG 230KV (HARRSNBG 230 KV 260A) L500.Elmont-Cunningham.553
HOSENSME230 KV  HOS-NBO,HOSENSME_230 KV_HOS-NBO:ACTUAL,HOSENSME 230KV - NBOYERTO 230KV (HOSENSME 230 KV HOS-NBO) BASE
GABLESW 138 KV  GAB-SCA,GABLESW_138 KV_GAB-SCA:345/138.Holloway.TR1,GABLESW 138KV - SCADIZ 138KV (GABLESW 138 KV GAB-SCA) 345/138.Holloway.TR1
KEYWOOD 138 KV  KEY-WOL1,KEYWOOD_138 KV_KEY-WOL1:ACTUAL,WOLFHILL 138KV - KEYWOOD 138KV (KEYWOOD 138 KV KEY-WOL1) L500.Broadford-Sullivan (TVA) Tie
GASTON4 230 KV  232A,GASTON4_230 KV_232A:ACTUAL,GASTON4 230KV - THELMA4 230KV (GASTON4 230 KV 232A) BASE
EDANVILL 138 KV EDANVILL-BANISTER,77 MAZON_138 KV_TR76 34:L765.Cloverdale-JoshuaFalls,EDANVILL 138KV - BANISTER 138KV (EDANVILL 138 KV EDA-BAN1) L765.Cloverdale-JoshuaFalls
CHURCH 69 KV CHURCH-NEWMERED 6704-1,CHURCH_69 KV_CHU-NME:138/69.Cheswold.AT1,CHURCH 69KV - NEWMERED 69KV (CHURCH 69 KV CHU-NME) 138/69.Cheswold.AT1
ROXBURY 115 KV  NO3 TX,ROXBURY_115 KV_NO3 TX:ACTUAL,ROXBURY 115KV - ROXBURY 23KV (ROXBURY 115 KV NO3 TX) BASE
VERMILION-NCHAMPGN 138KV L/O HOOPEST-ROSSVILLE 138KV,NCHAMPGN_138 KV_NCH-VERM:Hoopest-Rossvill 138kV,VERM1333 138KV - NCHAMPGN 138KV (NCHAMPGN 138 KV NCH-VERM) Hoopest-Rossvill 138kV
LEWISTOW115 KV LEW-REE,LEWISTOW_115 KV_LEW-REE:L500.Bedington-Black Oak,LEWISTOW 115KV - REEDSSS 115KV (LEWISTOW 115 KV LEW-REE) L500.Bedington-BlackOak
CHEROKE169 KV   CHE-DAN2,CHEROKE1_69 KV_CHE-DAN2:L230.Columbia-Montour,CHEROKE1 69KV - DANVILPL 69KV (CHEROKE1 69 KV CHE-DAN2) L230.Columbia-Montour
EDGEWATE 138 KV EDGEWATE-LOYALHAN SH-LH,LOYALHAN_138 KV_LOY-LUX:L500.Keystone-SouthBend.5001(513),EDGEWATE 138KV - LOYALHAN 138KV (EDGEWATE 138 KV EDG-LOY) L500.Keystone-SouthBend.5001(513)
MOSELEY_138KVMOS-ROA1_1_LN,MOSELEY_138 KV_MOS-ROA1:L765.Kammer-Belmont-Mountaineer,ROANOKE 138KV - MOSELEY 138KV (MOSELEY 138 KV MOS-ROA1) L765.Cloverdale-JoshuaFalls
CHARLTSV_230KV233A1_1_LN,CHARLTSV_230 KV_233A1:L500.Elmont-Cunningham.553,HYDROAD 230KV - CHARLTSV 230KV (CHARLTSV 230 KV 233A1) L500.Elmont-Cunningham.553
MOSELEY_138KVMOS-ROA1_1_LN,MOSELEY_138 KV_MOS-ROA1:L765.Jacksons Ferry -Cloverdale + 138 kV L CB,ROANOKE 138KV - MOSELEY 138KV (MOSELEY 138 KV MOS-ROA1) L765.Cloverdale-JoshuaFalls
LAYMAN_138KVLAY-WOL_1_LN,LAYMAN_138 KV_LAY-WOL:L500.Cloverdale-Lexington.566,WOLFCREE 138KV - LAYMAN 138KV (LAYMAN 138 KV LAY-WOL) L500.Cloverdale-Lexington.566
MARBLEHEAD NORTH 1 161/138 KV L/O MAYWOOD - HERELMAN 345 KV,MARBHD 3_161 KV_TR_1:Maywood-Herleman 345kV,MARBHD 3 161KV - MARBHD 3 138KV (MARBHD 3 161 KV TR_1) Maywood-Herleman 345kV
LAYTOJCT138 KV  LAY-SMI,LAYTOJCT_138 KV_LAY-SMI:L500.Cabot-Keystone.5002,SMITHTON 138KV - LAYTOJCT 138KV (LAYTOJCT 138 KV LAY-SMI) L500.Cabot-Keystone.5002
NEW CARISLE - BOSSERMAN2 138 KV L/O NEW CARISLE - BOSSERMAN1 138 KV,NEWCARLI_138 KV_NEW-NWN1:L138.NewCarlisle-Bosserni-Bosserman.Line2,NEWCARLI-NEWCARNI NEW-NWN1  B  138 KV L138.NewCarlisle-Bosserni-Bosserman.Line2
BERYL   138 KV  BER-MTZ,BERYL_138 KV_BER-MTZ:L500.Cloverdale-Lexington.566,MTZI APS 138KV - BERYL 138KV (BERYL 138 KV BER-MTZ) L500.Cloverdale-Lexington.566
KENNY   138 KV  KEN-ROB1,KENNY_138 KV_KEN-ROB1:L345.Vassell-HyattCS,ROBERTS2 138KV - KENNY 138KV (KENNY 138 KV KEN-ROB1) L345.Vassell-HyattCS
STAFFORD 230 KV 2104B,STAFFORD_230 KV_2104B:L500.LadySmth-Chancelr.581,CRANESCR 230KV - STAFFORD 230KV (STAFFORD 230 KV 2104B) L500.LadySmth-Chancelr.581
ALBRIGHT 138 KV ALBRIGHT-KINGWOOD 100,KINGWOOD_138 KV_KIN-PRU:L500.Black Oak-Hatfield,KINGWOOD 138KV - ALBRIGHT 138KV (ALBRIGHT 138 KV ALB-KIN) L500.BlackOak-Hatfield
WESTWOOD - NWTAP 138 KV L/O CAYUGA - CAYUGA 345 KV,CAYUGA2_230 KV_CAY-HILS:L345.Cayuga-Nucor (CIN),WESTWOOD 138KV - 08NW TAP 138KV (08NW TAP 138 KV NWT-WES) L345.Cayuga2-Cayuga3.34535(CIN)
LAFAYETTE SOUTH - FAIRFIELD 138KV L/O WESTWOOD - WESTLAFAYETTE 138KV,LAFAYSOU_138 KV_LAF-SHA:Westwood-08NW_Tap-WLafyett 138,NWTap-Purdue 138 kV l/o Westwood-NWTap-WestLafayette L138.Westwood-08NW_Tap-WLafyett
IDYLWOO4 230 KV IDYLWOO4-CLARK4 202A,IDYLWOO4_230 KV_202A:L230.PleasntView-EdwardsFerry-Dickerson.23111/203A,IDYLWOO4 230KV - CLARK4 230KV (IDYLWOO4 230 KV 202A) L230.PleasntView-EdwardsFerry-Dickerson.23111/203A
SUB 91 XF 345/161 KV L/O CORDOVA - SUB 39 345 KV,SUB 91_161 KV_S91-UTIC:Cordova-Sub 39(39-QC-1)345 Line,SUB 91 161KV - UTICAMEC 161KV (SUB 91 161 KV S91-UTIC) Cordova-Sub 39(39-QC-1)345 Line
18506_138KV185064_1_LN,18506_138 KV_18506 4:ACTUAL,18506 138KV - 220 S SC 138KV (18506 138 KV 18506 4) BASE
PLYMOUTH_230KVPLY-WHI4_1_LN,PLYMOUTH_230 KV_PLY-WHI4:WHITPAIN-PLYMOUTH MEETING 220-15,WHITPAIN 230KV - PLYMOUTH 230KV (PLYMOUTH 230 KV PLY-WHI4) L230.Whitpain-PlymouthMeeting.220-15
GRAYSFER230 KV  GRA-SCH7,GRAYSFER_230 KV_GRA-SCH7:ACTUAL,GRAYSFER 230KV - SCHUYLKI 230KV (GRAYSFER 230 KV GRA-SCH7) BASE
STAFFORD 230 KV 2104B,STAFFORD_230 KV_2104B:L500.Bristers-Ox.539,CRANESCR 230KV - STAFFORD 230KV (STAFFORD 230 KV 2104B) L500.Bristers-Ox.539
WEST CONTINGENCY 42,APSOUTH contingency 36:L500.MtStorm-Pruntytown.554,WEST contingency 42 L500.MtStorm-Pruntytown.554
198 DESP138 KV  I19801,198 DESP_138 KV_19801 Z1:ACTUAL,198 DESP138 KV  I19801 BASE
CARLYLES230 KV  CAR-POT1,CARLYLES_230 KV_CAR-POT1:L230.GlenCarlyn-FallsChurch-Idylwood.251,CARLYLES 230KV - POTOMACY 230KV (CARLYLES 230 KV CAR-POT1) L230.GlenCarlyn-FallsChurch-Idylwood.251
SANDHIL2_138KVSAN-WAY_1_LN,SANDHIL2_138 KV_SAN-WAY:ACTUAL,SANDHIL2 138KV - WAYMAN 138KV (SANDHIL2 138 KV SAN-WAY) BASE
ASHTABUL138 KV  ASH-04S3,ASHTABUL_138 KV_ASH-04S3:ACTUAL,ASHTABUL 138KV - SANBORN 138KV (ASHTABUL 138 KV ASH-04S3) L345.Ashtabula-Perry
MAHOMET - OCB 1303 138 KV L/O PAXTON - GIFFORD 138 KV,NCHAMPGN_138 KV_NCH-VERM:Paxton - Gifford 138 kV,WEEDMAN3 138KV - MAHOMET 138KV (WEEDMAN3 138 KV 1592   4) Paxton - Gifford 138 kV
CAPITOLH 138 KV CAPITOLH-CHEMICAL,CAPITOLH_138 KV_CAP-CHE1:345/138.KanawhaRiver.A,CHEMICAL 138KV - CAPITOLH 138KV (CAPITOLH 138 KV CAP-CHE1) 345/138.KanawhaRiver.B
CHESWOLD138 KV  CHE-FEL,CHESWOLD_138 KV_CHE-FEL:L230.Cartanza-Milford.23033,CHESWOLD 138KV - FELTON 138KV (CHESWOLD 138 KV CHE-FEL) L230.Cartanza-Milford.23033
HOMERCIT 230 KV HOMERCIT-SHELOCTA KHC 2014,HOMERCIT_230 KV_HOM-SHE:L345.ErieSouth-ErieWest.3001,SHELOCTA 230KV - HOMERCIT 230KV (HOMERCIT 230 KV HOM-SHE) L345.ErieSouth-ErieWest.3001
STAFFORD_230KV2104B_1_LN,STAFFORD_230 KV_2104B:ACTUAL,STAFFORD230 KV  2104B 500/230.Ladysmith.T1
GENMOTOR115 KV  GEN-NOR1,FRANKTAP_115 KV_FRN-GEN1:ACTUAL,GENMOTOR115 KV  GEN-NOR1 BASE
CLINHOSP138 KV  CLI-INL1,CLINHOSP_138 KV_CLI-INL1:ACTUAL,INLAND 138KV - CLINHOSP 138KV (CLINHOSP 138 KV CLI-INL1) Perry.U1 (for SA)
153 TAYL138 KV TR82CT-S,153 TAYL_138 KV_TR82CT-S:ACTUAL,153 TAYL 1KV - 153 TAYL 138KV (153 TAYL 138 KV TR82CT-S) BASE
11 FISK 138 KV  TR81CT-S,11 FISK_138 KV_TR82CT-S:ACTUAL,11 FISK 138 KV  TR81CT-S BASE
GORE APS 138 KV GORE APS-STONEWAL JST4,GORE APS_138 KV_GOR-STO:L500.Bismark-Doubs,GORE APS 138KV - STONEWAL 138KV (GORE APS 138 KV GOR-STO) L500.Bismark-Doubs
ALTAVSTA 138 KV ALTAVSTA TX4 XFORMER,ALTAVSTA_138 KV_TX4:ACTUAL,ALTAVSTA TX4      XFORMER   L  115 KV L765.Jacksons Ferry -Cloverdale + 138 kV L CB
AQUAHAR_230KVAQU-GAR1_1_LN,AQUAHAR_230 KV_AQU-GAR1:L500.Bristers-Ox.539,AQUAHAR 230KV - GARRSNV 230KV (AQUAHAR 230 KV AQU-GAR1) L500.Bristers-Ox.539
PRESTON-TANYARD 6716-5 B 69 KV,PRESTON_69 KV_PRE-TOD:L230.IndianRiver-Milford.23034,PRESTON-TANYARD 6716-5 L230.IndianRiver-Milford.23034
PLEASNTV-ASHBURN 274D A 230 KV,PLEASNTV_230 KV_274D:L230.Belmont-CochranMill-Ashburn-Beaumeade.227,PLEASNTV 230KV - ASHBURN 230KV (PLEASNTV 230 KV 274D) L230.Brambleton-Belmont.201
PLEASNTV_230KV274D_1_LN,PLEASNTV_230 KV_274D:L230.GooseCreek-Ashburn-Beaumeade.227,PLEASNTV 230KV - ASHBURN 230KV (PLEASNTV 230 KV 274D) TEMP.GooseCreek-Ashburn-Beaumeade.227+BLMNT.CLO
AMOS 765 KV AMOS 5-P XFORMER,AMOS_765 KV_5-P:L765.Culloden-Wyoming,AMOS     6        XFORMER   H  765 KV L765.Culloden-Wyoming
REED    138 KV  REE-TRI1,REED_138 KV_REE-TRI1:345/138.AllenIM.T1,REED 138KV - TRIER 138KV (REED 138 KV REE-TRI1) 345/138.AllenIM.T1
ARMSTRON 138 KV ARMSTRON-BURMA ARG-BM,ARMSTRON_138 KV_ARM-BUR:Erie West-Ashtabula-Perry 345 kV line,ARMSTRON 138KV - BURMA 138KV (ARMSTRON 138 KV ARM-BUR) L345.Ashtabula-Perry
KARL    138 KV  KAR-MOR,KARL_138 KV_KAR-MOR:L138.Morse-Karl,MORSE 138KV - KARL 138KV (KARL 138 KV KAR-MOR) L138.Morse-Karl
ELWODOE-LNCOLNPK            A  138 KV,ELWODOE_138 KV_ELW-LNC1:L345.Hanna-Juniper,ELWODOE 138KV - LNCOLNPK 138KV (ELWODOE 138 KV ELW-LNC1) L345.Hanna-Juniper
COLLINSV 138 KV COLLINSV-HUSTON 3281,COLLINSV_138 KV_HUS-COL:L345.EastBend-Terminal,COLLINSV 138KV - HUSTON 138KV (COLLINSV 138 KV HUS-COL) L345.EastBend-Terminal
BUZZARD 230 KV  BUZ-WAT3,BUZZARD_230 KV_BUZ-WAT3:ACTUAL,WATERFRO 230KV - BUZZARD 230KV (BUZZARD 230 KV BUZ-WAT3) BASE
GOUDEY 115 KV GOUDEY-LAURLAKE115 KVTIE,GOUDEY_115 KV_GOU-LAU:L230.Lackawanna-Lack.EC + Lackawanna.EC.CC,LAURELL 115KV - GOUDEY 115KV (GOUDEY 115 KV GOU-LAU) L230.Lackawanna-Lack.EC + Lackawanna.EC.CC
120 LOMB138 KV  TR84CT-S,120 LOMB_138 KV_TR84CT-S:ACTUAL,120 LOMB 1KV - 120 LOMB 138KV (120 LOMB 138 KV TR84CT-S) BASE
GLENDON 115 KV GLENDON-HOSENSAC 914,GLENDON_115 KV_GLE-NOR:ACTUAL,GLENDON-HOSENSAC 914        B  115 KV L230.Gilbert-Springfield
BULLRUN 230 KV  295C,BULLRUN_230 KV_295C:L500.Clifton-Mosby.559A,ELKLCKDP 230KV - BULLRUN 230KV (BULLRUN 230 KV 295C) L500.Clifton-Mosby.559A
MULLENSV138 KV  MUL-PIN1,MULLENSV_138 KV_MUL-PIN1:L138.GlenLyn-Hinton,MULLENSV 138KV - PINNACLE 138KV (MULLENSV 138 KV MUL-PIN1) L138.GlenLyn-Hinton
EDINBUR4 138 KV EDINBUR4 TX3 XFORMER,EDINBUR4_138 KV_TX3:L500.Elmont-Cunningham.553,EDINBUR4 115KV - EDINBUR4 138KV (EDINBUR4 138 KV TX3) L500.Elmont-Cunningham.553
SBALTIMO138 KV  SBA-WMI1,SBALTIMO_138 KV_SBA-WMI1:L138.Bixby-Pickeri-Sifford,WMILLERS 138KV - SBALTIMO 138KV (SBALTIMO 138 KV SBA-WMI1) L138.Bixby-Pickeri-Sifford
PRGEORGE230 KV  TX1,PRGEORGE_230 KV_TX1:L230.Carson-ClubHouse.238 (Sctnlz),PRGEORGE 230KV - PRGEORGE 115KV (PRGEORGE 230 KV TX1) L230.Carson-ClubHouse.238 (Sctnlz)
HARRISCS138 KV  HAR-ZUB1,HARRISCS_138 KV_HAR-ZUB1:L138.Bixby-LSII,ZUBER 138KV - HARRISCS 138KV (HARRISCS 138 KV HAR-ZUB1) L138.Bixby-LSII
PAXE GIFF 138 KV L/O MORRISON GOODLAND 138KV,ROSSVILL_138 KV_ROS-VERM:Godlnd-Morrison 138kV + GodLnd 69/138kV XF1,Paxton East-Rantoul Jct l/o Goodland-Morrison & Goodland Xfmr 1 Godlnd-Morrison 138kV + GodLnd 69/138kV XF1
CRANBERY138 KV  CRA-JAC,CRANBERY_138 KV_CRA-JAC:L345.Toronto-WylieRidge,CRANBERY 138KV - JACKSNOE 138KV (CRANBERY 138 KV CRA-JAC) L345.Toronto-WylieRidge
HIGHLAOE_138KVHIG-COM1_1_LN,HIGHLAOE_138 KV_HIG-COM1:DBL:Hanna-Highland 345kv + Sammis-Wellsville 345kv,HIGHLAOE 138KV - COMERC 138KV (HIGHLAOE 138 KV HIG-COM1) L345.Hanna-Trumbull
JUNIPER 345 KV  BK5,JUNIPER_345 KV_BK5:345/138.Juniper.T6,JUNIPER 345KV - JUNIPER 138KV (JUNIPER 345 KV BK5) TEMP DBL:Juniper.T6&Juniper 345kV S412&S434 OPEN
BIGPINET_138KVBIG-KIS_1_LN,BIGPINET_138 KV_BIG-KIS:L500.Keystone-SouthBend.5001(513),KISKIVAL 138KV - BIGPINET 138KV (BIGPINET 138 KV BIG-KIS) L500.Keystone-SouthBend.5001(513)
BLANCO  69 KV   BLA-NEWM,BLANCO_69 KV_BLA-NEWM:L230.CedarCreek-SilverRun.23030,BLANCO 69KV - NEWMERED 69KV (BLANCO 69 KV BLA-NEWM) L230.CedarCreek-SilverRun.23030
SMITHTON 138 KV SMITHTON-YUKON LAYJ-YU,SMITHTON_138 KV_SMI-YUK:L500.Keystone-SouthBend.5001(513),YUKON 138KV - SMITHTON 138KV (SMITHTON 138 KV SMI-YUK) L500.Keystone-SouthBend.5001(513)
BEDINGTO 500 KV BEDINGTO TRAN 4 XFORMER,BEDINGTO_500 KV_TRAN 4:L500.Bedington-Doubs,BEDINGTO TRAN  2  XFORMER   H  500 KV L500.Bedington-Doubs
LAUSCHTO_T3_500T3_XF,LAUSCHTO_500 KV_T3:L500.Conastone-PeachBottom.5012,LAUSCHTO 500KV - LAUSCHTO 230KV (LAUSCHTO 500 KV T3) L500.Conastone-PeachBottom.5012
CHESTNUT115 KV  CHE-FRE7,CHESTNUT_115 KV_CHE-FRE7:L115.Granite-Hollofield-ViaductAve-Pumphrey.110528,CHESTNUT 115KV - FRED BC 115KV (CHESTNUT 115 KV CHE-FRE7) L115.Granite-Hollofield-ViaductAve-Pumphrey.110528
GREENTAP138 KV  GRE-ROX,GREENTAP_138 KV_GRE-ROX:L500.Bedington-BlackOak,ROXBURY 138KV - GREENTAP 138KV (GREENTAP 138 KV GRE-ROX) L500.Bedington-BlackOak
12 DRESDEN 38TR83 CT L 1 KV,143 WOLF_345 KV_TR81CT-P:L345.12 Dresden-111 ElctrcJct.1223+12 Dresden.TR83,12 DRESD 345KV - 12 DRESD 1KV (12 DRESD 345 KV TR83CT-P) L345.12 Dresden-900 Elwood.1222
HAYNIE 115 KV HAY-PIN,HAYNIE_115 KV_HAY-PIN:L115.Eclipse-Piney.1038,PINEY 115KV - HAYNIE 115KV (HAYNIE 115 KV HAY-PIN) L115.Eclipse-Piney.1038
PLEASNT 138 KV PLEASNT -STMARYS STM-PLE,PLEASNT_138 KV_STM-PLE:L500.Kammer-502Jct+765/500.Kammer.200,PLEASNT 138KV - STMARYS 138KV (PLEASNT 138 KV STM-PLE) L500.Kammer-502Jct + 765/500.Kammer.200
CLAYTOR 138 KV  CLA-SCH1,CLAYTOR_138 KV_CLA-SCH1:765/138.JacksonsFerry.XF3,CLAYTOR 138KV - SCHRISTI 138KV (CLAYTOR 138 KV CLA-SCH1) 765/138.JacksonsFerry.XF3
EDWSFERY_230KV23111_1_LN,EDWSFERY_230 KV_23111:ACTUAL,DICKERSO 230KV - EDWSFERY 230KV (EDWSFERY 230 KV 23111) L500.BurchesHill-PossumPoint.560
NSALISBU 69 KV NSALISBUR-PEMBERTON 6701-1,NSALISBU_69 KV_NSA-ROCK:L138.Loretto-PineyGrove.13777,NSALISBUR-PEMBERTON 6701-1  B  69 KV L230.IndianRvr-PineyGrve.23002+230/138.PinyGr.AT20
BEAVER  345 KV  TR1,BEAVER_345 KV_TR1:L345.Beaver-LakeAvenue.1,BEAVER 345KV - BEAVER 138KV (BEAVER 345 KV TR1) L345.Beaver-LakeAvenue.1
KEYWOOD_138KVKEY-WOL1_1_LN,KEYWOOD_138 KV_KEY-WOL1:L500.Broadford-Sullivan (TVA) Tie,WOLFHILL 138KV - KEYWOOD 138KV (KEYWOOD 138 KV KEY-WOL1) L500.Broadford-Sullivan (TVA) Tie
08LAPLJT138 KV  08L-SAN1,08LAPLJT_138 KV_08L-SAN1:Jefferson-Rockport 765+Rockport Unit 2,08LAPLJT 138KV - SANDERSO 138KV (08LAPLJT 138 KV 08L-SAN1) Jefferson-Rockport 765+Rockport Unit 2
108 LOCK 345 KV 108 LOCK-935 KEND 10806,108 LOCK_345 KV_10806:ACTUAL,935 KEND 345KV - 108 LOCK 345KV (108 LOCK 345 KV 10806) BASE
LAKVEW 138 KV LAKVEW-GREENFOE,LAKVEW_138 KV_LAK-GRE1:L345.DavisBesse-Hayes,LAKVEW 138KV - GREENFOE 138KV (LAKVEW 138 KV LAK-GRE1) L345.DavisBesse-Hayes
CLAYMONT_69KVCLA-NAA_1_LN,CLAYMONT_69 KV_CLA-NAA:ACTUAL,CLAYMONT 69KV - NAAMANS 69KV (CLAYMONT 69 KV CLA-NAA) L230.Edgemoor-Harmony.23012
GRACETON 230 KV GRACETON-SAFEHARB 2303,GRACETON_230 KV_GRA-MANO:500/230.Conastone.500-2,GRACETON-SAFEHARB 2303      A  230 KV L500.Brighton-Conastone
CHALKPT 230 KV  T1,CHALKPT_230 KV_T1:ACTUAL,CHALKPT 230KV - CHALKPT 69KV (CHALKPT 230 KV T2) 230/69.ChalkPoint.T1.T3
CARL_PN_115KVCAR-GAR_1_LN,CARL PN_115 KV_CAR-GAR:ACTUAL,CARL PN 115KV - GARDNERS 115KV (CARL PN 115 KV CAR-GAR) L500.Bedington-Doubs
KEENEY  138 KV  13822,KEENEY_138 KV_13822:L500.PeachBottom.BusTie.2,KEENEY  138 KV  13822 L500.PeachBottom.BusTie.2
ECLIPSE_115KVECL-PIN_1_LN,ECLIPSE_115 KV_ECL-PIN:L345.ErieWest-Wayne.3004,PINEY 115KV - ECLIPSE 115KV (ECLIPSE 115 KV ECL-PIN) L345.ErieWest-Wayne.3004
BRUNOTIS138 KV BRU-FOR,BRUNOTIS_138 KV_BRU-FOR:L345.Arsenal-BrunotIsland.305,BRUNOTIS 138KV - FORBES 138KV (BRUNOTIS 138 KV BRU-FOR) L345.Arsenal-BrunotIsland.305
CLAYTOR 138 KV  CLA-EDG1,CLAYTOR_138 KV_CLA-EDG1:L765.JacksonsFerry-Cloverdale + 138CB.JF.L,CLAYTOR 138KV - EDGEMONT 138KV (CLAYTOR 138 KV CLA-EDG1) L765.JacksonsFerry-Cloverdale + 138CB.JF.L
CONASTON_T2_500500-2_XF,NOTTINGH_230 KV_2-3:DBL:Conastone.TX500-2 & L500.Brighton-Constne.5011,CONASTON 230KV - NRTHWES2 230KV (CONASTON 230 KV CNS-NOR2) L500.Brighton-Conastone.5011
TODDHUNT345 KV  16,TODDHUNT_345 KV_16:L345.Foster-Garver,TODDHUNT 345KV - TODDHUNT 138KV (TODDHUNT 345 KV 16) L345.Foster-Garver
BRIGHTON230 KV  BRI-BUR5,BRIGHTON_230 KV_BRI-BUR5:L500.BurchesHill-PossumPoint.560,BRIGHTON 230KV - BURTONSV 230KV (BRIGHTON 230 KV BRI-BUR5) L500.BurchesHill-PossumPoint.560
LIMERICK500 KV  LIM 4B-P,LIMERICK_500 KV_LIM 4B-P:L230.Limerick-Lock.220-61,LIMERICK 1KV - LIMERICK 500KV (LIMERICK 500 KV LIM 4B-P) L230.Limerick-Lock.220-61
TODDSTVN115 KV  198D,TODDSTVN_115 KV_198D:L500.Morrisville-Spotsylvania.594,TODDSTVN 115KV - NIRIVER 115KV (TODDSTVN 115 KV 198D) L500.Morrisville-Spotsylvania.594
ASHTABUL_345KVASH-ERI_1_LN,ASHTABUL_345 KV_ASH-ERI:ACTUAL,ASHTABUL 345KV - ERIEW 345KV (ASHTABUL 345 KV ASH-ERI) BASE
MIFFLIN 138 KV  MIF-STE1,MIFFLIN_138 KV_MIF-STE1:L345.Vassell-HyattCS,STELZER 138KV - MIFFLIN 138KV (MIFFLIN 138 KV MIF-STE1) L345.Vassell-HyattCS
YUKON 500 KV YUKON TRAN 2 XFORMER,YUKON_500 KV_TRAN 6:L500.Cabot-Keystone.5002,YUKON    TRAN  2  XFORMER   H  500 KV L500.Cabot-Keystone.5002
NEWCARLI 138 KV NEWCARLI-OLIVE,NEWCARLI_138 KV_NEW-PIN1:L345.Cook-Olive,NEWCARLI138 KV  NEW-MAP2 OLIVE GREEN ACRES 345KV LINE
CEDARCRE 230 KV CEDARCRE-MILFORD 23031,CEDARCRE_230 KV_CED-MIL:L230.Cartanza-SilverRun.23032,CEDARCRE 230KV - MILFORD 230KV (CEDARCRE 230 KV CED-MIL) L230.Cartanza-SilverRun.23032
BEATTY  138 KV  BEA-BOL,BEATTY_138 KV_BEA-BOL:L138.WilsonCS-Beatty,BEATTY 138KV - BOLTON 138KV (BEATTY 138 KV BEA-BOL) L138.WilsonCS-Beatty
HOMERCIT_230KVHOM-SHE_1_LN,HOMERCIT_230 KV_HOM-SHE:L345.HandsomeLake-Wayne,SHELOCTA 230KV - HOMERCIT 230KV (HOMERCIT 230 KV HOM-SHE) L345.HandsomeLake-Wayne
CEDARCRE_138KVCED-CLA_1_LN,CEDARCRE_138 KV_CED-CLA:ACTUAL,CEDARCRE138 KV  CED-CLA Keeney-Steele.23009
KEWANEE - HENNEPIN 1552 138 KV L/O HENNEPIN - WOODHALL 1512 138 KV,BUREAU_138 KV_BUR-LTVS:L138.Hennepin-LTVSteel-Woodhall,Kewanee-HennepinTap 6101 138kV l/o EKewanee-PrinceTp-LTVSteel-Hennepin 138kV L138.EastKewanee-PrinceTap-LTVSteel-Hennepin.1552
AEP-DOM,AEP-DOM contingency 27 Catawba.U2301,TRANSFER INTERFACE: AEP-DOM Catawba.U2301
EDGEWOOD 115 KV EDGEWOOD-SHELOCTA LSH 1036,EDGEWOOD_115 KV_EDG-SHE:L500.Keystone-SouthBend.5001(513),SHELOCTA 115KV - EDGEWOOD 115KV (EDGEWOOD 115 KV EDG-SHE) L500.Keystone-SouthBend.5001(513)
GREYSPT 115 KV  GRE-HARM,GREYSPT_115 KV_GRE-HARM:L500.Carson-Midlothian.563,HARMONYV 115KV - GREYSPT 115KV (GREYSPT 115 KV GRE-HARM) L500.Carson-Midlothian.563
MADISON 138 KV  MAD-MEA1,MADISON_138 KV_MAD-MEA1:ACTUAL,MADISON 138KV - MEADOW 138KV (MADISON 138 KV MAD-MEA1) BASE
LAURELDP 69 KV LAURELDP-SHARP 6705-1,LAURELDP_69 KV_LAU-SHA:L230.Milford-Steele.23076,SHARP 69KV - LAURELDP 69KV (LAURELDP 69 KV LAU-SHA) L230.Milford-Steele.23076
ARMSTRON_138KVARM-BUR_1_LN,ARMSTRON_138 KV_ARM-BUR:L345.ErieWest-Wayne.3004,ARMSTRON 138KV - BURMA 138KV (ARMSTRON 138 KV ARM-BUR) L345.ErieWest-Wayne.3004
DEERCREE138 KV  DEE-DOO,DEERCREE_138 KV_DEE-DOO:ACTUAL,DOOVILLE 138KV - DEERCREE 138KV (DEERCREE 138 KV DEE-DOO) L138.Strawton-Mulfbtap-DeerCreek-FisherBody
116 GOOD345 KV  11622,116 GOOD_345 KV_11622:L345.Lisle-Lockport.10801,900 ELWO 345KV - 116 GOOD 345KV (116 GOOD 345 KV 11622) L345.Lisle-Lockport.10801
MIAMIFOR138 KV  MIA-NBEN,MIAMIFOR_138 KV_MIA-NBEN:ACTUAL,MIAMIFOR 138KV - NBEND 138KV (MIAMIFOR 138 KV MIA-NBEN) BASE
NEWCARLI138 KV  NEW-PIN1,NEWCARLI_138 KV_NEW-PIN1:L765.Collins - Plano.2315,NEWCARLI 138KV - PINEROAD 138KV (NEWCARLI 138 KV NEW-PIN1) L765.Collins - Plano.2315
LADYSMCT230 KV  LAD-SUMM,LADYSMCT_230 KV_LAD-SUMM:L230.Elmont-Hanover-FourRivers.2032,LADYSMCT 230KV - SUMMITDP 230KV (LADYSMCT 230 KV LAD-SUMM) L230.Elmont-Hanover-FourRivers.2032
BIGPINET_138KVBIG-KIS_1_LN,BIGPINET_138 KV_BIG-KIS:L345.Armstrong-HomerCity,KISKIVAL 138KV - BIGPINET 138KV (BIGPINET 138 KV BIG-KIS) L345.Armstrong-HomerCity
GATESHIL 138 KV GATESHIL-LARDIN GAT-LAR,GATESHIL_138 KV_GAT-LAR:ACTUAL,LARDIN 138KV - GATESHIL 138KV (GATESHIL 138 KV GAT-LAR) L500.Hatfield-Ronco
FRANKTAP115 KV  FRN-MOR,FRANKTAP_115 KV_FRN-MOR:L345.ErieSouth-ErieWest.3001,FRANKTAP 115KV - MORGANST 115KV (FRANKTAP 115 KV FRN-MOR) L345.ErieSouth-ErieWest.3001
SEWARD 115 KV SEWARD-TOWER51 H1H2 1097,SEWARD_115 KV_SEW-TOW:500/230.Keystone.T4,SEWARD 115KV - TOWER51 115KV (SEWARD 115 KV SEW-TOW) 500/230.Keystone.T4
SHAWVILL115 KV  BNK 1A-S,SHAWVILL_115 KV_BNK 1A-S:ACTUAL,SHAWVILL 1KV - SHAWVILL 115KV (SHAWVILL 115 KV BNK 1A-S) L230.Shawville-Shingletown.2022
BRUNOTIS345 KV  BRU-TEC,BRUNOTIS_345 KV_BRU-TEC:ACTUAL,BRUNOTIS 345KV - TECUMSEH 345KV (BRUNOTIS 345 KV BRU-TEC) BASE
STILLWELL-DUMONT 345KV LO GREEN ACRES-OLIVE 345,DUMONT2_345 KV_DUM-STI1:L345.Olive-GreenAcres.6615,STILLWEL 345KV - DUMONT2 345KV (DUMONT2 345 KV DUM-STI1) L345.Olive-GreenAcres.6615
ROXBURY NO2 TX XFORMER H 138 KV,ROXBURY_138 KV_NO2 TX:L500.SouthBend-Yukon,ROXBURY 115KV - ROXBURY 138KV (ROXBURY 138 KV NO2 TX) L500.SouthBend-Yukon
SWLIMA  138 KV  SWL-WMO1,SWLIMA_138 KV_SWL-WMO1:345/138.WestMilton.BK-W (Future),SWLIMA 138KV - WMOULTON 138KV (SWLIMA 138 KV SWL-WMO1) 345/138.WestMilton.BK-W (Future)
DAUPHIN 230 KV DAUPHIN-JUNIATA 1087,DAUPHIN_230 KV_DAU-JUN:500/230.Lauschtown.T3,JUNIATA 230KV - DAUPHIN 230KV (DAUPHIN 230 KV DAU-JUN) 500/230.Lauschtown.T3
KEENEY_230KVKEE-STE1_1_LN,KEENEY_230 KV_KEE-STE1:L230.CedarCreek-SilverRun.23030,KEENEY 230KV - STEELE 230KV (KEENEY 230 KV KEE-STE1) L230.CedarCreek-SilverRun.23030
111 ELEC 138 KV 111 ELEC-951 AURO 11105,111 ELEC_138 KV_11105:L345.111Electric Jct-144Wayne.11126,111 ELEC-951 AURO 11105     A  138 KV L345.111Electric Jct-144Wayne.11126
CHARLTSV 230 KV CHARLTSV-PROFITDP 2054B1,CHARLTSV_230 KV_2054B1:L500.Bismark-Doubs,CHARLTSV 230KV - PROFITDP 230KV (CHARLTSV 230 KV 2054B1) L500.Bismark-Doubs
POSSUMP4 230 KV POSSUMP4 2078Z SER DEV,POSSUMP4_230 KV_2078Z:L500.Bristers-Ox.539,POSSUMP4230 KV  2078Z L500.Bristers-Ox.539
GARDNERS 115 KV GARDNERS-TEXSEAST GAR-TEX,GARDNERS_115 KV_GAR-TEX:L115.Roxbury-AspenSolar,TEXSEAST 115KV - GARDNERS 115KV (GARDNERS 115 KV GAR-TEX) L115.Roxbury-AspenSolar
EMILIE-ROLL PE 130-39 A 138 KV,EMILIE_138 KV_EMI-ROL:L138.Emilie-Falls + 138/35.Falls.T1,EMILIE 138KV - ROLL PE 138KV (EMILIE 138 KV EMI-ROL) L138.Emilie-Falls + 138/35.Falls.T1
HUNLOCK_69KVHUN-MOU1_1_LN,HUNLOCK_69 KV_HUN-KOO:ACTUAL,HUNLOCK 69KV - MOUN UGI 69KV (HUNLOCK 69 KV HUN-MOU1) BASE
WAGNER 230 KV WAGNER 230-1 XFORMER,WAGNER_230 KV_230-1:ACTUAL,CONC_BC_115KVCON-MON_1_LN L230.BrandonShores-Wagner.2346
BLANCO  69 KV   BLA-NEWM,BLANCO_69 KV_BLA-NEWM:230/138.CedarCreek.AT20,BLANCO 69KV - NEWMERED 69KV (BLANCO 69 KV BLA-NEWM) 230/138.CedarCreek.AT20
JOHNSTOW 230 KV JOHNSTOW-SEWARD SJ 2018,JOHNSTOW_230 KV_JOH-SEW:500/230.Keystone.T4,SEWARD 230KV - JOHNSTOW 230KV (JOHNSTOW 230 KV JOH-SEW) 500/230.Keystone.T4
OTTER 138 KV OTTER-ALTAVIST,ALTAVSTA_115 KV_30A:New London Johnsonm Otter Altavist 138 kV circuit,ALTAVSTA115 KV  30A New London Johnsonm Otter Altavist 138 kV circuit
SAPONY  230 KV  TX2,SAPONY_230 KV_TX2:L345.Wellsville-Sammis,SAPONY 35KV - SAPONY 230KV (SAPONY 230 KV TX2) L345.Wellsville-Sammis
HUNTERST115 KV  HUN-RILE,HUNTERST_115 KV_HUN-RILE:ACTUAL,HUNTERST 115KV - RILEY 115KV (HUNTERST 115 KV HUN-RILE) BASE
51 MC CO 138 KV 51 MC CO-192 RIDG 5105,51 MC CO_138 KV_5105:ACTUAL,51 MC CO 138KV - 192 RIDG 138KV (51 MC CO 138 KV 5105) BASE
OX4 230 KV OX4 -GALLWSRD 2097B,OX4_230 KV_2097B:L500.Brambleton-GooseCreek.558,OX4 230KV - GALLWSRD 230KV (OX4 230 KV 2097B) L500.Brambleton-GooseCreek.558
CHALKPT_T16_230T2_XF,CHALKPT_230 KV_T3:ACTUAL,TODDHUNT138 KV  TODHNT15 345/138.Todhunter.T16
BIGPINET138 KV  BIG-GAR,BIGPINET_138 KV_BIG-GAR:L138.Kittanning-AllDam6,BIGPINET 138KV - GARRNJCT 138KV (BIGPINET 138 KV BIG-GAR) L138.Kittanning-AllDam6
OTTER 138 KV OTTER-ALTAVIST,OTTER_138 KV_OTT-ALT1:L765.Cloverdale-Joshua Falls,OTTER-ALTAVIST              A  138 KV L765.Jacksons Ferry -Cloverdale + 138 kV L CB
BEKAERT 69 KV   BEK-NSHL,BEKAERT_69 KV_BEK-WSHE:ACTUAL,BEKAERT 69 KV   BEK-NSHL BASE
WHITAKER115 KV  TX1,WHITAKER_115 KV_TX1:ACTUAL,WHITAKER 115KV - WHITAKER 35KV (WHITAKER 115 KV TX1) L765.Cloverdale-JoshuaFalls
CHURCH 69 KV CHURCH-NEWMERED 6704-1,CHURCH_69 KV_CHU-NME:L138.Conaway-IndianRiver.13766,KENT-NEWMERED 6704-2        B  69 KV L138.Conaway-IndianRiver.13766
REDOAKA 230 KV REDOAKA-SAYREVIL,REDOAKA_230 KV_REDA-SAY:ACTUAL,REDOAKA 230KV - SAYREVIL 230KV (REDOAKA 230 KV REDA-SAY) BASE
BATTLEBO115 KV  1001A,BATTLEBO_115 KV_1001A:L500.BrunswickSwitchingStationHeritage-Wake.570,BATTLEBO 115KV - CONSLDSL 115KV (BATTLEBO 115 KV 1001A) L500.BrunswickSwitchingStationHeritage-Wake.570
HOYTDAL2 138 KV HOYTDAL2-MAPLEOE,HOYTDAL2_138 KV_HOY-MAP1:ACTUAL,HOYTDAL2 138KV - MAPLEOE 138KV (HOYTDAL2 138 KV HOY-MAP1) L345.Hoytdale-Mansfield
LEESVILL 138 KV LEESVILL-SMITHMOU,LEESVILL_138 KV_LEE-SMI1:L138.Redeye-SmithMou,SMITHMOU 138KV - LEESVILL 138KV (LEESVILL 138 KV LEE-SMI1) L138.Redeye-SmithMou
MAPLEOE 138 KV MAPLEOE-JACKSNOE,MAPLEOE_138 KV_MAP-JAC1:L500.Cranberry-WylieRidge,JACKSNOE 138KV - MAPLEOE 138KV (MAPLEOE 138 KV MAP-JAC1) L500.Cranberry-WylieRidge
20 BRAID 345 KV 20 BRAID-66 E FRN 2003,20 BRAID_345 KV_2003:L765.Collins - Plano.2315,20 BRAID 345KV - 66 E FRN 345KV (20 BRAID 345 KV 2003) L765.Collins - Plano.2315
BARRCKRD230 KV 233B1,BARRCKRD_230 KV_233B1:L500.Elmont-Cunningham.553,BARRCKRD 230KV - HYDROAD 230KV (BARRCKRD 230 KV 233B1) L500.Elmont-Cunningham.553
08OAKLEY138 KV  CEN-OAK,08OAKLEY_138 KV_CEN-OAK:L345.Red Bank-Terminal,08OAKLEY 138KV - 08CNTRAL 138KV (08OAKLEY 138 KV CEN-OAK) L345.Red Bank-Terminal
DRAVOSBU 138 KV DRAVOSBU-WMIFFLIN Z-74,DRAVOSBU_138 KV_DRA-WMI4:L138.Dravosburg-Wilson.Z-72,DRAVOSBU-WMIFFLIN Z-73      B  138 KV L138.Dravosburg-Wilson.Z-72
CABINRUN230 KV  CAB-YARR,CABINRUN_230 KV_CAB-YARR:L230.Beaumead-Ashburn-PleasantView.274,YARDRIDG 230KV - CABINRUN 230KV (CABINRUN 230 KV CAB-YARR) L230.Beaumead-Ashburn-PleasantView.274
MUSEVILL138 KV  MUS-SMIT,MUSEVILL_138 KV_MUS-SMIT:L500.Carson-Midlothian.563,MUSEVILL 138KV - SMITHMOU 138KV (MUSEVILL 138 KV MUS-SMIT) L500.Carson-Midlothian.563
ALBRIGHT_138KVALB-SNO_1_LN,ALBRIGHT_138 KV_ALB-SNO:ACTUAL,ALBRIGHT138 KV  ALB-SNO GREENLAND GAP - MT STORM 500KV LINE
HARVARD 230 KV  HAR-TAK1,HARVARD_230 KV_HAR-TAK1:ACTUAL,TAKOMA 230KV - HARVARD 230KV (HARVARD 230 KV HAR-TAK1) BASE
CASS    69 KV   CAS-OAK1,CASS_69 KV_CAS-OAK1:ACTUAL,OAKHILPL 69KV - CASS 69KV (CASS 69 KV CAS-OAK1) BASE
150 CALU138 KV  0707,150 CALU_138 KV_0707:ACTUAL,150 CALU 138KV - 7 STATE 138KV (150 CALU 138 KV 0707) BASE
HEBRN_EK69 KV   HEB-HEBR,HEBRN_EK_69 KV_HEB-HEBR:ACTUAL,HEBRN_EK 69KV - HEBRON1 69KV (HEBRN_EK 69 KV HEB-HEBR) DTX138.MiamiFort.TB7C
12 DRESD345 KV  93505_1,12 DRESD_345 KV_93505_1:345L2310 Collins-Kendall 345 kV Line,935 KEND 345KV - 12 DRESD 345KV (12 DRESD 345 KV 93505_1) 345L2310 Collins-Kendall 345 kV Line
133 ROCK138 KV TR76 34,133 ROCK_138 KV_TR76 34:ACTUAL,133 ROCK 34.5KV - 133 ROCK 138KV (133 ROCK 138 KV TR76 34) L138.Keemin(MISO/Ameren)-Kewanee.7411
OLIVE   138 KV  2-S,OLIVE_138 KV_2-S:L345.Cook-Olive,OLIVE 138KV - OLIVE 1KV (OLIVE 138 KV 2-S) L345.Cook-Olive
BURTONSV 230 KV BURTONSV-OAKGROVE 23045,BURTONSV_230 KV_BUR-OAK5:ACTUAL,OAKGROVE 230KV - BURTONSV 230KV (BURTONSV 230 KV BUR-OAK5) BASE
SWLIMA  138 KV  SWL-WMO1,SWLIMA_138 KV_SWL-WMO1:L345.Miami-WestMilton-MiamiFort,SWLIMA 138KV - WMOULTON 138KV (SWLIMA 138 KV SWL-WMO1) L345.Miami-WestMilton-MiamiFort
EBERSOLE138 KV  EBE-NFI,EBERSOLE_138 KV_EBE-FLA:L345.EastLima-FostoriaCentral,EBERSOLE138 KV  EBE-NFI L345.EastLima-FostoriaCentral
SHELOCTA 230 KV SHELOCTA NO2 XFORMER,SHELOCTA_230 KV_NO2:L230.HomerCity-Shelocta.2014 (Sctnlz),SHELOCTA 230KV - SHELOCTA 115KV (SHELOCTA 230 KV NO2) L230.HomerCity-Shelocta.2014 (Sctnlz)
EVERTSUB_115KVEVE-STR_1_LN,EVERTSUB_115 KV_EVE-STR:L230.EastTowanda-Canyon-NMeshoppen,STROY 115KV - EVERTSUB 115KV (EVERTSUB 115 KV EVE-STR) L230.EastTowanda-Canyon-NMeshoppen
NOTTINGH 230 KV NOTTINGHM 1-3 SER DEV,NOTTINGH_230 KV_1-3:L500.Hunterstown-Conastone.5013,NOTTINGHM 1-3 SER DEV       A  230 KV L500.Hunterstown-Conastone.5013
HAWKINS 230 KV  HAW-HAW1,HAWKINS_230 KV_HAW-HAW1:ACTUAL,HAWKINS 230KV - HAWKINSM 230KV (HAWKINS 230 KV HAW-HAW1) BASE
GARDNERS 115 KV GARDNERS-TEXSEAST GAR-TEX,GARDNERS_115 KV_GAR-TEX:230/115.MiddletownJct.T5,TEXSEAST 115KV - GARDNERS 115KV (GARDNERS 115 KV GAR-TEX) 230/115.MiddletownJct.T5
CONASTON_500KVCNS-PEA_1_LN,CONASTON_500 KV_CNS-PEA:L500.Hunterstown-Conastone.5013,PEACHBOT 500KV - CONASTON 500KV (CONASTON 500 KV CNS-PEA) L500.Hunterstown-Conastone.5013
WTKINSCR115 KV  93B,WTKINSCR_115 KV_93B:L115.Pecan-Carolina.1010,WTKINSCR 115KV - FRANKLI4 115KV (WTKINSCR 115 KV 93B) L115.Pecan-Carolina.1010
WILSON  138 KV  WIL-WMI2,WILSON_138 KV_WIL-WMI:L345.Hoytdale-Mansfield,WMIFFLIN 138KV - WILSON 138KV (WILSON 138 KV WIL-WMI) L345.Hoytdale-Mansfield
SAPONY  230 KV  TX2,SAPONY_230 KV_TX2:Jefferson-Rockport 765+Rockport Unit 2,SAPONY 35KV - SAPONY 230KV (SAPONY 230 KV TX2) Jefferson-Rockport 765+Rockport Unit 1
MAINSTRE138 KV  MAI-RIV1,MAINSTRE_138 KV_MAI-RIV1:L345.Cook-Segreto,RIVERSIM 138KV - MAINSTRE 138KV (MAINSTRE 138 KV MAI-RIV1) L345.Cook-Segreto
SHELOCTA 230 KV SHELOCTA NO2 XFORMER,SHELOCTA_230 KV_NO2:L500.SouthBend-Yukon,SHELOCTA 230KV - SHELOCTA 115KV (SHELOCTA 230 KV NO2) L500.SouthBend-Yukon
GRAPEVIN_230KVGRA-MTEA_1_LN,GRAPEVIN_230 KV_GRA-MTEA:L500.Midlothian-NorthAnna.576,GRAPEVIN 230KV - MTEAGLE 230KV (GRAPEVIN 230 KV GRA-MTEA) L500.Midlothian-NorthAnna.576
NRTHNECK115 KV  TX2B,NRTHNECK_115 KV_TX2B:ACTUAL,NRTHNECK 13KV - NRTHNECK 115KV (NRTHNECK 115 KV TX2B) BASE
DOEX530 345 KV  DOE-PIE1,DOEX530_345 KV_DOE-PIE1:L765.Culloden-Wyoming,DOEX530 345KV - PIERCE 345KV (DOEX530 345 KV DOE-PIE1) L765.Culloden-Wyoming
BELLEFON138 KV  T3,BELLEFON_138 KV_T3:ACTUAL,BELLEFON138 KV  BEL-GRA1 MAXCR: 500/230.Keystone.T3 + U1 + U2 + 5003 + 5004
BAIR_115KVBAI-JAC_1_LN,BAIR_115 KV_BAI-JAC:ACTUAL,JACK ME 115KV - BAIR 115KV (BAIR 115 KV BAI-JAC) 230/115.Yorkana.T3
TANNERSC 345 KV TANNERSC-EBEND,EBEND_345 KV_EBE-TER1:L765.Marysville-Sorenson,TANNERSC 345KV - EBEND 345KV (TANNERSC 345 KV TAN-EBE1) L765.Marysville-Sorenson
AP SOUTH REACTIVE TRANSFER INTERFACE,Western Interface for l/o Mt Storm-Meadowbrook:L500.MtStorm-Meadowbrook.5529,TRANSFER INTERFACE: APSOUTH L500.MtStorm-Meadowbrook.5529
CHARLERO 138 KV CHARLERO-GORDEN,CHARLERO_138 KV_CHA-GOR:L500.502Junction-NorthLongview,YUKON 138KV - CHARLERO 138KV (CHARLERO 138 KV CHA-YUK) L500.502Junction-NorthLongview
MOUN UGI 230 KV MOUN UGI 2 XFORMER,MOUN UGI_230 KV_2:500/230.Susquehanna.T21 (Sctnlz),MOUN UGI230 KV  2 500/230.Susquehanna.T21 (Sctnlz)
ARMCO_1C138 KV  ARM-TODD,ARMCO_1C_138 KV_ARM-TODD:ACTUAL,TODDHUNT 138KV - ARMCO_1C 138KV (ARMCO_1C 138 KV ARM-TODD) BASE
43 WILDW138 KV  TR73_12,43 WILDW_138 KV_TR73_12:L500.Bismark-Doubs,43 WILDW 12.5KV - 43 WILDW 138KV (43 WILDW 138 KV TR73_12) L500.Bismark-Doubs
HANOVER 69 KV HAN-PLY,HANOVER_69 KV_HAN-PLY:230/66.Mountain.T1 (Sctnlz),HANOVER 69KV - PLYM UGI 69KV (HANOVER 69 KV HAN-PLY) 230/66.Mountain.T1 (Sctnlz)
CATA TP 138 KV  CAT-EAL2,CATA TP_138 KV_CAT-EAL2:ACTUAL,CATA TP 138KV - E ALL TP 138KV (CATA TP 138 KV CAT-EAL2) BASE
OX4 230 KV OX4 -GALLWSRD 2097B,OX4_230 KV_2097B:L230.Shellhorn-Enterprise.2186,OX4 230KV - GALLWSRD 230KV (OX4 230 KV 2097B) L230.Shellhorn-Enterprise.2186
COOK    345 KV  4-S,COOK_345 KV_4-S:L765.Dumont-Sorenson,COOK 1KV - COOK 345KV (COOK 345 KV 4-S) L765.Dumont-Sorenson
133 ROCK138 KV TR77 34,133 ROCK_138 KV_TR77 34:L500.RhodesLane-Yukon.518,133 ROCK 138KV - 133 ROCK 34.5KV (133 ROCK 138 KV TR77 34) L500.RhodesLane-Yukon.518
DIAMONDG_115KVDIA-TREG_1_LN,SKIPPERS_115 KV_SKI-TREG:ACTUAL,DIAMONDG 115KV - TREGO 115KV (DIAMONDG 115 KV DIA-TREG) BASE
MAINESBG345 KV  T1,MAINESBG_345 KV_T1:ETowanda-Scotch Hollow-Grover-Marshall 230 kV,MAINESBG345 KV  T1 ETowanda-Scotch Hollow-Grover-Marshall 230 kV
QUAD CITIES-H471 0404 L/O CORDOVA-NELSON 15503,4 QUAD C_345 KV_404:L345.Nelson-Cordova.15503 SPOG 1-3-G,Quad Cities-H471 0404 l/o Cordova-Nelson 15503 L345.Nelson-Cordova.15503 SPOG 1-3-G
DOEX530 345 KV  DOE-PIE2,DOEX530_345 KV_DOE-PIE2:L765.HangingRock-Jefferson,PIERCE 345KV - DOEX530 345KV (DOEX530 345 KV DOE-PIE2) L765.HangingRock-Jefferson
BERLNLK 138 KV  BER-BLUE,BERLNLK_138 KV_BER-BLUE:L345.Hanna-Juniper,BERLNLK 138KV - BLUEBELL 138KV (BERLNLK 138 KV BER-BLUE) L345.Hanna-Juniper
EDWSFERY230 KV  23111,EDWSFERY_230 KV_23111:ACTUAL,DICKERSO 230KV - EDWSFERY 230KV (EDWSFERY 230 KV 23111) L500.BurchesHill-PossumPoint.560
CLIFTNFG230 KV  TX2,CLIFTNFG_230 KV_TX2:ACTUAL,CLIFTNFG 230KV - CLIFTNFG 138KV (CLIFTNFG 230 KV TX2) BASE
74 KEWAN 138 KV 74 KEWAN L74B1Z3 SER DEV,74 KEWAN_138 KV_7405 2:L138.Keemin-18706-187SchauffRoad.18706,74 KEWAN138 KV  L74B1Z3 L138.Keemin-18706-187SchauffRoad.18706
RACINE  69 KV   1,RACINE_69 KV_1:ACTUAL,RACINE 69KV - RACINE 8KV (RACINE 69 KV 1) BASE
JACK ME 115 KV JACK ME-MENGES 994-1,JACK ME_115 KV_JAC-NHA:L500.Conastone-PeachBottom.5012,JACK ME 115KV - MENGES 115KV (JACK ME 115 KV JAC-MEN) L500.Conastone-PeachBottom.5012
EDANVILL 138 KV EDANVILL-BANISTER,EDANVILL_138 KV_EDA-BAN1:L500.Carson-RogersRoad.585,EDANVILL 138KV - BANISTER 138KV (EDANVILL 138 KV EDA-BAN1) L500.Carson-RogersRoad.585
AP SOUTH REACTIVE TRANSFER INTERFACE,SHADEGAP_115 KV_SHA-THR:L500.Hunterstown-Conastone.5013,TRANSFER INTERFACE: PA-CENT L500.Hunterstown-Conastone.5013
DOUBS   500 KV  DOU-GOO,DOUBS_500 KV_DOU-GOO:L500.Loudoun-Morrisville.569,DOUBS 500KV - GOOSECRE 500KV (DOUBS 500 KV DOU-GOO) L500.Loudoun-Morrisville.569
TANNERS CREEK - MIAMI FORT 345 KV L/O TANNERS CREEK - EAST BEND 345 KV,TANNERSC_345 KV_TAN-DEA1:L345.Tanners Creek-Miami Fort,Miami Fort 345/138-kV TX9 l/o East Bend-Terminal 345 kV L345.EastBend-Terminal
CLAYSBUR115 KV CLA-SUM,CAMBRIA_115 KV_CAM-SUM:L115.Hilltop-Krayn-RachelHill (HillclayJct&Salix),SUMM PN 115KV - CLAYSBUR 115KV (CLAYSBUR 115 KV CLA-SUM) L115.Hilltop-Krayn-RachelHill (HillclayJct&Salix)
SALTSPRG 138 KV SALTSPRG-MASURY,SALTSPRG_138 KV_SAL-MAS1:L138.Butler-ShanorManor-Krendale,SALTSPRG 138KV - MASURY 138KV (SALTSPRG 138 KV SAL-MAS1) L138.Butler-ShanorManor-Krendale
SPORNAEP-KYGERCRE TIE B 345 KV,KYGERCRE_345 KV_KYG-DOE3:L345.KygerCreek-Marquis,KYGERCRE 345KV - SPORNAEP 345KV (SPORNAEP 345 KV SPO-KYG1) L345.KygerCreek-Marquis
MOROCCO - ALLEN JUNCTION 345 KV L/O DAVIS BESSE U1,02JP_138 KV_02J-DIX1:345/138.Allen Junction.TR1,Morocco - Allen Junction 345 kV l/o Davis Besse U1 DavisBesse.U1
KYGERCRE345 KV  KYG-DOE3,KYGERCRE_345 KV_KYG-DOE3:ACTUAL,KYGERCRE 345KV - DOEX530 345KV (KYGERCRE 345 KV KYG-DOE3) L765.DonMarquis-HangingRock
STRYKER 13.2 KV TR3-T,STRYKER_138 KV_TR3-P:ACTUAL,STRYKER 1KV - STRYKER 13.2KV (STRYKER 13.2 KV TR3-T) BASE
CHICKHOM230 KV  2233A,CHICKHOM_230 KV_2233A:ACTUAL,CHICKHOM230 KV  2233A BASE
BUTLER  69 KV   BUT-SHE,BUTLER_69 KV_BUT-SHE:ACTUAL,SHERMAN 69KV - BUTLER 69KV (BUTLER 69 KV BUT-SHE) L500.HopeCreek-RedLion.5015
GRACETON 230 KV GRACETON-SAFEHARB 2303,FIVEFORK_115 KV_FIV-ROC1:L230.Graceton-Bagley-RaphaelRoad.2305,CHESTNUT 115KV - FRED BC 115KV (CHESTNUT 115 KV CHE-FRE7) L230.Graceton-Bagley-RaphaelRoad.2305
KYGERCRE345 KV  KYG-DOE4,KYGERCRE_345 KV_KYG-DOE4:ACTUAL,KYGERCRE 345KV - DOEX530 345KV (KYGERCRE 345 KV KYG-DOE4) BASE
11 FISK 138 KV 11 FISK -840 QUAR 1108,11 FISK_138 KV_1108:ACTUAL,11 FISK 138KV - 840 QUAR 138KV (11 FISK 138 KV 1108) BASE
CHERRYHI69 KV   CHE-MART,CHERRYHI_69 KV_CHE-NAZ2:L500.Hosensack-SteelCity.5032,CHERRYHI69 KV   CHE-MART BASE
SUTTON 138 KV SUT-SUT,SUTTON_138 KV_SUT-SUT:ACTUAL,HEATERS 138KV - SUTTON 138KV (HEATERS 138 KV HEA-SUT) L500.Cloverdale-Lexington.566
433 CHAN138 KV  7719 1,433 CHAN_138 KV_7719 1:ACTUAL,77 MAZON 138KV - 433 CHAN 138KV (433 CHAN 138 KV 7719 1) BASE
FRDRKSBG TX8 XFORMER H 230 KV,FRDRKSBG_230 KV_TX8:L230.Fredericksburg-Birchwood.2083,FRDRKSBG 230KV - FRDRKSBG 115KV (FRDRKSBG 230 KV TX8) L230.Fredericksburg-Birchwood.2083
REPUBSM 138 KV REP-BLU,REPUBSM_138 KV_REP-BLU:L345.Hanna-Juniper,REPUBSM 138KV - BLUEBELL 138KV (REPUBSM 138 KV REP-BLU) L345.Hanna-Juniper
DAWKINSB230 KV  DAW-VINT,DAWKINSB_230 KV_DAW-VINT:ACTUAL,VINTHILL 230KV - DAWKINSB 230KV (DAWKINSB 230 KV DAW-VINT) BASE
KEYSTONE_T5_2304TX-S_XF,KEYSTONE_230 KV_4 TX-S:345/138.Ashtabula.TR4,KEYSTONE 1KV - KEYSTONE 230KV (KEYSTONE 230 KV 4 TX-S) 345/138.Ashtabula.TR4
CUMB_PL_T3_2302_XF,CUMB PL_230 KV_2:230/69.Cumberland.T3 (Sctnlz),CUMB AE 230KV - CUMB AE 138KV (CUMB AE 230 KV T3) 230/69.Cumberland.T3 (Sctnlz)
EDINBORO 115 KV EDINBORO-VENANJCT MF 1019,EDINBORO115 KV EDI-VEN L345.ErieSouth-ErieWest.3001 + Seneca.1.Pump,EDINBORO-VENANJCT MF 1019   B  115 KV L345.ErieSouth-ErieWest.3001
OHIOCENT 138 KV OHIOCENT-SCOSHOCT,OHIOCENT_138 KV_OHI-WTR1:ACTUAL,OHIOCENT 138KV - SCOSHOCT 138KV (OHIOCENT 138 KV OHI-SCO1) TEMPDBL:L765.KMb+XF5+OHIOCENT-SCOS
MALISZEW_138KVMAL-HYA2_1_LN,MALISZEW_138 KV_MAL-HYA2:L765.Flatlick-Marysville,MALISZEW 138KV - HYATTCS 138KV (MALISZEW 138 KV MAL-HYA2) 765/345.Marysville.T2
FRENCHSM 138 KV FRENCHSM-JUNCTION JST1,FRENCHSM_138 KV_FRE-JUN:L500.Bismark-Doubs,JUNCTION 138KV - FRENCHSM 138KV (FRENCHSM 138 KV FRE-JUN) L500.Bismark-Doubs
BARTONVI 138 KV BARTONVI-MEADOWBR MSW1,BARTONVI_138 KV_BAR-STE:L500.Bedington-Doubs,BARTONVI-MEADOWBR MSW1      B  138 KV L500.Loudoun-Meadowbrook.5535
STEPHENS_138KVSTE-STO_1_LN,STEPHENS_138 KV_STE-STO:L500.Bedington-Doubs,STEPHENS 138KV - STONEWAL 138KV (STEPHENS 138 KV STE-STO) L500.Bedington-Doubs
SALTVILL_138KVSAL-TAZ1_1_LN,SALTVILL_138 KV_SAL-TAZ1:L765.Broadford-JacksonsFerry + B138.Broadford.R,SALTVILL 138KV - TAZEWELL 138KV (SALTVILL 138 KV SAL-TAZ1) L765.Broadford-JacksonsFerry+B138.Broadford.RL3
SAWMILL 138 KV  SAW-DUB1,SAWMILL_138 KV_SAW-DUB1:ACTUAL,SAWMILL 138KV - DUBLIN 138KV (SAWMILL 138 KV SAW-DUB1) BASE
120 LOMB138 KV  12016 1,120 LOMB_138 KV_12016 1:ACTUAL,120 LOMB 138KV - 12016 138KV (120 LOMB 138 KV 12016 1) BASE
SIEGFRIE_T2_2304_XF,SIEGFRIE_230 KV_4:L500.Hopatcong-Lackawanna.5063,HARWOOD 230KV - SIEGFRIE 230KV (HARWOOD 230 KV HAR-SIE) L500.Hopatcong-Lackawanna.5063
REPUBSM 138 KV REP-BLU,REPUBSM_138 KV_REP-BLU:DTX345.Sammis.CR2 + WestBus.345,REPUBSM 138KV - BLUEBELL 138KV (REPUBSM 138 KV REP-BLU) DTX345.Sammis.CR2 + WestBus.345
CHATFIEL138 KV  CHA-MEL,CHATFIEL_138 KV_CHA-MEL:L345.SouthBerwick-Galion,MELMORE 138KV - CHATFIEL 138KV (CHATFIEL 138 KV CHA-MEL) L345.SouthBerwick-Galion
GRANDVIE115 KV GRA-TIT,GRANDVIE_115 KV_GRA-TIT:L230.Glade-Warren.2088,GRANDVIE 115KV - TITUSVIL 115KV (GRANDVIE 115 KV GRA-TIT) L230.Glade-Warren.2088
WEFOSTOR138 KV WEF-02W1,WEFOSTOR_138 KV_WES-WOOD:L345.FostoriaCentral-Lallendorf,WEFOSTOR138 KV  WEF-02W1 L345.FostoriaCentral-Lallendorf
RITCHIE 230 KV  RIT-WAT6,RITCHIE_230 KV_RIT-WAT6:ACTUAL,RITCHIE 230KV - WATERFRO 230KV (RITCHIE 230 KV RIT-WAT6) BASE
CASHCNDP230 KV 2135B,CASHCNDP_230 KV_2135B:L500.Elmont-Cunningham.553,HOLLYMD 230KV - CASHCNDP 230KV (CASHCNDP 230 KV 2135B) L500.Elmont-Cunningham.553
153 TAYL 345 KV 153 TAYLOR 45TR82 CT,153 TAYL_345 KV_TR82CT-P:ACTUAL,7 STATE 345KV - 7 STATE 138KV (7 STATE 345 KV TR82CT) L345.177 Burnham-150 Calumet-153 Taylor.17724
PLYWOOD_115KV151A_1_LN,PLYWOOD_115 KV_151A:ACTUAL,SEDGEHIL 115KV - PLYWOOD 115KV (PLYWOOD 115 KV 151A) L500.Dooms-Lexington.555
46 DESPL345 KV  TR84CT-P,46 DESPL_345 KV_TR84CT-P:ACTUAL,46 DESPL 345KV - 46 DESPL 1KV (46 DESPL 345 KV TR84CT-P) BASE
LIMERICK_T1_500LIM4B-P_XF,LIMERICK_500 KV_LIM 4B-P:L230.Limerick-Cromby.220-60,LIMERICK 1KV - LIMERICK 500KV (LIMERICK 500 KV LIM 4B-P) L230.Limerick-Cromby.220-60
120_LOMB_138KV120071_1_LN,120 LOMB_138 KV_12008 1:ACTUAL,120 LOMB 138KV - 12016 138KV (120 LOMB 138 KV 12016 1) BASE
MILLBROO138 KV  MIL-NPO1,MILLBROO_138 KV_MIL-NPO1:L345.KygerCreek-Marquis,MILLBROO 138KV - NPORTSMO 138KV (MILLBROO 138 KV MIL-NPO1) L345.KygerCreek-Marquis
GLENDON_115KVGLE-NORW_1_LN,GLENDON_115 KV_GLE-NORW:L500.Hosensack-SteelCity.5032,NORTHWOO 115KV - GLENDON 115KV (GLENDON 115 KV GLE-NORW) L500.Hosensack-SteelCity.5032
ELKGARD2_138KVELK-LEB1_1_LN,ELKGARD2_138 KV_ELK-LEB1:L500.Broadford-Sullivan (TVA) Tie,LEBANON 138KV - ELKGARD2 138KV (ELKGARD2 138 KV ELK-LEB1) L500.Broadford-Sullivan (TVA) Tie
PLUM    138 KV  PLU-UNI,PLUM_138 KV_PLU-UNI:L500.Brighton-Conastone.5011,PLUM 138KV - UNIVERSA 138KV (PLUM 138 KV PLU-UNI) L500.Brighton-Conastone.5011
MIDDLJCT 115 KV MIDDLJCT-YORKHAVE 977-1,MIDDLJCT_115 KV_2 TX RE:500/230.Hunterstown.T1,MIDDLJCT 115KV - YORKHAVE 115KV (MIDDLJCT 115 KV MID-YOR7) 500/230.Hunterstown.T1
ALLLUD4J 138 KV ALLLUD4J-ALLDAM6 ALJ-ALL,ALLLUD4J_138 KV_ALJ-ALL:L115.Glory-Seward,ALLLUD4J 138KV - ALLDAM6 138KV (ALLLUD4J 138 KV ALJ-ALL) L115.Glory-Seward
ALLLUD4J_138KVALJ-ALL_1_LN,ALLLUD4J_138 KV_ALJ-ALL:L345.ErieWest-Ashtabula-Perry,ALLLUD4J 138KV - ALLDAM6 138KV (ALLLUD4J 138 KV ALJ-ALL) L345.ErieWest-Ashtabula-Perry
20 BRAID 345 KV 20 BRAID-66 E FRN 2001,20 BRAID_345 KV_2001:L765.Collins - Plano.2315,20 BRAID 345KV - 66 E FRN 345KV (20 BRAID 345 KV 2001) L765.Collins - Plano.2315
BALCFALL_115KV9C_1_LN,SKIMMER_115 KV_1:L500.Cloverdale-Lexington.566 + 500/230.Lexgtn.TX3,BALCFALL 115KV - GLASGOW4 115KV (BALCFALL 115 KV 9C) L500.Cloverdale-Lexington.566
MAPLEOE 138 KV MAPLEOE-JACKSNOE,MAPLEOE_138 KV_MAP-JAC1:L500.Keystone-SouthBend.5001(513),JACKSNOE 138KV - MAPLEOE 138KV (MAPLEOE 138 KV MAP-JAC1) L500.Keystone-SouthBend.5001(513)
GREYSPT 115 KV  GRE-HARM,GREYSPT_115 KV_GRE-HARM:L500.Elmont-Ladysmith.574,HARMONYV 115KV - GREYSPT 115KV (GREYSPT 115 KV GRE-HARM) L500.Elmont-Ladysmith.574
ASHBURN 230 KV  227A,PLEASNTV_230 KV_274D:L230.PleasantView-Belmont.2180,ASHBURN 230 KV  227A L230.PleasantView-Belmont.2180
MIDDLETO_138KVMID-MTP_1_LN,MIDDLETO_138 KV_MID-MTP:ACTUAL,MTPLEASN 138KV - MIDDLETO 138KV (MIDDLETO 138 KV MID-MTP) L230.Cartanza-Milford.23033
SHEPLJCT138 KV  SHE-SMI,SHEPLJCT_138 KV_SHE-SMI:L500.Cabot-Cranberry,SMITHTON 138KV - SHEPLJCT 138KV (SHEPLJCT 138 KV SHE-SMI) L500.Cabot-Cranberry
BIGPINET138 KV  BIG-KIS,BIGPINET_138 KV_BIG-KIS:L500.Keystone-SouthBend.5001(513),KISKIVAL 138KV - BIGPINET 138KV (BIGPINET 138 KV BIG-KIS) L500.Keystone-SouthBend.5001(513)
MUSEVILL138 KV  MUS-SMIT,MUSEVILL_138 KV_MUS-SMIT:L500.BrunswickSwitchingStationHeritage-Wake.570,MUSEVILL 138KV - SMITHMOU 138KV (MUSEVILL 138 KV MUS-SMIT) L500.BrunswickSwitchingStationHeritage-Wake.570
REMINGTN230 KV  TX3,REMINGTN_230 KV_TX3:L230.Remington-RemingtonCT.2077,REMINGTN 230KV - REMINGTN 115KV (REMINGTN 230 KV TX3) L230.Remington-RemingtonCT.2077
NAZARETH69 KV   NAZ-SIE2,CHERRYHI_69 KV_CHE-NAZ2:L500.Hosensack-SteelCity.5032,NAZARETH69 KV   NAZ-SIE2 L500.Hopatcong-Lackawanna.5063
EDGEWATE_138KVEDG-LOY_1_LN,EDGEWATE_138 KV_EDG-LOY:ACTUAL,EDGEWATE 138KV - LOYALHAN 138KV (EDGEWATE 138 KV EDG-LOY) L500.RhodesLane-Yukon.518
BUCKSKIN69 KV   BUC-GRE1,BUCKSKIN_69 KV_BUC-GRE1:L345.MiamiFort-Terminal.4514,BUCKSKIN 69KV - GREENFIE 69KV (BUCKSKIN 69 KV BUC-GRE1) L345.MiamiFort-Terminal.4514
ALLLUD4J_138KVALJ-ALL_1_LN,ALLLUD4J_138 KV_ALJ-ALL:345/138.Ashtabula.TR4,ALLLUD4J138 KV  ALJ-ALL 345/138.Ashtabula.TR4
FRDRKSBG115 KV  FRE-TRIA,FRDRKSBG_115 KV_FRE-TRIA:L500.Midlothian-NorthAnna.576,FRDRKSBG 115KV - TRIAGLTP 115KV (FRDRKSBG 115 KV FRE-TRIA) L500.Midlothian-NorthAnna.576
HOMERCIT 230 KV HOMERCIT-SHELOCTA KHC 2014,HOMERCIT_230 KV_HOM-SHE:L500.Juniata-Keystone.5004,KEYSTONE-SHELOCTA KHC 2014  A  230 KV L500.Juniata-Keystone.5004
GLENDON 115 KV GLENDON-HOSENSAC 914,GLENDON_115 KV_GLE-NORW:L500.Hosensack-SteelCity.5032,GLENDON 115KV - NORTHWT14502 115KV (GLENDON 115 KV GLE-NOR) L500.Hosensack-SteelCity.5032
PIPECREE138 KV  MUL-PIP1,PIPECREE_138 KV_PIP-STR:138/69.Jay.T1,PIPECREE138 KV  MUL-PIP1 345/138.Desoto.T2
HAYNIE_115KVHAY-PIN_1_LN,HAYNIE_115 KV_HAY-PIN:L345.HandsomeLake-Wayne,PINEY 115KV - HAYNIE 115KV (HAYNIE 115 KV HAY-PIN) L345.HandsomeLake-Wayne
ROXBURY 115 KV ROXBURY-SHADEGAP KR 1075,BRUNNERI_230 KV_BRU-YOR:L500.Hunterstown-Vinco.5068,ROXBURY-SHADEGAP KR 1075    B  115 KV Hunterstown-TexasEastern-Gardners (991) 115 kV lin
ASPENSLR115 KV  ASP-SHAD,ASPENSLR_115 KV_ASP-SHAD:L500.Bedington-BlackOak,SHADEGAP 115KV - ASPENSLR 115KV (ASPENSLR 115 KV ASP-SHAD) L500.Bedington-BlackOak
HAYNIE 115 KV HAY-PIN,HAYNIE_115 KV_HAY-PIN:L345.Ashtabula-Perry,PINEY 115KV - HAYNIE 115KV (HAYNIE 115 KV HAY-PIN) L345.ErieWest-Ashtabula-Perry
120_LOMB_T6_138TR82CT-S_XF,120 LOMB_138 KV_TR82CT-S:ACTUAL,120 LOMB 1KV - 120 LOMB 138KV (120 LOMB 138 KV TR82CT-S) BASE
BIGPINET138 KV  BIG-KIS,BIGPINET_138 KV_BIG-KIS:L500.Cabot-Keystone.5002,KISKIVAL 138KV - BIGPINET 138KV (BIGPINET 138 KV BIG-KIS) L500.Cabot-Keystone.5002
WESTWOOD XF 1 L/O EUGENE-DEQUINE 345KV,WESTWOOD_345 KV_1:Eugene-Dequine 345 kV,WESTWOOD 345KV - WESTWOOD 138KV (WESTWOOD 345 KV 1) Eugene-Dequine 345 kV
AMOS 345 KV AMOS-KANAWHAR,AMOS_345 KV_AMO-KAN1:L345.KanawhaRiver-Sporn,AMOS 345KV - KANAWHAR 345KV (AMOS 345 KV AMO-KAN1) L345.KanawhaRiver-Sporn
WAKRON 138 KV WAK-02B,WAKRON_138 KV_WAK-02B:L345.Hanna-Juniper,WAKRON 138KV - 02BRUSH 138KV (WAKRON 138 KV WAK-02B) L345.Hanna-Juniper
COLONIAL115 KV COL-ROC1,COLONIAL_115 KV_COL-ROC1:L500.Brighton-Conastone,ROCKRIDG 115KV - COLONIAL 115KV (COLONIAL 115 KV COL-ROC1) L500.Brighton-Conastone.5011
46_DESPL_T7_345TR84CT-P_XF,46 DESPL_345 KV_TR84CT-P:ACTUAL,46 DESPL 345KV - 46 DESPL 1KV (46 DESPL 345 KV TR84CT-P) BASE
LAKVEW_138KVLAK-GRE1_1_LN,LAKVEW_138 KV_LAK-GRE1:L345.DavisBesse-Hayes,LAKVEW 138KV - GREENFOE 138KV (LAKVEW 138 KV LAK-GRE1) L345.Beaver-DavisBesse
BOXWOOD 138 KV  BOX-REU1,BOXWOOD_138 KV_BOX-REU1:L500.Dooms-Valley.549,REUSENS 138KV - BOXWOOD 138KV (BOXWOOD 138 KV BOX-REU1) L500.Dooms-Valley.549
77 MAZON-0108 0108 2 B 138 KV,77 MAZON_138 KV_0108 2:ACTUAL,0108 138KV - 77 MAZON 138KV (77 MAZON 138 KV 0108 2) L345.DavisCreek-Braidwood.2004 SF SPOG 2-24
BIGPINET138 KV  BIG-GAR,BIGPINET_138 KV_BIG-GAR:L500.Cabot-Keystone.5002,GARRNJCT 138KV - BIGPINET 138KV (BIGPINET 138 KV BIG-GAR) L500.Cabot-Keystone.5002
FOSTORIA138 KV  FOS-MEL1,FOSTORIA_138 KV_FOS-IRNT:L138.FremontCenter-Fremont-WestFremont,FOSTORIA138 KV  FOS-MEL1 L138.FremontCenter-Fremont-WestFremont
HAZARD  161 KV  HAZ-WOO,HAZARD_161 KV_HAZ-WOO:L138.BigSandy-Inez,WOOTEN 161KV - HAZARD 161KV (HAZARD 161 KV HAZ-WOO) L138.BigSandy-Inez
FACEROCK 115 KV FACEROCK 1 XFORMER,FACEROCK_115 KV_1:500/230.Conastone.500-4,FACEROCK 69KV - FACEROCK 115KV (FACEROCK 115 KV 1) 500/230.Conastone.500-4
CEDARCRE 138 KV CEDARCRE-CLAYTON 13832,CLAYTON_138 KV_CLA-JON:230/138.Milford.AT20,CEDARCRE 138KV - CLAYTON 138KV (CEDARCRE 138 KV CED-CLA) 230/138.Milford.AT20
BIGPINET138 KV  BIG-KIS,BIGPINET_138 KV_BIG-KIS:345/230.HomerCity.AT-S + RAS.STS-2.Homer.U2,KISKIVAL 138KV - BIGPINET 138KV (BIGPINET 138 KV BIG-KIS) 345/230.HomerCity.AT-S + RAS.STS-2.Homer.U2
SHAMPTON115 KV  93A,SHAMPTON_115 KV_93A:L230.Earleys-Cashie-Trowbridge.2034,SHAMPTON 115KV - WTKINSCR 115KV (SHAMPTON 115 KV 93A) L230.Earleys-Cashie-Trowbridge.2034
CARROLTO_138KVCAR-CLI1_1_LN,CARROLTO_138 KV_CAR-CLI1:ACTUAL,CLIFTYCR 138KV - CARROLTO 138KV (CARROLTO 138 KV CAR-CLI1) L345.Ghent-Trimble County
LEESVILL_138KVLEE-SMI1_1_LN,LEESVILL_138 KV_LEE-SMI1:L138.Redeye-SmithMou,SMITHMOU 138KV - LEESVILL 138KV (LEESVILL 138 KV LEE-SMI1) L138.Redeye-SmithMountain
HOPEWEL4230 KV  228A,HOPEWEL4_230 KV_228A:L230.ColonialTrail-Surry.212,HOPEWEL4 230KV - CHESTER4 230KV (HOPEWEL4 230 KV 228A) L230.ColonialTrail-Surry.212
GARFLD_T138 KV  GAR-RIN,GARFLD_T_138 KV_GAR-RIN:ACTUAL,RINGGOLD 138KV - GARFLD_T 138KV (GARFLD_T 138 KV GAR-RIN) BASE
INDIANRI230 KV  AT-22,INDIANRI_230 KV_AT-22:230/138.IndianRiver.AT21,INDIANRI 230KV - INDIANRI 138KV (INDIANRI 230 KV AT-22) 230/138.IndianRiver.AT21
BENTONHA138 KV  BEN-CRY1,BENTONHA_138 KV_BEN-CRY1:L765.Marysville-Sorenson,BENTONHA 138KV - CRYSTAL 138KV (BENTONHA 138 KV BEN-CRY1) L765.Marysville-Sorenson
OST     138 KV  002-6R,OST_138 KV_002-6R:ACTUAL,OST     138 KV  002-6R BASE
CHERITON69 KV   CHE-EAST,CHERITON_69 KV_CHE-EAST:ACTUAL,EASTVILL 69KV - CHERITON 69KV (CHERITON 69 KV CHE-EAST) BASE
SPRNGRD1138 KV  SPR-GEN1,SPRNGRD1_138 KV_SPR-GEN1:ACTUAL,GENOA 138KV - SPRNGRD1 138KV (SPRNGRD1 138 KV SPR-GEN1) BASE
HOWARD-PUMPHREY 2332-B A 230 KV,CHESTNUT_115 KV_CHE-FRE7:GRANITE-HOWARD-PUMPHREY 2332 & PUM TRANSFORMER,HOWARD 230KV - PUMPHREY 230KV (HOWARD 230 KV HOW-PUM) 500/230.WaughChapel.500-4
BIGPINET138 KV  BIG-GAR,BIGPINET_138 KV_BIG-GAR:L345.ErieWest-Ashtabula-Perry,GARRNJCT 138KV - BIGPINET 138KV (BIGPINET 138 KV BIG-GAR) L345.ErieWest-Ashtabula-Perry
GREYSPT 115 KV  GRE-HARM,GREYSPT_115 KV_GRE-HARM:ACTUAL,HARMONYV 115KV - GREYSPT 115KV (GREYSPT 115 KV GRE-HARM) L500.Elmont-Ladysmith.574
MASTER-NPHILADE 220-44 B 230 KV,BALA_230 KV_BAL-PLY:Master-North Philadelphia (220-44) 230 kV line,NPHILADE 230KV - MASTER 230KV (MASTER 230 KV MAS-NPH) L230.PlymouthMeeting-Bala.220-18
SPRUCE  138 KV  SPR-04S3,SPRUCE_138 KV_SPR-04S3:ACTUAL,SPRUCE 138KV - SANBORN 138KV (SPRUCE 138 KV SPR-04S3) L345.Ashtabula-Perry
FLORENCE 115 KV FLORENCE-SEWARD BL 1066,SEWARD_115 KV_SEW-TOW:L500.Cabot-Keystone.5002,FLORENCE-SEWARD BL 1066     B  115 KV 500/230.Keystone.T3
SALTSPRG_138KVSAL-MAS1_1_LN,SALTSPRG_138 KV_SAL-MAS1:L500.Keystone-SouthBend.5001(513),SALTSPRG 138KV - MASURY 138KV (SALTSPRG 138 KV SAL-MAS1) L500.Keystone-SouthBend.5001(513)
HILLSBOR138 KV  HIL-SIN1,HILLSBOR_138 KV_HIL-SIN1:L138.Highland-Hillsboro,SINKINGS 138KV - HILLSBOR 138KV (HILLSBOR 138 KV HIL-SIN1) L138.Highland-Hillsboro
FIELDALE138 KV  FIE-THO1,FIELDALE_138 KV_FIE-THO1:L765.JacksonsFerry-Cloverdale + 138CB.JF.L,FIELDALE 138KV - THORNTON 138KV (FIELDALE 138 KV FIE-THO1) L765.JacksonsFerry-Cloverdale + Relay.Fail
COLLIER 138 KV COLLIER-ELWYN Z-62,COLLIER_138 KV_COL-ELW:L138.Brunot Island-Collier.Z-41,COLLIER 138KV - ELWYN 138KV (COLLIER 138 KV COL-ELW) L138.Brunot Island-Collier.Z-41
GRACETON_230KVGRA-MANO_1_LN,GRACETON_230 KV_GRA-MANO:ACTUAL,GRACETON 230KV - MANOR 230KV (GRACETON 230 KV GRA-MANO) L500.PeachBottom.BusTie.1
FRACKVIL69 KV   FRA-SHE1,FRACKVIL_69 KV_FRA-SHE1:L345.Beaver-DavisBesse,SHENAND 69KV - FRACKVIL 69KV (FRACKVIL 69 KV FRA-SHE1) L345.Beaver-DavisBesse
LEXINGTN 500 KV LEXINGTN TX1 XFORMER,LEXINGTN_500 KV_TX1:L500.Dooms-Lexington.555,LEXINGTN 500KV - LEXINGTN 230KV (LEXINGTN 500 KV TX1) L500.Dooms-Lexington.555
COLLINSV 138 KV COLLINSV-HUSTON 3281,COLLINSV_138 KV_HUS-COL:L345.MiamiFort-Woodsdale.4592,COLLINSV 138KV - HUSTON 138KV (COLLINSV 138 KV HUS-COL) L345.MiamiFort-Woodsdale.4592
GREE APS138 KV  GRE-GRET,GREE APS_138 KV_GRE-GRET:L138.Ringgold-EWaynesboro (Sctnlz),GREENTAP 138KV - GREE APS 138KV (GREE APS 138 KV GRE-GRET) L138.Ringgold-EWaynesboro (Sctnlz)
HUBBARDS138 KV  HUB-BIG1,HUBBARDS_138 KV_HUB-BIG1:765/138.NorthProctorville.T2,BIGSANDY 138KV - HUBBARDS 138KV (HUBBARDS 138 KV HUB-BIG1) 765/138.NorthProctorville.T2
TITUSVIL115 KV TIT-UNI,GRANDVIE_115 KV_GRA-TIT:L345.ErieSouth-ErieWest.3001,TITUSVIL 115KV - UNIONCIT 115KV (TITUSVIL 115 KV TIT-UNI) L345.ErieSouth-ErieWest.3001
MILLBROO138 KV  MIL-SPO1,MILLBROO_138 KV_MIL-SPO1:138/69/34.Bellefonte.T2,SPOINT 138KV - MILLBROO 138KV (MILLBROO 138 KV MIL-SPO1) 138/69/34.Bellefonte.T2
51 MC CO 34.5 KV 51 MC COOK 34TR84 CT,51 MC CO_345 KV_TR84CT-P:345L11617 Goodings Grove-Lockport 345 kV Line,51 MC CO 345KV - 51 MC CO 138KV (51 MC CO 345 KV TR84_1) 345L11617 Goodings Grove-Lockport 345 kV Line
EDWSFERY_230KV23111_1_LN,CLBHOUSE_230 KV_TX1:L500.MtStorm-Pruntytown.554,DICKERSO 230KV - EDWSFERY 230KV (EDWSFERY 230 KV 23111) L500.MtStorm-Pruntytown.554
MANOR 230 KV MANOR-SAFEHARB 2302,MANOR_230 KV_MAN-WHE2:L500.Conastone-PeachBottom.5012,MANOR 230KV - SAFEHARB 230KV (MANOR 230 KV MAN-SAF1) L500.Conastone-PeachBottom.5012
MARTINSC230 KV  MAR-MRP,MARTINSC_230 KV_MAR-MRP:L230.MartinsCreek-Portland.1008,MARTINSC 230KV - MORRISPA 230KV (MARTINSC 230 KV MAR-MRP) L230.MartinsCreek-Portland.1008
STAFFORD 230 KV 2104B,STAFFORD_230 KV_2104B:L230.Elmont-Hanover-FourRivers.2032,CRANESCR 230KV - STAFFORD 230KV (STAFFORD 230 KV 2104B) L230.Elmont-Hanover-FourRivers.2032
JOHNSTOW115 KV  JOH-PRO,JOHNSTOW_115 KV_JOH-PRO:ACTUAL,JOHNSTOW 115KV - PROSPECT 115KV (JOHNSTOW 115 KV JOH-PRO) 230/115.Seward.9TX+T11
FRANKLI2-THORNTON           B  138 KV,FRANKLI2_138 KV_FRA-THO1:L765.JacksonsFerry-Cloverdale + 138CB.JF.L,THORNTON 138KV - FRANKLI2 138KV (FRANKLI2 138 KV FRA-THO1) L765.JacksonsFerry-Cloverdale + 138CB.JF.L
DARLEYRD 69 KV DARLEYRD-NAAMANS 6835,DARLEYRD_69 KV_DAR-NAA:Edgemoor-Harmony.23012,NAAMANS 69KV - DARLEYRD 69KV (DARLEYRD 69 KV DAR-NAA) L230.Edgemoor-Harmony.23012
JUNIATA 2 XFORMER H 500 KV,JUNIATA_500 KV_2:500/230.Conastone.500-4,JUNIATA 500KV - JUNIATA 230KV (JUNIATA 500 KV 2) 500/230.Conastone.500-4
SEWARD 115 KV SEWARD-TOWER51 H1H2 1097,SEWARD_115 KV_SEW-TOW:L500.Keystone-SouthBend.5001(513),SEWARD 115KV - TOWER51 115KV (SEWARD 115 KV SEW-TOW) L500.Keystone-SouthBend.5001(513)
HOMERCIT 230 KV HOMERCIT-SHELOCTA KHC 2014,HOMERCIT_230 KV_HOM-SHE:Erie West-Ashtabula-Perry 345 kV and Erie W#1 TX,KEYSTONE-SHELOCTA KHC 2014  A  230 KV L345.ErieWest-Ashtabula-Perry
DESOTO  138 KV  DES-MAY1,DESOTO_138 KV_DES-MAY1:ACTUAL,DESOTO 138KV - MAYFIELD 138KV (DESOTO 138 KV DES-MAY1) 138/69/34.DeerCreek.T1
ALLDAM6 138 KV ALLDAM6-KITTANNI SP-KT,ALLDAM6_138 KV_ALL-KIT:L230.Glade-Warren.2088,ALLDAM6 138KV - KITTANNI 138KV (ALLDAM6 138 KV ALL-KIT) L230.Glade-Warren.2088
JUNIATA_T4_5002_XF,JUNIATA_500 KV_1:500/230.TMI.T1,JUNIATA 230KV - JUNIATA 69KV (JUNIATA 230 KV 4) 500/230.TMI.T1
GROTON  138 KV  GRO-WFR1,GROTON_138 KV_GRO-WFR1:L345.Beaver-DavisBesse,WFREMONT 138KV - GROTON 138KV (GROTON 138 KV GRO-WFR1) L345.Beaver-DavisBesse
POSSUMP4500 KV  TX1,POSSUMP4_500 KV_TX1:L500.Bristers-Ox.539,POSSUMP4 500KV - POSSUMP4 230KV (POSSUMP4 500 KV TX1) L500.Bristers-Ox.539
WSHORE  230 KV  TRAN2,WSHORE_230 KV_TRAN2:ACTUAL,WSHORE 230KV - WSHORE 69KV (WSHORE 230 KV TRAN2) BASE
CANYON_230KVCAN-NME_1_LN,CANYON_230 KV_CAN-NME:L500.Breinigsville-Wescosville.5044,CANYON 230KV - NMESHOPP 230KV (CANYON 230 KV CAN-NME) L500.Breinigsville-Wescosville.5044
LENOX 115 KV LENOX-NMESHOPP NML 1090,LENOX_115 KV_LEN-NME:L230.Moshannon-Chapman-Lobo-Marshall,NMESHOPP 115KV - LENOX 115KV (LENOX 115 KV LEN-NME) L230.Moshannon-Chapman-Lobo-Marshall
LENOX 115 KV LENOX-NMESHOPP NML 1090,LENOX_115 KV_LEN-NME:Lenox-NMeshopp 1090 & Lackawanna-OXBOW DBL,LENOX-NMESHOPP NML 1090     B  115 KV L345.HomerCity-Watercure [NYISO]
JACK ME 115 KV JACK ME-NHANOVER 968,JACK ME_115 KV_JAC-NHA:500/230.Hunterstown.T1,JACK ME 115KV - NHANOVER 115KV (JACK ME 115 KV JAC-NHA) 500/230.Hunterstown.T1
NSALISBU_69KVNSA-PEM_1_LN,NSALISBU_69 KV_NSA-PEM:L138.Loretto-Vienna.13780,NSALISBU69 KV   NSA-PEM Vienna-Loretto (13780) 138 kV line
HARWGATE 115 KV HARWGATE-LOCKS 100J,HARWGATE_115 KV_100J:L115.Carolina-Sockman-PleasantHillTap-Skippers.130,LOCKS 115KV - HARWGATE 115KV (HARWGATE 115 KV 100J) L115.Carolina-Sockman-PleasantHillTap-Skippers.130
HOPEWEL4230 KV  228A,HOPEWEL4_230 KV_228A:L500.Chickahominy-Surry.567,HOPEWEL4 230KV - CHESTER4 230KV (HOPEWEL4 230 KV 228A) L500.Chickahominy-Surry.567
MAPLTNDP115 KV  108B,MAPLTNDP_115 KV_108B:L115.SouthHampton-HandsomDP-Newsoms.140,MURPHY 115KV - MAPLTNDP 115KV (MAPLTNDP 115 KV 108B) L115.SouthHampton-HandsomDP-Newsoms.140
TRENTON2 138 KV TRENTON2-HUSTON 3281,TRENTON2_138 KV_HUS-TRE:L345.WestMilton-MiamiFort,HUSTON 138KV - TRENTON2 138KV (TRENTON2 138 KV HUS-TRE) L345.WestMilton-MiamiFort
GOMER   138 KV  GOM-NDEL,GOMER_138 KV_GOM-NDEL:L345.EastLima-MaddoxCreek,GOMER 138KV - NDELPHOS 138KV (GOMER 138 KV GOM-NDEL) L345.EastLima-MaddoxCreek
155 NELS 345 KV 155 NELSON 45TR84 CT,155 NELS_345 KV_TR84CT-P:Nelson TR81 345/138kV Transformer,155 NELS 345KV - 155 NELS 1KV (155 NELS 345 KV TR84CT-P) 345/138.155Nelson.TR81
COLLEGEC 138 KV COLLEGEC-COLLINSV,COLLINSV_138 KV_HUS-COL:L345.MiamiFort-Woodsdale.4592,COLLEGEC 138KV - COLLINSV 138KV (COLLEGEC 138 KV COL-COL6) L345.MiamiFort-Woodsdale.4592
REDBANK 138 KV  RED-OAK,REDBANK_138 KV_RED-OAK:L138.Rochelle-Terminal,REDBANK 138KV - 08OAKLEY 138KV (REDBANK 138 KV RED-OAK) L138.Rochelle-Terminal
116 GOOD345 KV 11620,116 GOOD_345 KV_11620:345L2310 Collins-Kendall 345 kV Line,900 ELWO 345KV - 116 GOOD 345KV (116 GOOD 345 KV 11620) 345L2310 Collins-Kendall 345 kV Line
LAURELL 115 KV LAURELLAKE-TIFFANY 115 KV,TIFFANY_115 KV_TIF-WIL:ACTUAL,TIFFANY 115KV - LAURELL 115KV (LAURELL 115 KV LAU-TIF) L500.Hopatcong-Lackawanna.5063
ATKINS  138 KV  ATK-SMY1,ATKINS_138 KV_ATK-SMY1:L765.Broadford-JacksonsFerry + B138.Broadford.RL3,SMYTH 138KV - ATKINS 138KV (ATKINS 138 KV ATK-SMY1) L765.Broadford-JacksonsFerry + B138.Broadford.RL3
1 LASALL 138 KV 1 LASALL 0112 CB CB,1 LASALL_138 KV_TR81CT-S:ACTUAL,LINE    138 KV  7713 1 1 LASALL138 KV  0112 CB CB      OPEN    105 KICK138 KV  L0112CB CB      OPEN    LINE    138 KV  0112
SBENDAEP138 KV  SBE-TWI1,SBENDAEP_138 KV_SBE-TWI1:ACTUAL,TWINBRAN 138KV - SBENDAEP 138KV (SBENDAEP 138 KV SBE-TWI1) BASE
133 ROCK138 KV TR76 34,133 ROCK_138 KV_TR76 34:L138.Keemin(MISO/Ameren)-Kewanee.7411,133 ROCK 34.5KV - 133 ROCK 138KV (133 ROCK 138 KV TR76 34) L138.Keemin(MISO/Ameren)-Kewanee.7411
JACKSNVL_138KVPAR-JACK_1_LN,JACKSNVL_138 KV_PAR-JACK:L345.Spurlock-NorthClark,JACKSNVL 138KV - PARISTAP 138KV (JACKSNVL 138 KV PAR-JACK) L345.Spurlock-NorthClark
94 HAURD138 KV 96101,94 HAURD_138 KV_96101:ACTUAL,961 LEE 138KV - 94 HAURD 138KV (94 HAURD 138 KV 96101) L230.Brambleton-Belmont.201
CROSSROA115 KV  CRO-WIN,CROSSROA_115 KV_CRO-WIN:ACTUAL,WIND ME 115KV - CROSSROA 115KV (CROSSROA 115 KV CRO-WIN) BASE
HUNTINGT_138KVHUN-SOR1_1_LN,HUNTINGT_138 KV_HUN-SOR1:ACTUAL,HUNTINGT 138KV - SORENSON 138KV (HUNTINGT 138 KV HUN-SOR1) L765.Dumont-Greentown
FARMVILL230 KV  TX5,FARMVILL_230 KV_TX5:ACTUAL,FARMVILL 230KV - FARMVILL 115KV (FARMVILL 230 KV TX5) L230.Clover-Briery-Farmville.235
MIAMIFOR-08WILEY1 9784 A 138 KV,MIAMIFOR_138 KV_MIA-HEB:L345.Terminal-PortUnion.4513,MIAMIFOR-08WILEY1 9784      A  138 KV L345.East Bend-Terminal
HAYNIE 115 KV HAY-PIN,HAYNIE_115 KV_HAY-PIN:L345.HandsomeLake-Armstrong,PINEY 115KV - HAYNIE 115KV (HAYNIE 115 KV HAY-PIN) L345.HandsomeLake-Armstrong
MIAMIFOR_T3_3459_XF,MIAMIFOR_345 KV_9:L345.WestMilton-MiamiFort,MIAMIFOR 345KV - MIAMIFOR 138KV (MIAMIFOR 345 KV 9) L345.WestMilton-MiamiFort
EDDINGTO 230 KV EDDINGTO-EDDINTAP 220-55,EDDINGTO_230 KV_EDD-EDD:L138.Emilie-Neshaminy.130-25,EDDINTAP 230KV - EDDINGTO 230KV (EDDINGTO 230 KV EDD-EDD) L138.Emilie-Neshaminy.130-25
ALLENIM 345 KV  ALL-RPM,ALLENIM_345 KV_ALL-RPM:L765.Maliszewski-Marysville,ALLENIM 345KV - RPMONE 345KV (ALLENIM 345 KV ALL-RPM) L765.Maliszewski-Marysville
SCOTTSVI 138 KV SCOTTSVI-BREMO_VP,SCOTTSVI_138 KV_SCO-BRE1:L500.Elmont-Cunningham.553,BREMO4 138KV - SCOTTSVI 138KV (SCOTTSVI 138 KV SCO-BRE1) L500.Elmont-Cunningham.553
127 MATT138 KV 6603 2,127 MATT_138 KV_6603 2:138L17904 Bloom-17904-Matteson 138 kV Line,6603 138KV - 127 MATT 138KV (127 MATT 138 KV 6603 2) 138L17904 Bloom-17904-Matteson 138 kV Line
SNYDER - SULLIVAN 345 KV L/O SIDNEY - BUNSONVILLE 345 KV,BUNSONV3_345 KV_TR1:Bunsonville-Sidney 345 kV,SNYD 345KV - SULLIVA2 345KV (SNYD 345 KV SNY-SULL) L345.Bunsonville-Sidney
GRACETON 230 KV GRACETON-SAFEHARB 2303,GRACETON_230 KV_GRA-MANO:L500.PeachBottom.BusTie.1,GRACETON-SAFEHARB 2303      B  230 KV (NUKE) L500.PeachBottom-Conastone.5012
WESCOSVI230 KV  5,WESCOSVI_230 KV_5:230/138.Siegfried.4,WESCOSVI 230KV - WESCOSVI 138KV (WESCOSVI 230 KV 5) 230/138.Siegfried.4
BULLRUN 230 KV  BUL-CLIF,BULLRUN_230 KV_BUL-CLIF:L500.Loudoun-Morrisville.569,CLIFTON 230KV - BULLRUN 230KV (BULLRUN 230 KV BUL-CLIF) L230.Brambleton-Belmont.201
SUGARCRK-DRESSER 345 FLO CAYUGA-EUGENE_345,DRESSER_345 KV_DRE-MIR:L345.Cayuga-Eugene,SugarCrk-Dresser 345 flo Cayuga-Eugene_345 L345.Cayuga-Eugene
LACKAWAN230 KV  LAC-PAU,LACKAWAN_230 KV_LAC-PAU:L500.Shickshinny-Susquehanna.5067,LACKAWAN 230KV - PAUPACK 230KV (LACKAWAN 230 KV LAC-PAU) L500.Shickshinny-Susquehanna.5067
FREMNT-FREMONTC A 138 KV,FREMNT_138 KV_FRE-FRE1:ACTUAL,FREMNT 138KV - FREMONTC 138KV (FREMNT 138 KV FRE-FRE1) L138/69.Fremont.T1 + 69.Fremont.Bus
LOUDOUN4 500 KV LOUDOUN4 TX2 XFORMER,LOUDOUN4_500 KV_TX2:L500.Clifton-Mosby.559A,LOUDOUN4 500KV - LOUDOUN4 230KV (LOUDOUN4 500 KV TX2) L500.Clifton-Mosby.559A
GARRETAP-GARRETT B 115 KV,GARRETAP_115 KV_GAR-GAR:L500.Conastone-PeachBottom.5012,GARRETAP 115KV - GARRETT 115KV (GARRETAP 115 KV GAR-GAR) L500.Conastone-PeachBottom.5012
ELANCAST138 KV  ELA-PRI2,ELANCAST_138 KV_ELA-PRI2:L500.Conastone-PeachBottom.5012,ELANCAST 138KV - PRINCEPL 138KV (ELANCAST 138 KV ELA-PRI2) L500.Conastone-PeachBottom.5012
FRKUNION115 KV  1030A,FRKUNION_115 KV_1030A:L230.Bremo-ForkUnion.2193,BREMO4 115KV - FRKUNION 115KV (FRKUNION 115 KV 1030A) L230.Bremo-ForkUnion.2193
WHITAKER115 KV  1001B,WHITAKER_115 KV_1001B:L500.Cloverdale-Lexington.566,WHITAKER 115KV - CONSLDSL 115KV (WHITAKER 115 KV 1001B) L500.Cloverdale-Lexington.566
HARRTN-SHARRING 6739 B 69 KV,HARRTN_69 KV_HAR-SHA:L69.Cheswold-Kent.6768,SHARRING 69KV - HARRTN 69KV (HARRTN 69 KV HAR-SHA) 138/69.Cheswold.AT1 + L69.Cheswold-Kent.6768
ALLDAM6 138 KV ALLDAM6-KITTANNI SP-KT,ALLDAM6_138 KV_ALL-KIT:500/230.Conemaugh.TX3,ALLDAM6-KITTANNI SP-KT      A  138 KV MAXCR: 500/230.Keystone.T3+U1+U2+5001+02+03+04
BUTLER_69KVBUT-SHE_1_LN,BUTLER_69 KV_BUT-SHE:L69.Sherman-Vineland.0761,SHERMAN 69KV - BUTLER 69KV (BUTLER 69 KV BUT-SHE) L69.Sherman-Vineland.0761
ARMSTRON 138 KV ARMSTRON-BURMA ARG-BM,ARMSTRON_138 KV_ARM-BUR:345/138.Ashtabula.TR4,ARMSTRON 138KV - BURMA 138KV (ARMSTRON 138 KV ARM-BUR) 345/138.Ashtabula.TR4
ETOWANDA-NMESHOPP ETL 1057 B 115 KV,NMESHOPP_230 KV_4 TX:L115.EastTowanda-NorthMeshoppen.1057,NMESHOPP 230KV - NMESHOPP 115KV (NMESHOPP 230 KV 4 TX) L115.EastTowanda-NorthMeshoppen.1057
VIENNA  138 KV  13710,VIENNA_138 KV_13710:230/138.PineyGrove.AT20,VIENNA  138 KV  13710 230/138.PineyGrove.AT20
EASTON  69 KV   EAS-EMU,EASTON_69 KV_EAS-EMU:Jefferson-Rockport 765+Rockport Unit 1,EASTON 69KV - EMUNI 69KV (EASTON 69 KV EAS-EMU) Jefferson-Rockport 765+Rockport Unit 1
FRGSNSOU69 KV   SMR-FRGS,FRGSNSOU_69 KV_SMR-FRGS:L161.Cooper-Elihu,FRGSNSOU 69KV - SMRST_EK 69KV (FRGSNSOU 69 KV SMR-FRGS) L161.Cooper-Elihu
CLBHOUSE 230 KV CLBHOUSE TX1 XFORMER,CLBHOUSE_230 KV_TX1:L500.Brighton-Conastone.5011,CLBHOUSE 115KV - CLBHOUSE 230KV (CLBHOUSE 230 KV TX1) L230.Brambleton-Belmont.201
SMITHJCT 115 KV SMITHJCT-SMITHST 967,SMITHJCT_115 KV_SMI-SMI:L115.MiddletownJct-Collins (Sctnlz),SMITHJCT 115KV - SMITHST 115KV (SMITHJCT 115 KV SMI-SMI) L115.MiddletownJct-Collins (Sctnlz)
LAURELDP 69 KV LAURELDP-SHARP 6705-1,SHARP_69 KV_SHA-VIE:L230.Steele-Vienna.23085 & 230/138.Vienna.AT20,LAURELDP 69KV - SHARP 69KV (LAURELDP 69 KV LAU-SHA) 230/138.Vienna.AT20
LAURELDP_69KVLAU-SHA_1_LN,LAURELDP_69 KV_LAU-SHA:230/138.Vienna.AT20,LAURELDP 69KV - SHARP 69KV (LAURELDP 69 KV LAU-SHA) 230/138.Vienna.AT20
PERTH   115 KV  PER-STAG,PERTH_115 KV_PER-STAG:ACTUAL,STGCOACH 115KV - PERTH 115KV (PERTH 115 KV PER-STAG) BASE
KEEMIN  138 KV  KEE-KEWA,KEEMIN_138 KV_KEE-KEWA:L345.Nelson-ElectricJunction.15502,KEEMIN 138KV - 74 KEWAN 138KV (KEEMIN 138 KV KEE-KEWA) L345.Nelson-ElectricJunction.15502
SPOTSLV 500 KV  515A,SPOTSLV_500 KV_515A:ACTUAL,SPOTSLV 500 KV  515A BASE
EASTVILL69 KV   EAS-KEN,EASTVILL_69 KV_EAS-KEN:ACTUAL,KENDLGRV 69KV - EASTVILL 69KV (EASTVILL 69 KV EAS-KEN) BASE
7915 138 KV 7915 LINE 38L7915 2,7915_138 KV_7915 2:ACTUAL,7915 LINE 38L7915 2         B  138 KV L345.Wayne-Tollway.14402 R
ALLENIM 138 KV  ALL-LOG,ALLENIM_138 KV_ALL-LOG:L345.SouthBerwick-FostoriaCentral,ALLENIM 138KV - LOGTOWN 138KV (ALLENIM 138 KV ALL-LOG) L345.SouthBerwick-FostoriaCentral
DOEX530 345 KV  DOE-PIE1,DOEX530_345 KV_DOE-PIE1:RAS.L765.Jefferson-Rockport + Rockport.U2,DOEX530 345KV - PIERCE 345KV (DOEX530 345 KV DOE-PIE1) RAS.L765.Jefferson-Rockport + Rockport.U1
FIELDALE138 KV  FIE-OAK1,FIELDALE_138 KV_FIE-OAK1:L765.JacksonsFerry-Cloverdale + 138CB.JF.L,FIELDALE 138KV - OAKLEVEL 138KV (FIELDALE 138 KV FIE-OAK1) L765.JacksonsFerry-Cloverdale + 138CB.JF.L
CONCRDDP_69KVCON-PEP_1_LN,CONCRDDP_69 KV_CON-PEP:230/69.CoolSprings.AT20,CONCRDDP 69KV - PEPPER 69KV (CONCRDDP 69 KV CON-PEP) 230/69.CoolSprings.AT20
CARLYLES230 KV  CAR-NRTH,CARLYLES_230 KV_CAR-NRTH:L230.Ox-VirginiaHills.248B + SR1,CARLYLES 230KV - NRTHALEX 230KV (CARLYLES 230 KV CAR-NRTH) L230.Ox-VirginiaHills.248B + SR1
NRTHNECK 230 KV NRTHNECK TX6 XFORMER,NRTHNECK_230 KV_TX6:ACTUAL,NRTHNECK 115KV - NRTHNECK 230KV (NRTHNECK 230 KV TX6) L230.LadysmithCT-SummDP-MineRd-Fredericksburg.2090
BURMA 115 KV BURMA-PINEY BA,BURMA_115 KV_BUR-PIN:L230.Glade-Warren.2088,BURMA 115KV - PINEY 115KV (BURMA 115 KV BUR-PIN) L230.Glade-Warren.2088
ELIMA   138 KV  ELI-HAV1,ELIMA_138 KV_ELI-HAV1:L765.Flatlick-Marysville,HAVILAND 138KV - ELIMA 138KV (ELIMA 138 KV ELI-HAV1) L765.Flatlick-Marysville
BARTONVI138 KV  BAR-LONG,BARTONVI_138 KV_BAR-LONG:L500.Bedington-BlackOak,LONGCREE 138KV - BARTONVI 138KV (BARTONVI 138 KV BAR-LONG) L500.Bedington-BlackOak
BIGPINET_138KVBIG-KIS_1_LN,BIGPINET_138 KV_BIG-KIS:L138.Springdale-All4Jct-All4Tap-All6-Brackenridge,KISKIVAL 138KV - BIGPINET 138KV (BIGPINET 138 KV BIG-KIS) L138.Springdale-All4Jct-All4Tap-All6-Brackenridge
MAINESBG345 KV  T1,MAINESBG_345 KV_T1:L230.ETowanda-Hillside.2002 [NYISO],MAINESBG345 KV  T1 L230.ETowanda-Hillside.2002 [NYISO]
ASPENSLR115 KV  ASP-ROXB,ASPENSLR_115 KV_ASP-ROXB:500/230.Hunterstown.T1,ASPENSLR 115KV - ROXBURY 115KV (ASPENSLR 115 KV ASP-ROXB) 500/230.Hunterstown.T1
46_DESPL_T6_138TR84CT-S_XF,46 DESPL_138 KV_TR84CT-S:ACTUAL,46 DESPL 138KV - 46 DESPL 1KV (46 DESPL 138 KV TR84CT-S) BASE
CENTER-WESTPORT 110552 A 115 KV,HAZELWOO_115 KV_HAZ-WIN6:Westport-Center (110552) 115 kV line,CENTER-WESTPORT 110552      B  115 KV Westport-Greene Street (110553) 115 kV line
HOPEWEL4 230 KV HOPEWEL4-CHESTER4 211A,HOPEWEL4_230 KV_211A:L230.Chesterfield-Southwest.208,HOPEWEL4 230KV - CHESTER4 230KV (HOPEWEL4 230 KV 211A) L230.Chesterfield-Southwest.208
7 STATE 345 KV 7 STATE TR82CT XFORMER,7 STATE_345 KV_TR82CT:L765.Dumont-WiltonCenter.11215,7 STATE 345KV - 7 STATE 138KV (7 STATE 345 KV TR82CT) L765.Dumont-WiltonCenter.11215
CONCRDDP69 KV CON-LAU,CONCRDDP_69 KV_CON-LAU:ACTUAL,LAURELDP 69KV - CONCRDDP 69KV (CONCRDDP 69 KV CON-LAU) L69.CoolSprings-Harbeson.6753
CROZET 230 KV CROZET -BARRCKRD 233B,CROZET_230 KV_233B:L500.Dooms-Cunningham.534,BARRCKRD 230KV - CROZET 230KV (CROZET 230 KV 233B) L500.Dooms-Cunningham.534
FORTROBI_138KVFOR-NAG1_1_LN,FORTROBI_138 KV_FOR-NAG1:ACTUAL,NAGELAEP 138KV - FORTROBI 138KV (FORTROBI 138 KV FOR-NAG1) L500.Broadford-Sullivan (TVA) Tie
ROXBURY NO2 TX XFORMER H 138 KV,ROXBURY_138 KV_NO2 TX:L500.Hunterstown-Conastone.5013,ROXBURY 115KV - ROXBURY 138KV (ROXBURY 138 KV NO2 TX) L500.Hunterstown-Conastone.5013
HIGHRIDG230 KV  HIG-SAN1,HIGHRIDG_230 KV_HIG-SAN1:L500.Hunterstown-Conastone.5013,SANDYSPG 230KV - HIGHRIDG 230KV (HIGHRIDG 230 KV HIG-SAN1) L500.Hunterstown-Conastone.5013
ELKLCKDP230 KV  2173A,ELKLCKDP_230 KV_2173A:L230.Brambleton-PolandRoad.2183,LOUDOUN4 230KV - ELKLCKDP 230KV (ELKLCKDP 230 KV 2173A) L230.Brambleton-PolandRoad.2183
YADKIN4 500 KV  TX5,YADKIN4_500 KV_TX5:L500.Suffolk-Yadkin.565,YADKIN4 500KV - YADKIN4 230KV (YADKIN4 500 KV TX5) L500.Suffolk-Yadkin.565
DELA PE 69 KV   DEL 1TR,DELA PE_69 KV_DEL 1TR:ACTUAL,DELA PE 69 KV   DEL 1TR BASE
DOEX530 345 KV  DOE-PIE1,DOEX530_345 KV_DOE-PIE1:RAS.L765.Jefferson-Rockport + Rockport.U2,DOEX530 345KV - PIERCE 345KV (DOEX530 345 KV DOE-PIE1) RAS.L765.Jefferson-Rockport + Rockport.U2
MARTINSC 230 KV MARTINSC-SIEGFRIE NO.1,MARTINSC_230 KV_MAR-SIE1:L500.Hopatcong-Lackawanna.5063,SIEGFRIE 230KV - MARTINSC 230KV (MARTINSC 230 KV MAR-SIE1) L500.Hopatcong-Lackawanna.5063
PADDOCK T21 345/138 KV L/O BYRON - WAYNE 345 KV,PADDOCK_345 KV_T21:Byron - Wayne 345 kV,PADDOCK 345KV - PADDOCK 138KV (PADDOCK 345 KV T21) L345.Byron-Wayne.0626
BED-BLA CONTINGENCY 54,BED-BLA contingency 38 L500.Meadow Brook-FrontRoyal.580,BED-BLA contingency 54 L500.FrontRoyal-Morrisville.541
LINWOOD2138 KV  LIN-ROS1,LINWOOD2_138 KV_LIN-ROS1:ACTUAL,ROSEHILL 138KV - LINWOOD2 138KV (LINWOOD2 138 KV LIN-ROS1) BASE
SWLIMA  138 KV  SWL-WMO1,SWLIMA_138 KV_SWL-WMO1:L345.Pierce-Foster,SWLIMA 138KV - WMOULTON 138KV (SWLIMA 138 KV SWL-WMO1) L345.Pierce-Foster
911INDUS138 KV  911-NEWC,911INDUS_138 KV_911-NEWC:345/138.Hoytdale.T2,NEWCASOE 138KV - 911INDUS 138KV (911INDUS 138 KV 911-NEWC) 345/138.Hoytdale.T2
ASPENSLR115 KV  ASP-SHAD,ASPENSLR_115 KV_ASP-SHAD:L500.Brighton-Conastone.5011,SHADEGAP 115KV - ASPENSLR 115KV (ASPENSLR 115 KV ASP-SHAD) L500.Brighton-Conastone.5011
DOUBS   500 KV  DOU-GOO,DOUBS_500 KV_DOU-GOO:L500.Ladysmith-Possum Point.568,DOUBS 500KV - GOOSECRE 500KV (DOUBS 500 KV DOU-GOO) L500.Ladysmith-Possum Point.568
CARLLS-SHERMAN 0739 A 69 KV,CARLLS_69 KV_CAR-SHE:L230.Cumberland-Orchard.2314,CARLLS 69KV - SHERMAN 69KV (CARLLS 69 KV CAR-SHE) L230.Cumberland-Orchard.2314
KYGER CREEK - SPORN 345KV L/O HANGING ROCK - JEFFERSON 765KV,KOKOMOPS_230 KV_KOK-TIP:Jefferson-Hanging Rock 765 kV line,LINE    345 KV  Clifty Creek-Dearborn 1 345 kV l/o Hanging Rock-Jefferson 765 kV FG LINE    765 KV  HAN-JEF1CMPLINE DUMMY
KENT 69 KV KENT-VAUGHN 6784-1,KENT_69 KV_KEN-VAU:L230.Cartanza-Milford.23033,KENT 69KV - VAUGHN 69KV (KENT 69 KV KEN-VAU) L230.Cartanza-Milford.23033
CHARLTSV230 KV  291C,CHARLTSV_230 KV_291C:L500.Elmont-Cunningham.553,CHARLTSV 230KV - BARRCKRD 230KV (CHARLTSV 230 KV 291C) L500.Elmont-Cunningham.553
COPELNDP115 KV  COP-HOLL,COPELNDP_115 KV_COP-HOLL:L115.Pecan-Carolina.1010,HOLLAND 115KV - COPELNDP 115KV (COPELNDP 115 KV COP-HOLL) L115.Pecan-Carolina.1010
FACEROCK69 KV   FAC-MIL1,FACEROCK_69 KV_FAC-MIL1:L69.FaceRock-Manor,FACEROCK 69KV - MILLWDPL 69KV (FACEROCK 69 KV FAC-MIL1) L69.FaceRock-Manor
BOARDMAN138 KV BOA-SHE1,BOARDMAN_138 KV_BOA-SHE1:L345.Hoytdale-Mansfield,SHENANGO 138KV - BOARDMAN 138KV (BOARDMAN 138 KV BOA-SHE1) L345.Hoytdale-Mansfield
LANHAM 115 KV LANHAM-TUXEDO 11503,LANHAM_115 KV_LAN-TUX4:ACTUAL,LANHAM 115KV - TUXEDO 115KV (LANHAM 115 KV LAN-TUX3) BASE
APSOUTH CONTINGENCY 35,APSOUTH contingency 35 L500.Loudoun-Meadowbrook (TRAIL),APSOUTH contingency 35 L500.Loudoun-Meadowbrook (TRAIL)
CURRYVIL115 KV  CUR-SAX,CURRYVIL_115 KV_CUR-SAX:ACTUAL,CURRYVIL 115KV - SAXTON 115KV (CURRYVIL 115 KV CUR-SAX) DTX115.Bedford.Load1
GREENBUS_69KVGRN-TAS_1_LN,GREENBUS_69 KV_GRN-TAS:L69.OakHall-Perdue-Tasley.6778,GREENBUS 69KV - TASLEY 69KV (GREENBUS 69 KV GRN-TAS) L69.OakHall-Perdue-Tasley.6778
WESTGLOW138 KV  WES-WUR,WESTGLOW_138 KV_WES-WUR:ACTUAL,WESTGLOW 138KV - WURNO 138KV (WESTGLOW 138 KV WES-WUR) 765/500.Cloverdale.T14
ALTAVSTA69 KV   35A1,SAXTON_115 KV_SAX-THR:Hunterstown-TexasEastern-Gardners (991) 115 kV lin,ALTAVSTA69 KV   35A1 L115.Hunterstown-TexasEastern-Gardners.991
LEWESREA 69 KV LEWESREA-MIDWAY 6751-2,LEWESREA_69 KV_LEW-MID:ACTUAL,MIDWAY 69KV - LEWESREA 69KV (LEWESREA 69 KV LEW-MID) BASE
VERMILION-TILTON ENERGY CENTER 138 KV L/O RISING-SIDNEY 345 KV,NCHAMPGN_138 KV_NCH-VERM:Vermilion-Tilton 138 kV,Vermilion-Tilton 138 kV l/o Sullivan-Casey 345 kV Sullivan-Casey West 345 kV
ECLIPSE 115 KV  ECL-SCR,ECLIPSE_115 KV_ECL-SCR:ACTUAL,ECLIPSE 115KV - SCRUBGRS 115KV (ECLIPSE 115 KV ECL-SCR) BASE
ESAYRE 115 KV ESAYRE-NWAVERLY 1058 TIE,ESAYRE_115 KV_ESA-ETO:ACTUAL,ESAYRE-NWAVERLY 1058 TIE    A  115 KV BASE
FRDRKSBG230 KV  2083A,FRDRKSBG_230 KV_2083A:L230.Elmont-Hanover-FourRivers.2032,FRDRKSBG 230KV - BIRCHWD 230KV (FRDRKSBG 230 KV 2083A) L230.Elmont-Hanover-FourRivers.2032
CONNELSV 138 KV CONNELLS-STONEJCT CV-STOJ,CONNELSV_138 KV_CON-STO:ACTUAL,STONEJCT 138KV - CONNELSV 138KV (CONNELSV 138 KV CON-STO) L500.502Junction-NorthLongview
CEDARSUB230 KV CED-WILF,CEDARSUB_230 KV_CED-WILF:L230.Roseland-WCaldwell-Kingsland.K-2316,WILLIAM1 230KV - CEDARSUB 230KV (CEDARSUB 230 KV CED-WILF) L230.Roseland-WCaldwell-Kingsland.K-2316
BAKRSPDP115 KV  BAK-HARR,BAKRSPDP_115 KV_BAK-HARR:ACTUAL,HARRELL 115KV - BAKRSPDP 115KV (BAKRSPDP 115 KV BAK-HARR) BASE
REMINGTN115 KV  TX1,REMINGTN_115 KV_TX1:L230.Dooms-Charlottesville.233,REMINGTN 115KV - REMINGTN 35KV (REMINGTN 115 KV TX1) L230.Dooms-Charlottesville.233
MOUN_UGI_T2_2303_XF,MOUN UGI_230 KV_1:230/66.Mountain.T2 (Sctnlz),LINE    69 KV   BER-KOO MOUN UGI230 KV  23010   CB      OPEN    MOUN UGI230 KV  23020   CB      OPEN    MOUN UGI230 KV  2303
ALBURTIS500 KV  ALB-BRN2,ALBURTIS_500 KV_ALB-BRN2:L500.Juniata-Sunbury.5046,BRNGSVIL 500KV - ALBURTIS 500KV (ALBURTIS 500 KV ALB-BRN2) L500.Juniata-Sunbury.5046
CASHCNDP230 KV  2135A,CASHCNDP_230 KV_2135A:L500.Elmont-Cunningham.553,GORDONSV 230KV - CASHCNDP 230KV (CASHCNDP 230 KV 2135A) L500.Elmont-Cunningham.553
PRESTON 69 KV PRESTON-TODD 6716-6,TODD_69 KV_TOD-VNL:L69.Easton-TrappeTap-Talbt-Tanyd-Preston-Todd.6716,PRESTON-TODD 6716-6         B  69 KV 138/69.Easton.AT1 + L138.Steele-Easton.13712
HOOVERSV115 KV  HOO-STA,HOOVERSV_115 KV_HOO-STA:ACTUAL,HOOVERSV 115KV - STATHILL 115KV (HOOVERSV 115 KV HOO-STA) BASE
BRUNOTIS345 KV  BRU-COL,BRUNOTIS_345 KV_BRU-COL:L345.Crescent-Mansfield,COLLIER 345KV - BRUNOTIS 345KV (BRUNOTIS 345 KV BRU-COL) L345.Crescent-Mansfield
HOMERCIT_230KVHOM-SHE_1_LN,HOMERCIT_230 KV_HOM-SHE:ACTUAL,SHELOCTA 230KV - HOMERCIT 230KV (HOMERCIT 230 KV HOM-SHE) 345/138.Ashtabula.TR4 & Seneca #1 + #2 pump
GILLETTE230 KV  GIL-SUMU,GILLETTE_230 KV_GIL-SUMU:L500.Hopatcong-Roseland.5061,GILLETTE 230KV - SUMM JC 230KV (GILLETTE 230 KV GIL-SUMU) L500.Hopatcong-Roseland.5061
19906   138 KV  199-KEN6,19906_138 KV_199-KEN6:ACTUAL,199 KENS 138KV - 19906 138KV (19906 138 KV 199-KEN6) BASE
16901   138 KV  16901 Z1,16901_138 KV_16901 Z1:Bergen.CC1,979 MEND 138KV - 16901 138KV (16901 138 KV 16901 Z1) Bergen.CC1
CHASECTY_CHA1151027_1_LN,CHATFIEL_138 KV_CHA-HOW1:ACTUAL,CHASECTY_CHA1151027_1_LN BASE
BURLING-CROYDON D-220-30-5 A 230 KV,EMILIE_230 KV_EMIL8TR:L230.Croydon-Burlington.D-220-30,BURLING-CROYDON D-220-30-5  B  230 KV L230.Eddington-Holmesburg-Richmond.220-56
NOTCHCLI115 KV  NOT-WIN7,NOTREDAM_138 KV_NOT-SBE1:345/138.Twinbranch.6 & 7,NOTCHCLI115 KV  NOT-WIN7 BASE
AEP-DOM,AEP-DOM contingency 14 L500.Harrison-Pruntytown,TRANSFER INTERFACE: AEP-DOM L500.Harrison-Pruntytown.526
SUMSHADE161 KV  20S-5SU1,SUMSHADE_161 KV_20S-5SU1:ACTUAL,SUMSHADE 161KV - SUMMER 161KV (SUMSHADE 161 KV 20S-5SU1) L500.Phippsbend-Sullivan (TVA)
SWLIMA  138 KV  SWL-WMO1,SWLIMA_138 KV_SWL-WMO1:L345.EastBend-Terminal,SWLIMA 138KV - WMOULTON 138KV (SWLIMA 138 KV SWL-WMO1) L345.EastBend-Terminal
CANYON  230 KV  CAN-EAS,CANYON_230 KV_CAN-EAS:L230.ETowanda-Hillside.2002 [NYISO],ETOWANDA 230KV - CANYON 230KV (CANYON 230 KV CAN-EAS) L230.ETowanda-Hillside.2002 [NYISO]
MCCARTER230 KV  MCC-WOR,MCCARTER_230 KV_MCC-STA:L230.CedarGrove-CedarSub-Roseland.Y-2277,MCCARTER230 KV  MCC-WOR L230.CedarGrove-CedarSub-Roseland.Y-2277
BRAIDWOOD-E FRANKFURT 2001 345 L/O BRAIDWOOD-E FRANKFURT 2003 345,66 E FRN_345 KV_6608:L345.Braidwood-EastFrankfort.2001,Braidwood-E Frankfurt 2001 345 l/o Braidwood-E Frankfurt 2003 345 L345.Braidwood-East Frankfort.2003
CHALKPT 500 KV  CHA-CHE,CHALKPT_500 KV_CHA-CHE:L500.Cloverdale-Lexington.566,CHALKPT 500KV - CHELTENH 500KV (CHALKPT 500 KV CHA-CHE) L500.Cloverdale-Lexington.566
SWLIMA  138 KV  SWL-WMO1,SWLIMA_138 KV_SWL-WMO1:L345.Beaver-DavisBesse,SWLIMA 138KV - WMOULTON 138KV (SWLIMA 138 KV SWL-WMO1) L345.Beaver-DavisBesse
CHINCOTE_69KVCHI-WAT_1_LN,CHINCOTE_69 KV_CHI-WAT:ACTUAL,WATTSVIL 69KV - CHINCOTE 69KV (CHINCOTE 69 KV CHI-WAT) BASE
BEAUMEAD230 KV  BEA-BUTR,BEAUMEAD_230 KV_BEA-BUTR:L230.Shellhorn-Enterprise.2186,BEAUMEAD 230KV - BUTTRMLK 230KV (BEAUMEAD 230 KV BEA-BUTR) L230.Shellhorn-Enterprise.2186
NELSON-VIENNA 13707         A  138 KV,VIENNA_138 KV_13710:L230.IndianRiver-Milford.23034,VIENNA 138KV - NELSON 138KV (NELSON 138 KV NEL-VIE) L230.IndianRiver-Milford.23034
BUZZARD 138 KV  BUZ-SOU3,BUZZARD_138 KV_BUZ-SOU3:ACTUAL,BUZZARD 138KV - SOUTHWES 138KV (BUZZARD 138 KV BUZ-SOU3) BASE
ELKO 138 KV ELKO-RIDG APS RI-ELK,ELKO_138 KV_ELK-RID:ACTUAL,RIDG APS 138KV - ELKO 138KV (ELKO 138 KV ELK-RID) L230.Moshannon-Chapman-Lobo-Marshall
SALTSBUR 138 KV SALTSBUR-SOCIALHA SA-SH,SALTSBUR_138 KV_SAL-SOC:L500.Cabot-Keystone.5002,SOCIALHA 138KV - SALTSBUR 138KV (SALTSBUR 138 KV SAL-SOC) L500.Cabot-Keystone.5002
BRAMBLET230 KV  BRA-EVRG,BRAMBLET_230 KV_BRA-EVRG:L230.Buttermilk-Beaumeade.2152,BRAMBLET 230KV - EVRGREEN 230KV (BRAMBLET 230 KV BRA-EVRG) L230.Buttermilk-Beaumeade.2152
LINCOLN_115KVLIN-STR_1_LN,LINCOLN_115 KV_LIN-STR:L500.Conastone-PeachBottom.5012,LINCOLN 115KV - STRABAN 115KV (LINCOLN 115 KV LIN-STR) L500.Conastone-PeachBottom.5012
FEAGANSM 138 KV FEAGANSM-STONEWAL STM1,FEAGANSM_138 KV_FEA-STO:L500.Bedington-Doubs,STONEWAL 138KV - FEAGANSM 138KV (FEAGANSM 138 KV FEA-STO) L500.Bedington-Doubs
STAFFORD_230KV2104B_1_LN,FORTROBI_138 KV_FOR-WOL1:500/35.MtStorm.RSS6+U1-3 (RSS2.OOS Sctnlz F),CRANESCR 230KV - STAFFORD 230KV (STAFFORD 230 KV 2104B) 500/35.MtStorm.RSS2
SMIT APS 138 KV SMIT APS-WYLIERID 214/WYR,PETERS_138 KV_PET-UNI:SMIT APS-WYLIERID (APS),WYLIERID 138KV - SMIT APS 138KV (SMIT APS 138 KV SMI-WYL) L138.Parkview-BufaloJct-Cecil-Windsor.200 (Sctnlz)
ATLNTCDP230 KV  2161C,ATLNTCDP_230 KV_2161C:500/230.Bristers.TX1 (Sctnlz),GAINESVL 230KV - ATLNTCDP 230KV (ATLNTCDP 230 KV 2161C) 500/230.Bristers.TX1 (Sctnlz)
TUNA 138 KV TUNA-WANEETA 130-02,TUNA_138 KV_TUN-WAN:ACTUAL,TUNA-WANEETA 130-02         A  138 KV PLYMOUTH MEETING-BALA 230 LINE
BOWIE_115KVBOW-LAN6_1_LN,BOWIE_115 KV_BOW-LAN6:ACTUAL,BOWIE 115KV - LANHAM 115KV (BOWIE 115 KV BOW-LAN6) BASE
BELLSMIL230 KV  121-6T,BELLSMIL_230 KV_121-6T:ACTUAL,BELLSMIL 230KV - BELLSMIL 138KV (BELLSMIL 230 KV 121-6T) BASE
AQUASCO 230 KV  AQU-CHA2,AQUASCO_230 KV_AQU-CHA2:ACTUAL,CHALKPT 230KV - AQUASCO 230KV (AQUASCO 230 KV AQU-CHA2) BASE
CEDARCRE_T1_230AT20_XF,CEDARCRE_230 KV_AT20:ACTUAL,CEDARCRE 230KV - CEDARCRE 138KV (CEDARCRE 230 KV AT20) L230.Cartanza-Milford.23033
HAYFIEL4230 KV  241A,HAYFIEL4_230 KV_241A:L500.Clifton-Ox.561+500/230.Clifton.TX2,HAYFIEL4 230KV - VAHILLS 230KV (HAYFIEL4 230 KV 241A) L500.Clifton-Ox.561+500/230.Clifton.TX2
EDINBUR4138 KV  TX4,EDINBUR4138 KV TX3 553 LINE: ELMONT-CUNNINGHAM ELMONT TX#2,EDINBUR4138 KV  TX3 553 LINE: ELMONT-CUNNINGHAM & TX#2
MARDELA-VIENNA 6708-1 A 69 KV,MARDELA_69 KV_MAR-VIE:L230.IndianRiver-Milford.23034,MARDELA 69KV - VIENNA 69KV (MARDELA 69 KV MAR-VIE) L230.IndianRiver-Milford.23034
GUION 345/138KV L/O HORTONVILL-WHITESTOWN 345KV,16FIVE T_138 KV_16F-FIVE:WhitesTown - HortonVilliage 345kV,GUION 345KV - GUION 138KV (GUION 345 KV B1) WhitesTown - HortonVilliage 345kV
DIMMICK_138KV08D-POR1_1_LN,DIMMICK_138 KV_08D-POR1:L345.Pierce-Foster,PORTUNIO 138KV - DIMMICK 138KV (DIMMICK 138 KV 08D-POR1) L345.Pierce-Foster
FIFTHAVE138 KV  FIF-WIL1,FIFTHAVE_138 KV_FIF-WIL1:L138.Roberts-WestCampus,WILSONCS 138KV - FIFTHAVE 138KV (FIFTHAVE 138 KV FIF-WIL1) L138.Roberts-WestCampus
LLANERCH138 KV  LAN 7TR,LLANERCH_138 KV_LAN 7TR:ACTUAL,LLANERCH 138KV - LLANERCH 69KV (LLANERCH 138 KV LAN 7TR) BASE
PLEASNT 138 KV PLEASNT -STMARYS STM-PLE,PLEASNT_138 KV_STM-PLE:ACTUAL,PLEASNT 138KV - STMARYS 138KV (PLEASNT 138 KV STM-PLE) BASE
CROZET_230KV291B_1_LN,CROZET_230 KV_291B:L230.Dooms-Charlottesville.233,BARRCKRD 230KV - CROZET 230KV (CROZET 230 KV 291B) L230.Dooms-Charlottesville.233
BENTONHA-WESTSTRE           A  138 KV,BENTONHA_138 KV_BEN-WES1:L345.Cook-Segreto,BENTONHA 138KV - WESTSTRE 138KV (BENTONHA 138 KV BEN-WES1) L345.Cook-Segreto
7 STATE 345 KV 7 STATE TR82CT XFORMER,7 STATE_345 KV_TR82CT:DBL:L345.Burnham-BluIsl.17702+L345.Burnham-Calumet,7 STATE 345KV - 7 STATE 138KV (7 STATE 345 KV TR82CT) L345.Burnham-BlueIsl.17702 + 345/138.BluIsl.TR81
BIGPINET_138KVBIG-GAR_1_LN,BIGPINET_138 KV_BIG-GAR:L138.Kittanning-AllDam6,BIGPINET 138KV - GARRNJCT 138KV (BIGPINET 138 KV BIG-GAR) L138.Kittanning-AllDam6
KEENMILL230 KV  266D,KEENMILL_230 KV_266D:L230.Loudoun-CubRun-Walney-Dulles.2008,CLIFTON 230KV - KEENMILL 230KV (KEENMILL 230 KV 266D) L230.Loudoun-CubRun-Walney-Dulles.2008
SHEPLJCT138 KV  SHE-SMI,SHEPLJCT_138 KV_SHE-SMI:L500.Cabot-Keystone.5002,SMITHTON 138KV - SHEPLJCT 138KV (SHEPLJCT 138 KV SHE-SMI) L500.Cabot-Keystone.5002
COLONIAL 115 KV COL.PIPE-GLENARM1 110511,COLONIAL_115 KV_COL-GLE1:ACTUAL,COL.PIPE-GLENARM1 110511    B  115 KV Combined 3590 and 65800
CORSON 69 KV CORSON-COURT 0720,MONR AE_69 KV_MON-VINE:L138.Corson-MiddleTap-England.1403,CORSON 69KV - COURT 69KV (CORSON 69 KV COR-COU) L138.Corson-MiddleTap-England.1403
BELLSMIL138 KV  BEL-BET4,BELLSMIL_138 KV_BEL-BET4:L500.BurchesHill-PossumPoint.560,BELLSMIL 138KV - BETHESDA 138KV (BELLSMIL 138 KV BEL-BET4) L500.BurchesHill-PossumPoint.560
CLOUD_115KVCLO-KERR_1_LN,CLOUD_115 KV_CLO-KERR:L500.Cloverdale-Lexington.566,KERRDAM 115KV - CLOUD 115KV (CLOUD 115 KV CLO-KERR) BASE
FARMVILL230 KV  TX5,FARMVILL_230 KV_TX5:L500.BrunswickSwitchingStationHeritage-Wake.570,FARMVILL 230KV - FARMVILL 115KV (FARMVILL 230 KV TX5) L500.BrunswickSwitchingStationHeritage-Wake.570
ROXBOROU230 KV  ROX-WHI,ROXBOROU_230 KV_ROX-WHI:L500.Keeney-RockSprings.5025,WHITPAIN 230KV - ROXBOROU 230KV (ROXBOROU 230 KV ROX-WHI) L500.Keeney-RockSprings.5025
CLAYTNAE 69 KV CLAYTON AE-WOODSTOWN 0714,CLAYTNAE_69 KV_CLA-WOO:L69.Mickleton-ValeroTap-Paulsboro.0746,CLAYTNAE 69KV - WOODSTOW 69KV (CLAYTNAE 69 KV CLA-WOO) L69.Mickleton-ValeroTap-Paulsboro.0746
BLMNTDOM230 KV  BEL-COCH,BLMNTDOM_230 KV_BEL-COCH:L230.EvergreenMills-YarleyRidge.2209,BLMNTDOM 230KV - COCHRANM 230KV (BLMNTDOM 230 KV BEL-COCH) L230.EvergreenMills-YarleyRidge.2209
GABLESW 138 KV  GAB-TID,GABLESW_138 KV_GAB-TID:ACTUAL,TIDD_AEP 138KV - GABLESW 138KV (GABLESW 138 KV GAB-TID) BASE
REMINGTN115 KV  6A,REMINGTN_115 KV_6A:L230.Remington-RemingtonCT.2077,REMINGTN 115KV - REMNTNCT 115KV (REMINGTN 115 KV 6A) L230.Remington-RemingtonCT.2077
AMDEASTN115 KV  AMD-NORW,AMDEASTN_115 KV_AMD-NORT:L500.Hosensack-SteelCity.5032,NORTHWOO 115KV - AMDEASTN 115KV (AMDEASTN 115 KV AMD-NORW) L500.Hosensack-SteelCity.5032
MILLBROO138 KV  MIL-SIN1,MILLBROO_138 KV_MIL-SIN1:L765.Kammer-Belmont-Mountaineer+765/500.Belmont.T5,MILLBROO 138KV - SINKINGS 138KV (MILLBROO 138 KV MIL-SIN1) L765.Kammer-Belmont-Mountaineer+765/500.Belmont.T5
GLASGOW_138KVGLA-KEE_1_LN,GLASGOW_138 KV_GLA-KEE:L138.LumsPond-Reybold.13841,KEENEY 138KV - GLASGOW 138KV (GLASGOW 138 KV GLA-KEE) L138.LumsPond-Reybold.13841
DICKERSH230 KV  DIC-QUI4,DICKERSH_230 KV_DIC-QUI4:L500.BurchesHill-PossumPoint.560,DICKERSH 230KV - QUINCEOR 230KV (DICKERSH 230 KV DIC-QUI4) L500.BurchesHill-PossumPoint.560
CUBRUNDP230 KV  2008B,CUBRUNDP_230 KV_2008B:L230.Beaumead-Ashburn-PleasantView.274,CUBRUNDP 230KV - WALNEY 230KV (CUBRUNDP 230 KV 2008B) L230.Beaumead-Ashburn-PleasantView.274
COLONIAL 115 KV COL.PIPE-GLENARM1 110511,COLONIAL_115 KV_COL-GLE1:L230.Graceton-Bagley-RaphaelRoad.2313,COLONIAL 115KV - GLENARM 115KV (COLONIAL 115 KV COL-GLE1) L230.Graceton-Bagley-RaphaelRoad.2313
101 ITAS345 KV  TR82,101 ITAS_345 KV_TR82:ACTUAL,101 ITAS345 KV  TR82CT-P BASE
GRACETON_230KVGRA-MANO_1_LN,GRACETON_230 KV_GRA-MANO:L230.Graceton-Bagley-RaphaelRoad.2305,MANOR 230KV - GRACETON 230KV (GRACETON 230 KV GRA-MANO) L230.Graceton-Bagley-RaphaelRoad.2305
PLEASNTV TX3 XFORMER L 230 KV,PLEASNTV_500 KV_TX3:L230.Belmont-CochranMill-GooseCreek.2286,PLEASNTV 500KV - PLEASNTV 230KV (PLEASNTV 500 KV TX3) L230.Belmont-CochranMill-GooseCreek.2286
MIDWAYTE138 KV  MID-NAO1,NAPLNN_138 KV_NAP-MID:L138.Richland-Ridgeville-NapoleonMuni-Stryker,MIDWAYTE138 KV  MID-NAO1 L138.Richland-Ridgeville-Stryker
AQUAHAR_230KVAQU-GAR1_1_LN,AQUAHAR_230 KV_AQU-GAR1:L230.Elmont-Hanover-FourRivers.2032,AQUAHAR 230KV - GARRSNV 230KV (AQUAHAR 230 KV AQU-GAR1) L230.Elmont-Hanover-FourRivers.2032
HUNTERST 115 KV HUNTERST-LINCOLN 962,HUNTERST_230 KV_TR2:L500.Hunterstown-Conastone.5013,HUNTERST115 KV  HUN-LNJ Hunterstown-Lincoln (962) 115 kV line
HOMERCIT 345 KV HOMERCIT N.AUTO-P XFORMER,HOMERCIT_345 KV_N.AUTO-P:L345.ErieWest-Ashtabula-Perry,HOMERCIT345 KV  N.AUTO-P L345.ErieWest-Ashtabula-Perry
BRIGHTON_T1_500NO.1TR_XF,APSouth Interface:500/138.Bedington.T2&T4 + 500.Cap.2&3 (Sctnlz F),BRIGHTON 500KV - BRIGHTON 230KV (BRIGHTON 500 KV NO.1TR) 500/138.Bedington.T2&T4 + 500.Cap.2&3 (Sctnlz F)
CANALAEP_138KVCAN-GAY1_1_LN,CANALAEP_138 KV_CAN-GAY1:L345.Beatty-Cole,CANALAEP 138KV - GAY 138KV (CANALAEP 138 KV CAN-GAY1) L345.Beatty-Cole
COLONIAL 115 KV COL.PIPE-GLENARM1 110511,COLONIAL_115 KV_COL-GLE2:L500.Brighton-Conastone.5011,COLONIAL 115KV - GLENARM 115KV (COLONIAL 115 KV COL-GLE1) L500.Brighton-Conastone.5011
NDELPHOS69 KV   NDE-SDE,NDELPHOS_69 KV_NDE-SDE:L138.AllenIM-Logtown,NDELPHOS 69KV - SDELPHOS 69KV (NDELPHOS 69 KV NDE-SDE) L138.AllenIM-Logtown
METUCHEN_230KVMET-PIEH_1_LN,METUCHEN_230 KV_MET-PIEH:ACTUAL,PIERSOAV 230KV - METUCHEN 230KV (METUCHEN 230 KV MET-PIEH) BASE
TRENTON2138 KV  TRE-COL1,TRENTON2_138 KV_TRE-COL1:L345.EastBend-Terminal,COLLEGEC 138KV - TRENTON2 138KV (TRENTON2 138 KV TRE-COL1) L345.EastBend-Terminal
127 MATT 138 KV 127 MATT-6604 6604 2,127 MATT_138 KV_6603 2:L345.Bloom-DavisCreek.17907 + TR84 + L17908,6604 138KV - 127 MATT 138KV (127 MATT 138 KV 6604 2) L345.Bloom-DavisCreek.17907 + L17908 SF
BRIGHTON_T1_500NO.1TR_XF,FIVEFORK_115 KV_FIV-ROC1:L230.Graceton-Bagley-RaphaelRoad.2305,BRIGHTON 500KV - BRIGHTON 230KV (BRIGHTON 500 KV NO.1TR) L230.Graceton-Bagley-RaphaelRoad.2305
PANTEGO 115 KV  PAN-TERR,PANTEGO_115 KV_PAN-TERR:L500.Carson-Rawlings.511,TERRA 115KV - PANTEGO 115KV (PANTEGO 115 KV PAN-TERR) L500.Carson-Rawlings.511
MALISZEW_138KVMAL-HYA2_1_LN,MALISZEW_138 KV_MAL-HYA1:L138.Maliszewski-HyattCS.2,MALISZEW 138KV - HYATTCS 138KV (MALISZEW 138 KV MAL-HYA2) L138.Maliszewski-Genoa
HAMPSHIR 138 KV HAMSHIR-RIDGELEY,HAMPSHIR_138 KV_HAM-RID:ACTUAL,RIDGELEY 138KV - HAMPSHIR 138KV (HAMPSHIR 138 KV HAM-RID) L500.Dooms-Lexington.555
FARMERSV-RIDG PN RV 1048 A 115 KV,FARMERSV_115 KV_FAR-RID:L230.LewisRun-PierceBrook,FARMERSV 115KV - RIDG PN 115KV (FARMERSV 115 KV FAR-RID) L230.LewisRun-PierceBrook
DARLEYRD_69KVDAR-NAA_1_LN,DARLEYRD_69 KV_DAR-NAA:500/230.RedLion.AT51,NAAMANS 69KV - DARLEYRD 69KV (DARLEYRD 69 KV DAR-NAA) 500/230.RedLion.AT51
HOOVERSV 230 KV HOOVERSV 3 TX 1 XFORMER,HOOVERSV_230 KV_3 TX 1:ACTUAL,HOOVERSV 3 TX  1  XFORMER   H  230 KV HomerCity-Seward.2011
CENTECIN69 KV   CEN-RIC,CENTECIN_69 KV_CEN-RIC:ACTUAL,CENTECIN 69KV - RICHMOPK 69KV (CENTECIN 69 KV CEN-RIC) Jefferson-Rockport 765+Rockport Unit 1
ENGLESID69 KV   ENG-MIL1,MILLWDPL_69 KV_MIL2-MNB:ACTUAL,ENGLESID69 KV   ENG-MIL1 BASE
AXTONAEP138 KV  AXT-DAN1,AXTONAEP_138 KV_AXT-DAN1:L500.Cloverdale-Lexington.566,AXTONAEP 138KV - DANVILLE 138KV (AXTONAEP 138 KV AXT-DAN1) L500.Cloverdale-Lexington.566
VARNRAEP138 KV  VAR-WILM,VARNRAEP_138 KV_VAR-WILM:ACTUAL,VARNRAEP 138KV - WILMINGT 138KV (VARNRAEP 138 KV VAR-WILM) BASE
L69 138 KV L69-LICK,LICK_138 KV_LIC-RHO:ACTUAL,L69 138KV - LICK 138KV (L69 138 KV L69-LIC1) BASE
ASPENSLR115 KV  ASP-SHAD,ASPENSLR_115 KV_ASP-SHAD:L115.Hunterstown-TexasEastern-Gardners.991,SHADEGAP 115KV - ASPENSLR 115KV (ASPENSLR 115 KV ASP-SHAD) L115.Hunterstown-TexasEastern-Gardners.991
KAMMER2 765 KV  400,KAMMER2_765 KV_400:ACTUAL,KAMMER2 345 KV  .400-S L500.Kammer-502Jct+765/500.Kammer.200 (IROL)
ALLENJUN138 KV  ALL-ALLE,ALLENJUN_138 KV_ALL-ALLE:345/138.Bayshore.T1,ALLENJUN 138KV - ALLENMOD 138KV (ALLENJUN 138 KV ALL-ALLE) 345/138.Bayshore.T1
BIGPINET138 KV  BIG-GAR,BIGPINET_138 KV_BIG-GAR:L500.Keystone-SouthBend.5001(513),BIGPINET 138KV - GARRNJCT 138KV (BIGPINET 138 KV BIG-GAR) L500.Keystone-SouthBend.5001(513)
HAYES_FE345 KV  TR1,HAYES_FE_345 KV_TR1:L345.Beaver-WestLorain + WestLorain.WL20-WL50,HAYES_FE 345KV - HAYES_FE 138KV (HAYES_FE 345 KV TR1) L345.Beaver-WestLorain + WestLorain.WL20-WL50
CALVERT 138 KV  CAL-JAC1,CALVERT_138 KV_CAL-JAC1:345/138.Olive.T2(Sctnlz),JACKSONR 138KV - CALVERT 138KV (CALVERT 138 KV CAL-JAC1) 345/138.Olive.T2
ENTRPRIS230 KV  2186A,ENTRPRIS_230 KV_2186A:ACTUAL,SHELHORN 230KV - ENTRPRIS 230KV (ENTRPRIS 230 KV 2186A) BASE
CHESTNT_115KV1001E_1_LN,CHESTNT_115 KV_1001E:L500.BrunswickSwitchingStationHeritage-Wake.570,CHESTNT 115KV - WHITAKER 115KV (CHESTNT 115 KV 1001E) L500.BrunswickSwitchingStationHeritage-Wake.570
CHEROKE169 KV   CHE-MILT,CHEROKE1_69 KV_CHE-DAN2:L230.Columbia-Montour,CHEROKE169 KV   CHE-MILT L230.Columbia-Montour
LADYSMCT230 KV  LAD-SUMM,LADYSMCT_230 KV_LAD-SUMM:L230.Ladysmith-LadysmithCT.2089 + LadySmth.T1&T2,LADYSMCT 230KV - SUMMITDP 230KV (LADYSMCT 230 KV LAD-SUMM) L230.Ladysmith-LadysmithCT.2089 + LadySmth.T1&T2
SNOWYCRE_T1_1381_XF,SCADIZ_138 KV_T1_XF:ACTUAL,SCADIZ  138 KV  T1_XF L765.Kammer-SouthCanton + SouthCanton.T3
SPORNAEP 138 KV SPORNAEP-GAVINAEP,SPORNAEP_138 KV_SPO-GAV1:ACTUAL,LINE    138 KV  LAK-SPO1 GAVINAEP138 KV  AD      CB      OPEN    GAVINAEP138 KV  AD2     CB      OPEN    SPORNAEP138 KV  J
DOUBS_500KVDOU-GOO_1_LN,DOUBS_500 KV_DOU-GOO:L500.Loudoun-Morrisville.569,DOUBS 500KV - GOOSECRE 500KV (DOUBS 500 KV DOU-GOO) L500.Loudoun-Morrisville.569
JOHNSONM-OTTER B 138 KV,JOHNSONM_138 KV_JOH-OTT1:L138.Redeye-SmithMou,OTTER 138KV - JOHNSONM 138KV (JOHNSONM 138 KV JOH-OTT1) L138.Redeye-SmithMou
SKENTON_138KVSKE-WIL1_1_LN,SKENTON_138 KV_SKE-WIL1:L345.EastLima-FostoriaCentral,SKENTON 138KV - WILDCREE 138KV (SKENTON 138 KV SKE-WIL1) L345.EastLima-FostoriaCentral
BUTL APS 138 KV BUTL APS-KARNSCIT KC-BT,BUTL APS_138 KV_BUT-KAR:L345.HandsomeLake-Wayne,BUTL APS-KARNSCIT KC-BT     A  138 KV 345/115.ErieWest.T1
101 ITAS345 KV  TR82CT-P,101 ITAS_345 KV_TR82:ACTUAL,101 ITAS345 KV  TR82CT-P BASE
11904   138 KV  11904 5,11904_138 KV_11904 5:ACTUAL,969 ECOG 138KV - 11904 138KV (11904 138 KV 11904 5) L765.Cloverdale-JoshuaFalls
COLLIER 138 KV COLLIER-ELWYN Z-62,COLLIER_138 KV_COL-ELW2:ACTUAL,COLLIER 138KV - ELWYN 138KV (COLLIER 138 KV COL-ELW) L138.Brunot Island-Collier.Z-41
3ROCKY 115 KV 3ROCKY -BATTLEBO 123A,3ROCKY_115 KV_123A:L500.Cloverdale-Lexington.566,3ROCKY 115KV - BATTLEBO 115KV (3ROCKY 115 KV 123A) L500.Cloverdale-Lexington.566
CENTER-WESTPORT 110552 A 115 KV,CENTER_115 KV_CEN-WES2:L230.Graceton-FvFrks.110510 + 230/115.Grctn.230-1,WESTPORT 115KV - CENTER 115KV (CENTER 115 KV CEN-WES2) L230.Graceton-FvFrks.110510 + 230/115.Grctn.230-1
HAVILAND69 KV   HAV-NVA,HAVILAND_69 KV_HAV-NVA:ACTUAL,HAVILAND 69KV - NVANWERT 69KV (HAVILAND 69 KV HAV-NVA) 138/69.Haviland.T4 (Sctnlz)
SIEGFRIE_T5_2305_XF,SIEGFRIE_230 KV_4:L500.Breinigsville-Wescosville.5044,HARWOOD 230KV - SIEGFRIE 230KV (HARWOOD 230 KV HAR-SIE) L500.Breinigsville-Wescosville.5044
DUBOIS  115 KV  DUB-ROC,DUBOIS_115 KV_DUB-ROC:L230.Forest-SquabHollow,ROCKTONM 115KV - DUBOIS 115KV (DUBOIS 115 KV DUB-ROC) L230.Forest-SquabHollow
CLOVERD2765 KV  T17,CLOVERD2_765 KV_T17:765/500.Cloverdale.T14,CLOVERD2 765KV - CLOVERD2 345KV (CLOVERD2 765 KV T17) 765/500.Cloverdale.T14
WAGNER  230 KV  230-2,WAGNER_230 KV_230-2:L230.Conastone-Northwest.2310,WAGNER 230KV - WAGNER 115KV (WAGNER 230 KV 230-2) L230.Conastone-Northwest.2310
74 KEWAN-PUTN 7404,74 KEWAN_138 KV_KEW-PUTN:L138.Corbin-CrescentRidge.98105,74 KEWAN 138KV - PUTN 138KV (74 KEWAN 138 KV KEW-PUTN) L138.Corbin-CrescentRidge.98105
LEEAEP_138KVLEE-ROSE_1_LN,LEEAEP_138 KV_LEE-ROSE:ACTUAL,LEEAEP 138KV - ROSEWOOD 138KV (LEEAEP 138 KV LEE-ROSE) BASE
YORKANA 230 KV  BANK 1,YORKANA_230 KV_BANK 1:L230.Jackson-TMI.1051,YORKANA 230KV - YORKANA 115KV (YORKANA 230 KV BANK 1) L230.Jackson-TMI.1051
NWLIMA  138 KV  NWL-WOO1,NWLIMA_138 KV_NWL-WOO1:L345.EastLima-SouthWestLima,NWLIMA 138KV - WOODLAWN 138KV (NWLIMA 138 KV NWL-WOO1) L345.EastLima-SouthWestLima
HOMEDEPT138 KV  HOM-LEM,HOMEDEPT_138 KV_HOM-LEM:L345.Dowling-Lemoyne,LEMOYNE2 138KV - HOMEDEPT 138KV (HOMEDEPT 138 KV HOM-LEM) L345.Dowling-Lemoyne
AQUEDUCT 230 KV AQUEDUCT-DICKERSH 23101,AQUEDUCT_230 KV_AQU-DIC:L500.Doubs-GooseCreek.514,AQUEDUCT 230KV - DICKERSH 230KV (AQUEDUCT 230 KV AQU-DIC) L500.Doubs-GooseCreek.514
DUBOIS  115 KV  DUB-ROC,DUBOIS_115 KV_DUB-ROC:L230.Elko-Shawville,ROCKTONM 115KV - DUBOIS 115KV (DUBOIS 115 KV DUB-ROC) L230.Elko-Shawville
BUTL APS 138 KV BUTL APS-KARNSCIT KC-BT,BUTL APS_138 KV_BUT-KAR:L500.Cabot-Cranberry,BUTL APS-KARNSCIT KC-BT     A  138 KV MAXCR: 500/230.Keystone.T4 + U1 + U2 + 5003 + 5004
SNOWYCRE138 KV  SNO-SNOW,SNOWYCRE_138 KV_SNO-SNOW:L138.SulphurCity-ParrRun,SNOWYTAP 138KV - SNOWYCRE 138KV (SNOWYCRE 138 KV SNO-SNOW) L138.SulphurCity-ParrRun
WHITAKER115 KV  1001B,WHITAKER_115 KV_1001B:L230.Earleys-NHampton-Carolina.2012,WHITAKER 115KV - CONSLDSL 115KV (WHITAKER 115 KV 1001B) L230.Earleys-NHampton-Carolina.2012
AQUAHAR_230KVAQU-GAR1_1_LN,AQUAHAR_230 KV_AQU-GAR1:L500.Doubs-GooseCreek.514,AQUAHAR 230KV - GARRSNV 230KV (AQUAHAR 230 KV AQU-GAR1) L500.Doubs-GooseCreek.514
TRENTON2_138KVTRE-COL1_1_LN,TRENTON2_138 KV_TRE-COL1:ACTUAL,COLLEGEC 138KV - TRENTON2 138KV (TRENTON2 138 KV TRE-COL1) L765.Maliszewski-Marysville
CUTHBERT230 KV  CUT-GLOC,CUTHBERT_230 KV_CUT-GLOC:ACTUAL,GLOUCEST 230KV - CUTHBERT 230KV (CUTHBERT 230 KV CUT-GLOC) BASE
SNOWYCRE138 KV  SNO-SNOW,SNOWYCRE_138 KV_SNO-SNOW:L138.Junction-ParrRun.AJ-4,SNOWYTAP 138KV - SNOWYCRE 138KV (SNOWYCRE 138 KV SNO-SNOW) L138.Junction-ParrRun.AJ-4
SMITHST_115KVSMI-ZIO_1_LN,SMITHST_115 KV_SMI-ZIO:230/115.Yorkana.T3,ZIONSVIE 115KV - SMITHST 115KV (SMITHST 115 KV SMI-ZIO) 230/115.Yorkana.T3
MIDDLJCT 115 KV MIDDLJCT-YORKHAVE 977-1,MIDDLJCT_115 KV_MID-YOR8:Smith Jct. 115 kV line (WestGate-SmithSt-YorkInc),MIDDLJCT 115KV - YORKHAVE 115KV (MIDDLJCT 115 KV MID-YOR7) L115.WestGate-SmithJct-YorkInc.967
CANALAEP138 KV  CAN-MOU1,CANALAEP_138 KV_CAN-MOU1:L138.Beatty-McComb,MOUND 138KV - CANALAEP 138KV (CANALAEP 138 KV CAN-MOU1) L138.Beatty-McComb
GWYNNBRO115 KV  GWY-MAY8,GWYNNBRO_115 KV_GWY-MAY8:L230.Graceton-Bagley-RaphaelRoad.2313,GWYNNBRO 115KV - MAYSCHAP 115KV (GWYNNBRO 115 KV GWY-MAY8) L230.Graceton-Bagley-RaphaelRoad.2313
HOOVERSV 115 KV HOOVERSV-TOWER51 H1H2 1071,HOOVERSV_115 KV_HOO-TOW:L500.Conemaugh-Keystone.5003,TOWER51 115KV - HOOVERSV 115KV (HOOVERSV 115 KV HOO-TOW) L500.Conemaugh-Keystone.5003
DOUBS_500KVDOU-GOO_1_LN,DANVILLE_138 KV_DAN-EDA1:L500.Midlothian-NorthAnna.576,DOUBS 500KV - GOOSECRE 500KV (DOUBS 500 KV DOU-GOO) L500.Midlothian-NorthAnna.576
AMOS 345 KV AMOS 7-P XFORMER,AMOS_345 KV_AMO-KAN1:L765.Kammer-Belmont-Mountaineer+765/500.Belmont.T5,AMOS 345KV - AMOS 1KV (AMOS 345 KV 7-P) TempDBL.L345.Amos-Sporn+765/345/34.Amos.T5
FRUITLAN69 KV   FRT-LOR,FRUITLAN_69 KV_FRT-LOR:ACTUAL,LORETTO 69KV - FRUITLAN 69KV (FRUITLAN 69 KV FRT-LOR) BASE
ALTAVSTA 138 KV ALTAVSTA TX3 XFORMER,ALTAVSTA_138 KV_TX3:L500.Carson-Midlothian.563,ALTAVSTA 115KV - ALTAVSTA 138KV (ALTAVSTA 138 KV TX3) L500.Carson-Midlothian.563
BIGPINET_138KVBIG-KIS_1_LN,BIGPINET_138 KV_BIG-KIS:ACTUAL,KISKIVAL 138KV - BIGPINET 138KV (BIGPINET 138 KV BIG-KIS) L345.Ashtabula-ErieWest & Seneca#1 Pump
BAKRSPDP 115 KV BAKRSPDP-NBOHEMDP 106AB,BAKRSPDP_115 KV_106AB:L230.Carson-Poe.2002 (Sctnlz),BAKRSPDP 115KV - NBOHEMDP 115KV (BAKRSPDP 115 KV 106AB) L230.Carson-Poe.2002 (Sctnlz)
BELMON  138 KV  BEL-CHA,BELMON_138 KV_BEL-CHA:L500.Cabot-Keystone.5002,BELMON 138KV - CHARLERO 138KV (BELMON 138 KV BEL-CHA) L500.Cabot-Keystone.5002
HOMERCIT_230KVHOM-SHE_1_LN,HOMERCIT_230 KV_HOM-SHE:L345.HandsomeLake-Armstrong,SHELOCTA 230KV - HOMERCIT 230KV (HOMERCIT 230 KV HOM-SHE) L345.HandsomeLake-Armstrong
HAVILAND69 KV   HAV-NVA,HAVILAND_69 KV_HAV-NVA:L345.EastLima-MaddoxCreek,HAVILAND 69KV - NVANWERT 69KV (HAVILAND 69 KV HAV-NVA) L345.EastLima-MaddoxCreek
LOGANSFE_138KVLOG-UNI_1_LN,LOGANSFE138 KV LOG-UNI Arsenal-Brunot-Collier 345 KV LINE T1 XFMR (DUQ),LOGANSFE 138KV - UNIVERSA 138KV (LOGANSFE 138 KV LOG-UNI) L500.Cabot-Cranberry
OTTER_138KVOTT-ALT1_1_LN,OTTER_138 KV_OTT-ALT1:L765.Cloverdale-Joshua Falls,ALTAVSTA 138KV - OTTER 138KV (OTTER 138 KV OTT-ALT1) L765.Cloverdale-JoshuaFalls
BLANCO  69 KV   BLA-NEWM,BLANCO_69 KV_BLA-NEWM:ACTUAL,BLANCO 69KV - NEWMERED 69KV (BLANCO 69 KV BLA-NEWM) L230.CedarCreek-SilverRun.23030
EBERSOLE138 KV  EBE-FOS2,EBERSOLE_138 KV_EBE-FOS2:L345.EastLima-SouthWestLima,FOSTORIA 138KV - EBERSOLE 138KV (EBERSOLE 138 KV EBE-FOS2) L345.EastLima-SouthWestLima
SCOTTSVI 138 KV SCOTTSVI-BREMO_VP,SCOTTSVI_138 KV_SCO-BRE1:L500.Dooms-Cunningham.534,BREMO4 138KV - SCOTTSVI 138KV (SCOTTSVI 138 KV SCO-BRE1) L500.Dooms-Cunningham.534
HAYNIE 115 KV HAY-PIN,HAYNIE_115 KV_HAY-PIN:ACTUAL,PINEY 115KV - HAYNIE 115KV (HAYNIE 115 KV HAY-PIN) L345.ErieWest-Ashtabula-Perry
CAROLINA 230 KV CAROLINA TX4 XFORMER,CAROLINA_230 KV_TX4:L230.Earleys-NHampton-Carolina.2012,CAROLINA TX4      XFORMER   H  230 KV L230.Earleys-NHampton-RoanokeValley.2012
FTSLOCUM69 KV   FTS-TAK7,FTSLOCUM_69 KV_FTS-TAK7:ACTUAL,TAKOMA 69KV - FTSLOCUM 69KV (FTSLOCUM 69 KV FTS-TAK7) L500.BurchesHill-PossumPoint.560
TGAS 115 KV STROY-TGAS TAP,TGAS_115 KV_STR-GAS:L230.ETowanda-Hillside.2002 [NYISO] + SPS.ESayre,TGAS 115KV - STROY 115KV (TGAS 115 KV STR-GAS) L230.ETowanda-Hillside.2002 [NYISO]
SHICKSVI138 KV  SHI-SOWR,SHICKSVI_138 KV_SHI-SOWR:L765.Marysville-Sorenson,SOWERS 138KV - SHICKSVI 138KV (SHICKSVI 138 KV SHI-SOWR) L765.Marysville-Sorenson
HOPEWEL4 230 KV HOPEWEL4-CHESTER4 211A,HOPEWEL4_230 KV_211A:L500.Carson-Midlothian.563,HOPEWEL4 230KV - CHESTER4 230KV (HOPEWEL4 230 KV 211A) L500.Carson-Midlothian.563
HARWOOD_T2_2305_XF,COLU PL_230 KV_COL-MON:L230.E.Palmerton-Harwood + 230/69.Harwood.T6,HARWOOD 230KV - HARWOOD 69KV (HARWOOD 230 KV 5) 230/69.Harwood.T6
MARDELA-VIENNA 6708-1 A 69 KV,MARDELA_69 KV_MAR-VIE:L230.CedarCreek-SilverRun.23030,VIENNA 69KV - MARDELA 69KV (MARDELA 69 KV MAR-VIE) L230.CedarCreek-SilverRun.23030
GILBERT_115KVGIL-GLEN_1_LN,GILBERT_115 KV_GIL-GLEN:L230.Gilbert-Springfield,GLENDON 115KV - GILBERT 115KV (GILBERT 115 KV GIL-GLEN) L230.Gilbert-Springfield
ERIES 345 KV ERIES 5 TX 3 XFORMER,ERIES_345 KV_5 TX 3:ACTUAL,LINE    138 KV  BUT-KAR ERIES   230 KV  NO5TX230CB      OPEN    ERIES   345 KV  5 TX  3 CMPTRAFODUMMY   ERIES   345 KV  NO8
BASINRD 69 KV   BAS-WES,BASINRD_69 KV_BAS-WES:ACTUAL,BASINRD 69KV - WESTDPL 69KV (BASINRD 69 KV BAS-WES) BASE
RICHLND_138KVRIC-WAUS_1_LN,RICHLND_138 KV_RIC-WAUS:ACTUAL,RICHLND 138KV - WAUSEON 138KV (RICHLND 138 KV RIC-WAUS) L138.Richland-Ridgeville-Stryker
PLUM    138 KV  PLU-UNI,PLUM_138 KV_PLU-UNI:L138.Springdale-ShaffersCorner,PLUM 138KV - UNIVERSA 138KV (PLUM 138 KV PLU-UNI) L138.Springdale-ShaffersCorner
SALTSPRG_138KVSAL-MAS1_1_LN,SALTSPRG_138 KV_SAL-MAS1:L500.SouthBend-Yukon,SALTSPRG 138KV - MASURY 138KV (SALTSPRG 138 KV SAL-MAS1) L500.SouthBend-Yukon
SAWMILL 138 KV  SAW-DUB1,SAWMILL_138 KV_SAW-DUB1:L138.Davidson-BethelRoad,SAWMILL 138KV - DUBLIN 138KV (SAWMILL 138 KV SAW-DUB1) L138.Davidson-BethelRoad
CAPITALA138 KV  CAP-TWI,CAPITALA_138 KV_CAP-TWI:L138.TwinBranch-BeechRoad-CountyRoad,TWINBRAN 138KV - CAPITALA 138KV (CAPITALA 138 KV CAP-TWI) L138.TwinBranch-BeechRoad-CountyRoad
GRANDPT 138 KV GRANDPT-GUILFORD,GRANDPT_138 KV_GRA-GUI:230/115.Lewistown.T3,GUILFORD 138KV - GRANDPT 138KV (GRANDPT 138 KV GRA-GUI) 230/115/46.Lewistown.T2&T3
114 NORT-110 DEVO 11411 1 B 138 KV,110 DEVO 138-114 NORT 138,114 NORT-110 DEVO 11411 1   B  138 KV L138.Skokie-8809-Devon.8809
CUMB PL 230 KV CUMB PL-JUNIATA 2235,CUMB PL_230 KV_CUM-JUN:L500.TMI-Lauschtown.5026,JUNIATA 230KV - CUMB PL 230KV (CUMB PL 230 KV CUM-JUN) L500.TMI-Lauschtown.5026
BRIGHTON230 KV  BRI-MTZ2,BRIGHTON_230 KV_BRI-MTZ2:ACTUAL,BRIGHTON 230KV - MTZION 230KV (BRIGHTON 230 KV BRI-MTZ2) BASE
CRANESCR230 KV  TX1,CRANESCR_230 KV_TX1:ACTUAL,FRDRKSBG230 KV  TX7 AQUIA   230 KV  TX1     CMPTRAFODUMMY   CRANESCR230 KV  TX1     CMPTRAFODUMMY   CRANESCR230 KV  TX2
CUMB PL 230 KV CUMB PL-JUNIATA 2235,CUMB PL_230 KV_CUM-JUN:L500.Hopatcong-Lackawanna.5063,JUNIATA 230KV - CUMB PL 230KV (CUMB PL 230 KV CUM-JUN) L500.Hopatcong-Lackawanna.5063
MITCHELL 138 KV MITCHELL-SHEPLJCT MI-SLJ,MITCHELL_138 KV_MIT-SHE:L500.502Junction-NorthLongview,SHEPLJCT 138KV - MITCHELL 138KV (MITCHELL 138 KV MIT-SHE) L500.502Junction-NorthLongview
CARL PN-GARDNERS 1049 B 115 KV,CARL PN_115 KV_CAR-ROX:L230.Lewistown-Juniata,GARDNERS 115KV - CARL PN 115KV (CARL PN 115 KV CAR-GAR) Lewistown-Juniata 230 kV line
KANAWHAR_138KVKAN-KIN1_1_LN,KANAWHAR_138 KV_KAN-KIN1:Culloden - Wyoming 765,KANAWHAR 138KV - KINCAIDA 138KV (KANAWHAR 138 KV KAN-KIN1) L765.Culloden-Wyoming
16 WAUKE345 KV  TR83CT-P,16 WAUKE_345 KV_TR83CT-P:138L1608 Waukegan-1608-Libertyville 138 kV Line,16 WAUKE 345KV - 16 WAUKE 1KV (16 WAUKE 345 KV TR83CT-P) 138L1608 Waukegan-1608-Libertyville 138 kV Line
SHAWVILL 230 KV SHAWVILL BNK 2A-P XFORMER,SHAWVILL_230 KV_BNK 2A-P:L230.Forest-SquabHollow,SHAWVILL 1KV - SHAWVILL 230KV (SHAWVILL 230 KV BNK 2A-P) L230.Forest-SquabHollow
SANDERSO138 KV  SAN-08C,SANDERSO_138 KV_SAN-08C:L230.Lanexa-Chickahominy.2024,08CADIZ 138KV - SANDERSO 138KV (SANDERSO 138 KV SAN-08C) L230.Lanexa-Chickahominy.2024
EWOOSTER_138KVEWO-MINE_1_LN,EWOOSTER_138 KV_EWO-MINE:ACTUAL,EWOOSTER 138KV - MINERALS 138KV (EWOOSTER 138 KV EWO-MINE) BASE
HINCHMAN 230 KV HINCHMAN-JACK PS M-2239,HINCHMAN_230 KV_HIN-JAC:L230.CedarGrove-Clifton-Athenia.K-2263,JACK PS 230KV - HINCHMAN 230KV (HINCHMAN 230 KV HIN-JAC) L230.CedarGrove-Clifton-Athenia.K-2263
HOOVERSV_115KVHOO-TOW_1_LN,HOOVERSV_115 KV_HOO-TOW:ACTUAL,HOOVERSV115 KV  HOO-TOW HOMER CITY-QUEMAHON 230 LINE
ROCKPWKS_T2_7658_XF,STIFFIN_138 KV_T2 XF:ACTUAL,TRENTON2138 KV  TRE-HUT1 DUMONT 765-345KV T2 XF
GARDNERS_115KVGAR-TEX_1_LN,GARDNERS_115 KV_GAR-TEX:L115.Cly-ES3CONEW-Raintree-SmithSt,TEXSEAST 115KV - GARDNERS 115KV (GARDNERS 115 KV GAR-TEX) L115.Cly-ES3CONEW-Raintree-SmithSt
RICHLND 138 KV  RIC-WAUS,RICHLND_138 KV_RIC-WAUS:L765.Marysville-Sorenson,RICHLND 138KV - WAUSEON 138KV (RICHLND 138 KV RIC-WAUS) L765.Marysville-Sorenson
BROADVW 138 KV  BRO-FIN,BROADVW_138 KV_BRO-FIN:L138.DeerCreek-London,FINLEY 138KV - BROADVW 138KV (BROADVW 138 KV BRO-FIN) L138.DeerCreek-London
IDYLWOO4 230 KV IDYLWOO4-CLARK4 202A,IDYLWOO4_230 KV_202A:L230.Belmont-CochranMill-Ashburn-Beaumeade.227,IDYLWOO4 230KV - CLARK4 230KV (IDYLWOO4 230 KV 202A) L230.Belmont-CochranMill-Ashburn-Beaumeade.227
JOHNSTOW 230 KV JOHNSTOW-SEWARD SJ 2018,JOHNSTOW_230 KV_JOH-SEW:L500.Conemaugh-Keystone.5003,SEWARD 230KV - JOHNSTOW 230KV (JOHNSTOW 230 KV JOH-SEW) L500.Conemaugh-Keystone.5003
PLYWOOD_115KV151A_1_LN,PLYWOOD_115 KV_151A:L500.BrunswickSwitchingStationHeritage-Wake.570,SEDGEHIL 115KV - PLYWOOD 115KV (PLYWOOD 115 KV 151A) L500.BrunswickSwitchingStationHeritage-Wake.570
CONNELSV 138 KV CONNELLS-STONEJCT CV-STOJ,CONNELSV_138 KV_CON-STO:L500.502Junction-NorthLongview,STONEJCT 138KV - CONNELSV 138KV (CONNELSV 138 KV CON-STO) L500.502Junction-NorthLongview
66 E FRN 345 KV 66 E FRN-116 GOOD 11601,66 E FRN_345 KV_11601:ACTUAL,116 GOOD 345KV - 66 E FRN 345KV (66 E FRN 345 KV 11601) L345.Lasalle - Braidwood.0104
UNIONCMP115 KV  93C,UNIONCMP_115 KV_93C:L115.Pecan-Carolina.1010,FRANKLI4 115KV - UNIONCMP 115KV (UNIONCMP 115 KV 93C) L115.Pecan-Carolina.1010
MORGANTO_T1_230T2_XF,MORGANTO_230 KV_T1:ACTUAL,MORGANTO 230KV - MORGANTO 69KV (MORGANTO 230 KV T1) BASE
MIDDLJCT 115 KV MIDDLJCT-YORKHAVE 978-1,MIDDLJCT_115 KV_MID-YOR8:Smith Jct. 115 kV line (WestGate-SmithSt-YorkInc),MIDDLJCT 115KV - YORKHAVE 115KV (MIDDLJCT 115 KV MID-YOR7) L115.WestGate-SmithJct-YorkInc.967
VALLEY4 500 KV VALLEY4 TX1 XFORMER,VALLEY4_500 KV_TX1:L500.Dooms-Valley.549,VALLEY4  TX1      XFORMER   H  500 KV L500.Dooms-Valley.549
TWINBRAN345 KV  T-6,TWINBRAN_345 KV_T-6:L765.Dumont-Sorenson,TWINBRAN 345KV - TWINBRAN 138KV (TWINBRAN 345 KV T-6) L765.Dumont-Sorenson
BENTONHA138 KV  BEN-CRY1,BENTONHA_138 KV_BEN-CRY1:345/138.Olive.T2(Sctnlz),BENTONHA 138KV - CRYSTAL 138KV (BENTONHA 138 KV BEN-CRY1) 345/138.Olive.T2
ALLDAM6_138KVALL-KIT_1_LN,ALLDAM6_138 KV_ALL-KIT:L500.Cabot-Keystone.5002,ALLDAM6 138KV - KITTANNI 138KV (ALLDAM6 138 KV ALL-KIT) L500.Cabot-Keystone.5002
ETOWANDA230 KV  ETO-SCO,ETOWANDA_230 KV_ETO-SCO:L345.Mainesburg-Watercure [NYISO],ETOWANDA 230KV - SCOTCHHO 230KV (ETOWANDA 230 KV ETO-SCO) L345.Mainesburg-Watercure [NYISO]
CLY 115 KV CLY -ES3CONEW CLY-ES3,CLY_115 KV_CLY-ES3:Jackson-TMI (1051) 230 kV line,CLY 115KV - ES3CONEW 115KV (CLY 115 KV CLY-ES3) L230.Jackson-TMI.1051
BIRCHWD 230 KV  BIR-COMO,BIRCHWD_230 KV_BIR-COMO:L500.Midlothian-NorthAnna.576,BIRCHWD 230KV - COMORNDP 230KV (BIRCHWD 230 KV BIR-COMO) L500.Midlothian-NorthAnna.576
COLLEGEC 138 KV COLLEGEC-COLLINSV,COLLEGEC_138 KV_COL-COL6:L345.Pierce-Foster,COLLEGEC 138KV - COLLINSV 138KV (COLLEGEC 138 KV COL-COL6) L345.Pierce-Foster
NDELPHOS69 KV   NDE-SDE,NDELPHOS_69 KV_NDE-SDE:ACTUAL,SDELPHOS 69KV - NDELPHOS 69KV (NDELPHOS 69 KV NDE-SDE) L138.AllenIM-Tillman-TimberRoad
RICH PE-WANEETA 220-35 A 230 KV,HOLMETAP_230 KV_HOLT-RIC:Richmond-Waneeta (220-35) 230 kV line,RICH PE  RICH 7   XFORMER   H  230 KV Richmond-Waneeta (220-35) 230 kV line
TANNERSC-DEARBORN1 TIE A 345 KV,TANNERSC_345 KV_TAN-DEA1:L345.MiamiFort-Woodsdale.4592,TANNERSC 345KV - DEARBORN 345KV (TANNERSC 345 KV TAN-DEA1) L345.MiamiFort-Woodsdale.4592
SAPONY  115 KV  69B,SAPONY_115 KV_69B:L500.Elmont-Cunningham.553,SAPONY 115KV - REAMSDP 115KV (SAPONY 115 KV 69B) L500.Elmont-Cunningham.553
CLIN DUQ 138 KV CLINTON-FINDLAY Z-34,CLIN DUQ_138 KV_CLI-FIN:345/138.Crescent.T1,CLIN DUQ 138KV - FINDLAY 138KV (CLIN DUQ 138 KV CLI-FIN) 345/138.Crescent.T1
BOONETWN_230KVBOO-NBO_1_LN,BOONETWN_230 KV_BOO-NBO:ACTUAL,BOONETWN 230KV - NBOYERTO 230KV (BOONETWN 230 KV BOO-NBO) BASE
CLBHOUSE 230 KV CLBHOUSE TX1 XFORMER,CLBHOUSE_230 KV_TX1:L500.MtStorm-Pruntytown.554,CLBHOUSE 115KV - CLBHOUSE 230KV (CLBHOUSE 230 KV TX1) L500.MtStorm-Pruntytown.554
CORNER 138 KV CORNER-LAYMAN,LAYMAN_138 KV_LAY-WOL:ACTUAL,CORNER-LAYMAN               A  138 KV L345.Beverly(IPP)-Muskingum River
CHARLTSV 230 KV CHARLTSV-PROFITDP 2054B1,CHARLTSV_230 KV_2054B1:L500.Cloverdale-Lexington.566,CHARLTSV 230KV - PROFITDP 230KV (CHARLTSV 230 KV 2054B1) L500.Cloverdale-Lexington.566
ANTRIM_138KVANT-REI_1_LN,ANTRIM_138 KV_ANT-REI:ACTUAL,ANTRIM  138 KV  ANT-REI WWAYNESB-EWAYNESB-RINGGOLD (APS)
CLIFTON 500 KV  TX2,CLIFTON_500 KV_TX2:L500.Brambleton-Mosby.590A,CLIFTON 500KV - CLIFTON 230KV (CLIFTON 500 KV TX2) L500.Brambleton-Mosby.590A
MIAMI   345 KV  BK-E,MIAMI_345 KV_BK-E:345/138.WestMilton.BK-W (Future),MIAMI 345KV - MIAMI 138KV (MIAMI 345 KV BK-E) 345/138.WestMilton.BK-W (Future)
SCOTTSVI 138 KV SCOTTSVI-BREMO_VP,FIELDALE_138 KV_FIE-THO1:L765.JacksonsFerry-Cloverdale + 138CB.JF.L,BREMO4 138KV - SCOTTSVI 138KV (SCOTTSVI 138 KV SCO-BRE1) L765.JacksonsFerry-Cloverdale + 138CB.JF.L
CROZET 230 KV CROZET -DOOMS4 291A,CROZET_230 KV_291A:L230.Dooms-Charlottesville.233,DOOMS4 230KV - CROZET 230KV (CROZET 230 KV 291A) L230.Dooms-Charlottesville.233
WMORELN4230 KV  TX1,WMORELN4_230 KV_TX1:L500.Loudoun-Mosby.502A,WMORELN4 230KV - WMORELN4 35KV (WMORELN4 230 KV TX1) L500.Loudoun-Mosby.502A
ESIDELIM138 KV  ESI-STE1,ESIDELIM_138 KV_ESI-STE1:ACTUAL,ESIDELIM 138KV - STERLING 138KV (ESIDELIM 138 KV ESI-STE1) L765.Marysville-Sorenson
CLBHOUSE 230 KV CLBHOUSE TX1 XFORMER,CLBHOUSE_230 KV_TX1:L230.Carolina-Lakeview.2141,CLBHOUSE 230KV - CLBHOUSE 115KV (CLBHOUSE 230 KV TX1) L230.Carolina-Lakeview.2141
EELKHART138 KV  EEL-MOT1,EELKHART_138 KV_EEL-ELC1:L765.Dumont-Sorenson,EELKHART138 KV  EEL-MOT1 L765.Flatlick-Marysville
TWITTYCK115 KV  TX1,TWITTYCK_115 KV_TX1:L230.Bremo-Cartersville-Powhatan-Midlothian.2027,TWITTYCK 115KV - TWITTYCK 35KV (TWITTYCK 115 KV TX1) L230.Bremo-Cartersville-Powhatan-Midlothian.2027
23_COLLI_T1_345TR92CT-S_XF,23 COLLI_345 KV_TR92CT-S:L765.Collins - Plano.2315,23 COLLI 345KV - 23 COLLI 1KV (23 COLLI 345 KV TR92CT-S) L765.Collins - Plano.2315
HARMONYV230 KV  TX2,HARMONYV_230 KV_TX2:L230.Fredericksburg-Birchwood.2083,HARMONYV 230KV - HARMONYV 115KV (HARMONYV 230 KV TX2) L230.Fredericksburg-Birchwood.2083
EWATERVT138 KV  EAS-HAR,EWATERVT_138 KV_EAS-HAR:L138.KenzieCreek-Colby-Valley,EWATERVT 138KV - HARTFORD 138KV (EWATERVT 138 KV EAS-HAR) L138.KenzieCreek-Colby-Valley
ALLENIM 138 KV  ALL-TIL,ALLENIM_138 KV_ALL-TIL:ACTUAL,ALLENIM 138KV - TILLMAN 138KV (ALLENIM 138 KV ALL-TIL) L765.Marysville-Sorenson
SALTSPRG 138 KV SALTSPRG-MASURY,SALTSPRG_138 KV_SAL-MAS1:L138.Masury-Shenango,SALTSPRG 138KV - MASURY 138KV (SALTSPRG 138 KV SAL-MAS1) L138.Lowellville-Lincoln Park
BELMONT 765 KV BELMONT TRAN 5 (IROL,BELMONT_765 KV_TRAN 5:L500.Kammer-502Jct+765/500.Kammer.200,BELMONT  TRAN  5  (IROL)    H  765 KV L500.Kammer-502Jct+765/500.Kammer.200 (IROL)
ELMONT4 500 KV ELMONT4 TX1 XFORMER,VALLEY4 500 KV TX1 553 LINE: ELMONT-CUNNINGHAM TX#2,DOOMS4   TX9      XFORMER   H  500 KV L500.Elmont-Cunningham.553
STAFFORD 230 KV 2104B,STAFFORD_230 KV_2104B:L500.Elmont-Ladysmith.574,CRANESCR 230KV - STAFFORD 230KV (STAFFORD 230 KV 2104B) L500.Elmont-Ladysmith.574
LOUDOUN4 230 KV LOUDOUN4-GAINESVL 2030A,LOUDOUN4_230 KV_2030A:500/230.Morrisville.TX1 (Sctnlz),LOUDOUN4 230KV - GAINESVL 230KV (LOUDOUN4 230 KV 2030A) 500/230.Morrisville.TX1 (Sctnlz)
KENT 69 KV KENT-VAUGHN 6784-1,BRIDGEVI_69 KV_BRD-TAT:L69.Harrington-Wells-Vaughn-Kent.6784,KENT 69KV - VAUGHN 69KV (KENT 69 KV KEN-VAU) L69.Harrington-SouthHarrington.6739
CLBHOUSE 230 KV CLBHOUSE TX1 XFORMER,CLBHOUSE_230 KV_TX1:L500.BurchesHill-PossumPoint.560,CLBHOUSE 115KV - CLBHOUSE 230KV (CLBHOUSE 230 KV TX1) L500.BurchesHill-PossumPoint.560
3ROCKY 115 KV 3ROCKY -BATTLEBO 123A,3ROCKY_115 KV_123A:L230.Carolina-Lakeview.2141,3ROCKY 115KV - BATTLEBO 115KV (3ROCKY 115 KV 123A) L230.Carolina-Lakeview.2141
DOEX530 345 KV  DOE-PIE2,DOEX530_345 KV_DOE-PIE2:L765.Baker-Broadford,DOEX530 345KV - PIERCE 345KV (DOEX530 345 KV DOE-PIE2) L765.Baker-Broadford
FACEROCK69 KV   FAROZBR,FACEROCK_69 KV_FAROZBR:L230.Graceton-Bagley-RaphaelRoad.2305,FACEROCK69 KV   FAROZBR L230.Graceton-Bagley-RaphaelRoad.2305
CHERRYHI_69KVCHE-NAZ2_1_LN,CHERRYHI_69 KV_CHE-NAZ2:L500.Hosensack-SteelCity.5032,NAZARETH 69KV - CHERRYHI 69KV (CHERRYHI 69 KV CHE-NAZ2) L500.Hosensack-SteelCity.5032
BULLITCO161 KV  BUL-CEDL,BULLITCO_161 KV_BUL-CEDL:ACTUAL,CEDAR_LG 161KV - BULLITCO 161KV (BULLITCO 161 KV BUL-CEDL) BASE
BEDINGTON - BLACK OAK REACTIVE TRANSFER INTERFACE,Black Oak - Bedington Interface:L500.Hunterstown-Vinco.5068,TRANSFER INTERFACE: AEP-DOM L500.Cloverdale-Lexington.566
OST     138 KV  OST-SOU,OST_138 KV_OST-VAN2:L500.BurchesHill-PossumPoint.560,SOUTHWES 138KV - OST 138KV (OST 138 KV OST-SOU) L500.BurchesHill-PossumPoint.560
CABOT 500 KV CABOT-KEYSTONE 5002,YUKON_500 KV_TRAN 6:L500.Cabot-Keystone.5002,KEYSTONE 500KV - CABOT 500KV (CABOT 500 KV CAB-KEY) L500.SouthBend-Yukon
ELIMA   345 KV  2-P,ELIMA_345 KV_2-P:ACTUAL,ELIMA 345KV - ELIMA 1KV (ELIMA 345 KV 2-P) 345/138.FostoriaCentral.T1
7 STATE 345 KV 7 STATE TR82CT XFORMER,7 STATE_345 KV_TR82CT:L345.Braidwood-EastFrankfort.2001,7 STATE 345KV - 7 STATE 138KV (7 STATE 345 KV TR82CT) L345.Braidwood-EastFrankfort.2001
SMITHTON 138 KV SMITHTON-YUKON SLJ-YU,SMITHTON_138 KV_SMI-YUK2:L500.Hatfield-RhodesLane.517,SMITHTON-YUKON SLJ-YU       B  138 KV L500.Hatfield-Ronco
BELLEFON 138 KV BELLEFON-GRANGSTO,BELLEFON_138 KV_BEL-NPR1:ACTUAL,GRANGSTO 138KV - CHADWICK 138KV (CHADWICK 138 KV CHA-GRAN) 138/69.BigSandy.T5 & L69.BigSandy-Burnaugh
MILLBROO138 KV  MIL-SPO1,MILLBROO_138 KV_MIL-SPO1:L138.Gavin-FireBrick,SPOINT 138KV - MILLBROO 138KV (MILLBROO 138 KV MIL-SPO1) L138.Gavin-FireBrick
SHERWOOD115 KV  91C,SHERWOOD_115 KV_91C:L500.Elmont-Cunningham.553,TRANSCO 115KV - SHERWOOD 115KV (SHERWOOD 115 KV 91C) L500.Elmont-Cunningham.553
GRANDVIE115 KV  GRA-HAY,GRANDVIE_115 KV_GRA-HAY:L115.Eclipse-Piney.1038,GRANDVIE 115KV - HAYNIE 115KV (GRANDVIE 115 KV GRA-HAY) L115.Eclipse-Piney.1038
16 WAUKE138 KV  TR83CT-S,16 WAUKE_138 KV_TR83CT-S:138L1608 Waukegan-1608-Libertyville 138 kV Line,16 WAUKE 1KV - 16 WAUKE 138KV (16 WAUKE 138 KV TR83CT-S) 138L1608 Waukegan-1608-Libertyville 138 kV Line
HARR APS 500 KV HARR APS-PRUNTYTO,HARR APS_500 KV_HAR-PRU:L500.Cloverdale-Lexington.566,HARR APS 500KV - PRUNTYTO 500KV (HARR APS 500 KV HAR-PRU) L500.Cloverdale-Lexington.566
HOOVERSV 115 KV HOOVERSV-TOWER51 H1H2 1071,HOOVERSV_115 KV_HOO-TOW:L230.HomerCity-Shelocta-Keystone.2014,TOWER51 115KV - HOOVERSV 115KV (HOOVERSV 115 KV HOO-TOW) L230.HomerCity-Shelocta-Keystone.2014
DIXONVIL115 KV DIX-GLO,DIXONVIL_115 KV_DIX-GLO:L345.Armstrong-HomerCity,GLORY 115KV - DIXONVIL 115KV (DIXONVIL 115 KV DIX-GLO) L345.Armstrong-HomerCity
BREMO4  230 KV  2193A,BREMO4_230 KV_2193A:L500.Cloverdale-Lexington.566,BREMO4 230KV - FRKUNION 230KV (BREMO4 230 KV 2193A) L500.Cloverdale-Lexington.566
BOYKINS 115 KV  108A,BOYKINS_115 KV_108A:L115.SouthHampton-HandsomDP-Newsoms.140,BOYKINS 115KV - MURPHY 115KV (BOYKINS 115 KV 108A) L115.SouthHampton-HandsomDP-Newsoms.140
CLBHOUSE 230 KV CLBHOUSE TX1 XFORMER,CLBHOUSE_230 KV_TX1:L115.ChaseCity-BarnJ-DryB-MtLaur-SedgeHill.33,CLBHOUSE 230KV - CLBHOUSE 115KV (CLBHOUSE 230 KV TX1) L115.ChaseCity-BarnJ-DryB-MtLaur-SedgeHill.33
HUNTERST230 KV  TR2,HUNTERST_230 KV_TR2:230/115.Jackson.T5,HUNTERST 230KV - HUNTERST 115KV (HUNTERST 230 KV TR2) 230/115.Jackson.T5
HOMERCIT 345 KV HOMERCIT S.AUTO-P XFORMER,HOMERCIT_345 KV_S.AUTO-P:345/230.HomerCity.TR4_N,HOMERCIT N.AUTO-S XFORMER   L  1 KV 345/230.HomerCity.AT-S
MEHOOPAN_115KVMEH-NME1_1_LN,MEHOOPAN_115 KV_MEH-NME1:ACTUAL,MEHOOPAN 115KV - NMESHOPP 115KV (MEHOOPAN 115 KV MEH-NME1) 230/115.NorthMeshoppen.T3
MARQUIS2_345KVMAR-DOE2_1_LN,MARQUIS2_345 KV_MAR-DOE2:ACTUAL,MARQUIS2345 KV  MAR-DOE2 TANNERS CREEK DEARBORN1 345KV LINE
10301   138 KV  10301 3,10301_138 KV_10301 3:ACTUAL,10301   138 KV  10301 3 BASE
94 HAURD138 KV 96101,94 HAURD_138 KV_96101:L345.Lasalle - Plano.0101,961 LEE 138KV - 94 HAURD 138KV (94 HAURD 138 KV 96101) L345.Lasalle - Plano.0101
ETOWANDA 230 KV ETOWANDA 3 TX XFORMER,ETOWANDA_230 KV_3 TX:L230.EastTowanda-Canyon-NMeshoppen + 230/115.NM.T4,ETOWANDA 230KV - ETOWANDA 115KV (ETOWANDA 230 KV 3 TX) L230.EastTowanda-Canyon-NMeshoppen + 230/115.NM.T4
DOUBS   500 KV  DOU-GOO,DOUBS_500 KV_DOU-GOO:L500.Loudoun-Meadowbrook (TRAIL),DOUBS 500KV - GOOSECRE 500KV (DOUBS 500 KV DOU-GOO) L500.Loudoun-Meadowbrook.5535
ARNOLDCR230 KV  TX1,ARNOLDCR_230 KV_TX1:ACTUAL,ARNOLDCR 230KV - ARNOLDCR 35KV (ARNOLDCR 230 KV TX1) BASE
ALLLUD4J_138KVALJ-ALL_1_LN,ALLLUD4J_138 KV_ALJ-ALL:ACTUAL,ALLLUD4J-ALLDAM6  ALJ-ALL   A  138 KV BUTL APS-KARNSCIT (APS)
HUBBARDS138 KV  HUB-TRI1,HUBBARDS_138 KV_HUB-TRI1:L138.BigSandy-Inez,HUBBARDS 138KV - TRISTATE 138KV (HUBBARDS 138 KV HUB-TRI1) L138.BigSandy-Inez
133 ROCK138 KV TR76 34,133 ROCK_138 KV_TR76 34:ACTUAL,133 ROCK 138KV - 133 ROCK 34.5KV (133 ROCK 138 KV TR76 34) L138.Mazon-CrescentRdg-Oglesby.7713 (Oglesby Tap)
STJOGRAC345 KV  STJ-STJO,STJOGRAC_345 KV_STJ-STJO:L345.Lasalle - Plano.0101,STJOHNS 345KV - STJOGRAC 345KV (STJOGRAC 345 KV STJ-STJO) L345.Lasalle - Plano.0101
THELMA 69 KV THE-THE1,THELMA_69 KV_THE-THE1:L765.Marysville-Sorenson,THELMAEK 69KV - THELMA 69KV (THELMA 69 KV THE-THE1) L765.Marysville-Sorenson
DEEPCRK_115KVDEE-GAR_1_LN,DEEPCRK_115 KV_DEE-GAR:ACTUAL,GARRETAP 115KV - DEEPCRK 115KV (DEEPCRK 115 KV DEE-GAR) BASE
BENSONDP115 KV  BEN-HATH,BENSONDP_115 KV_BEN-HATH:L230.Chinquapin-Everetts.2160,HATHAWAY 115KV - BENSONDP 115KV (BENSONDP 115 KV BEN-HATH) L230.Chinquapin-Everetts.2160
WEST CONTINGENCY 23,WEST contingency 11 SUSQUEHANNA-WESCOSVILLE-ALBURTIS WESCOSVILLE #3,WEST contingency 23 Susquehanna.U2
TRENTON2 138 KV TRENTON2-HUSTON 3281,TRENTON2_138 KV_TRE-COL1:L345.TannersCreek-Dearborn.1,HUSTON 138KV - TRENTON2 138KV (TRENTON2 138 KV HUS-TRE) L345.TannersCreek-Dearborn.1
MALISZEW765 KV  1,MALISZEW_765 KV_1:765/345.Marysville.T2,MALISZEW_MAL138ORANGE_1_LN 765/345.Marysville.T2
MONTCO_138KVMON-PLY_1_LN,MONTCO_138 KV_MON-PLY:ACTUAL,MONTCO 138KV - PLYMOUTH 138KV (MONTCO 138 KV MON-PLY) BASE
BERGEN  138 KV  BER-FAIM,BERGEN_138 KV_BER-FAIM:L138.Bergen-EastRutherford.R-1344,BERGEN 138KV - FAIRLAWN 138KV (BERGEN 138 KV BER-FAIM) L138.Bergen-EastRutherford.R-1344
KILMER_230KVKIL-LAKI_1_LN,KILMER_230 KV_KIL-LAKI:ACTUAL,KILMER 230KV - LAKENELS 230KV (KILMER 230 KV KIL-LAKI) L230.Greenbrook-LakeNelson
NEWCARLI138 KV  NEW-PLE,NEWCARLI_138 KV_NEW-PLE:L345.BentonHarbor-Segreto,NEWCARLI 138KV - PLETCHER 138KV (NEWCARLI 138 KV NEW-PLE) L345.BentonHarbor-Segreto
6606 138 KV 6606 Z1,6606_138 KV_6606 Z1:ACTUAL,6606    138 KV  6606 Z1 L765.Kammer-Belmont-Mountaineer
BRUNOTIS 138 KV BRUNOTIS-COLLIER Z-41,BRUNOTIS_138 KV_BRU-COL0:BRUNOT ISLAND - COLLIER Z-41 138 KV LINE (DUQ),COLLIER 138KV - BRUNOTIS 138KV (BRUNOTIS 138 KV BRU-COL0) L138.Brunot Island-Collier.Z-41
HARMONY 138 KV  HAR-KIA,HARMONY_138 KV_HAR-KIA:230/138.Edgemoor.AT20,HARMONY 138KV - KIAMENSI 138KV (HARMONY 138 KV HAR-KIA) 230/138.Edgemoor.AT20
FTSLOCUM 190-6R THERMAL,FTSLOCUM_69 KV_190-6R:ACTUAL,FtSlocum 190-6R Thermal BASE
DERBYTAP34 KV   DER-ORO1,ELKHYDRO_34 KV_1:ACTUAL,DERBYTAP34 KV   DER-ORO1 BASE
JOSHUAF2 765 KV JOSHUAF2 . 1 XFORMER,JOSHUAF2_765 KV_. 1:ACTUAL,JOSHUAF2 .  1     XFORMER   H  765 KV 765/345.Cloverdale.T.10 Sectionalized
BLMNTDOM230 KV  2180,BLMNTDOM_230 KV_2180:L500.Brambleton-GooseCreek.558,BLMNTDOM 230KV - PLEASNTV 230KV (BLMNTDOM 230 KV 2180) L500.Brambleton-GooseCreek.558
ALLDAM6 138 KV ALLDAM6-KITTANNI SP-KT,ALLDAM6_138 KV_ALL-KIT:L500.Cabot-Cranberry,ALLDAM6-KITTANNI SP-KT      A  138 KV MAXCR: 500/230.Keystone.T3+U1+U2+5001+02+03+04
NTEMPLE 230 KV NTEMPLE-ONTLAUN 1014,NTEMPLE_230 KV_NTE-ONT:ACTUAL,NTEMPLE  100112        CB      230 KV BASE
BOONETWN230 KV  BOO-SRE,BOONETWN_230 KV_BOO-SRE:L500.PeachBottom.BusTie.1,BOONETWN 230KV - SREADING 230KV (BOONETWN 230 KV BOO-SRE) L500.PeachBottom.BusTie.1
ALLENIM 138 KV  ALL-MAG1,ALLENIM_138 KV_ALL-MAG1:L138.BluffPoint-Randolph,ALLENIM 138KV - MAGLEY 138KV (ALLENIM 138 KV ALL-MAG1) L138.BluffPoint-Randolph
OLIVE-UNIVPARK A 345 KV,20 BRAID_345 KV_2001:L345.GoodingsGr-E.Frankfort.11602 & TR83 (S) 3-29,OLIVE-UNIVPARK              A  345 KV L345.GoodingsG-E.Frankfort.11602 & TR83 SPOG 3-29
MITCHELL138 KV  MIT-WIL,MITCHELL_138 KV_MIT-WIL:345/138.Crescent.T1,MITCHELL 138KV - WILSON 138KV (MITCHELL 138 KV MIT-WIL) 345/138.Crescent.T1
PRESTON-TANYARD 6716-5 B 69 KV,TODD_69 KV_TOD-VNL:L69.Easton-TrappeTap-Talbt-Tanyd-Preston-Todd.6716,PRESTON-TANYARD 6716-5 L230.IndianRiver-Milford.23034
ESIDELIM138 KV  ESI-STE1,ESIDELIM_138 KV_ESI-STE1:L765.Marysville-Sorenson,ESIDELIM 138KV - STERLING 138KV (ESIDELIM 138 KV ESI-STE1) L765.Marysville-Sorenson
SAPONY  230 KV  238B,SAPONY_230 KV_238B:L230.Winfall-SHrtford-Chowan-Ednton-Mackeys.2131,SAPONY 230KV - CLBHOUSE 230KV (SAPONY 230 KV 238B) L230.Winfall-SHrtford-Chowan-Ednton-Mackeys.2131
FRUITLAN_69KVFRT-LOR_1_LN,FRUITLAN_69 KV_FRT-LOR:L138.Loretto-Vienna.13780,LORETTO 69KV - FRUITLAN 69KV (FRUITLAN 69 KV FRT-LOR) L138.Loretto-Vienna.13780
66 E FRN 345 KV 66 E FRN-970 UP N 6608,66 E FRN_345 KV_6608:ACTUAL,66 E FRN 345KV - 970 UP N 345KV (66 E FRN 345 KV 6608) BASE
MIAMI   345 KV  BK-E,MIAMI_345 KV_BK-E:345/138.Greene.BK-S,MIAMI 345KV - MIAMI 138KV (MIAMI 345 KV BK-E) 345/138.Greene.BK-S
CRES DUQ 345 KV CRES DUQ T3 XFORMER,CRES DUQ_345 KV_T3:Clinton (DUQ) 345/138 KV TRANSFORMER,CRES DUQ T1       XFORMER   H  345 KV Clinton (DUQ) 345/138 KV TRANSFORMER
HARRSNBG 230 KV HARRSNBG-GROTTOES 260A,HARRSNBG_230 KV_260A:L500.MtStorm-Valley.550,GROTTOES 230KV - HARRSNBG 230KV (HARRSNBG 230 KV 260A) L500.MtStorm-Valley.550
LACKAWAN230 KV  LAC-SUM2,LACKAWAN_230 KV_LAC-SUM2:ACTUAL,LACKAWAN 230KV - SUMMITPL 230KV (LACKAWAN 230 KV LAC-SUM2) TEMP:Lackawanna 230/69 XFMR 1&2 (Sctnlz F)
CHAUNCYT138 KV  CHA-LOG1,CHAUNCYT_138 KV_CHA-LOG1:L345.Spurlock-NorthClark,LOGAN 138KV - CHAUNCYT 138KV (CHAUNCYT 138 KV CHA-LOG1) L345.Spurlock-NorthClark
CABOT 138 KV CABOT-LAWOJCT LASJ-CAB,CABOT_138 KV_CAB-LAW:L500.Cabot-Cranberry,CABOT 138KV - WOODLAND 138KV (CABOT 138 KV CAB-WOO) L500.Cabot-Cranberry
PUTN    138 KV  PUT-STRE,PUTN_138 KV_PUT-STRE:ACTUAL,PUTN 138KV - 61 STREA 138KV (PUTN 138 KV PUT-STRE) BASE
AEP-DOM CONTINGENCY 20,AEP-DOM contingency 20 Belews.U2302,TRANSFER INTERFACE: AEP-DOM Belews.U2302
CULLODE2 765 KV CULLODE2-WYOMING2 (IROL,CULLODE2_765 KV_CUL-WYO1:L765.Baker-Broadford,CULLODE2 765KV - WYOMING2 765KV (CULLODE2 765 KV CUL-WYO1) L765.Baker-Broadford
DOEX530 345 KV  DOE-PIE1,DOEX530_345 KV_DOE-PIE1:L345.TannersCreek-Dearborn.1,DOEX530 345KV - PIERCE 345KV (DOEX530 345 KV DOE-PIE1) L345.TannersCreek-Dearborn.1
SUGARCRE345 KV  BK-N,SUGARCRE_345 KV_BK-N:345/138.Greene.BK-S,SUGARCRE 345KV - SUGARCRE 138KV (SUGARCRE 345 KV BK-N) 345/138.Greene.BK-S
HANOVER 69 KV   XFMR2,HANOVER_69 KV_XFMR2:ACTUAL,HANOVER 69KV - HANOVER 13KV (HANOVER 69 KV XFMR2) BASE
WILSON  138 KV  WIL-WMI2,WILSON_138 KV_WIL-WMI:L500.Cabot-Cranberry,WILSON 138KV - WMIFFLIN 138KV (WILSON 138 KV WIL-WMI) L500.Cabot-Cranberry
CABINRUN230 KV  CAB-YARR,CABINRUN_230 KV_CAB-YARR:L230.GooseCreek-Ashburn-Beaumeade.227,YARDRIDG 230KV - CABINRUN 230KV (CABINRUN 230 KV CAB-YARR) L230.GooseCreek-Ashburn-Beaumeade.227
LIBERTY1230 KV  LIB-PION,LIBERTY1_230 KV_LIB-PION:ACTUAL,LIBERTY1 230KV - PIONEER1 230KV (LIBERTY1 230 KV LIB-PION) BASE
CHURCH  69 KV   CHU-MAS,CHURCH_69 KV_CHU-MAS:ACTUAL,CHURCH 69KV - MASSEYRE 69KV (CHURCH 69 KV CHU-MAS) BASE
HEBRON 69 KV HEBRON-MARDELA 6708-2,HEBRON_69 KV_HEB-MAR:L69.MountHermon-PineyGrove.6728,MARDELA 69KV - HEBRON 69KV (HEBRON 69 KV HEB-MAR) L69.MountHermon-PineyGrove.6728
SKIMMER_115KVSKI-BAL1_1_LN,SKIMMER_115 KV_SKI-BAL1:L765.Cloverdale-JoshuaFalls,SKIMMER4 115KV - SKIMMER 115KV (SKIMMER 115 KV SKI-BAL1) L765.Cloverdale-JoshuaFalls
CLIFFORD_138KVCLI-COL1_1_LN,CLIFFORD_138 KV_CLI-COL1:L500.Cloverdale-Lexington.566,CLIFFORD 138KV - COLLEEN 138KV (CLIFFORD 138 KV CLI-COL1) L500.Cloverdale-Lexington.566
FRUITLAN_69KVFRT-LOR_1_LN,FRUITLAN_69 KV_FRT-LOR:L69.Nelson-Edgewood-NorthSalisbury.6743,LORETTO 69KV - FRUITLAN 69KV (FRUITLAN 69 KV FRT-LOR) L69.Nelson-Edgewood-NorthSalisbury.6743
BELMONT 138 KV  BEL-MID,BELMONT_138 KV_BEL-MID:ACTUAL,BELMONT 138KV - MIDDLEBO 138KV (BELMONT 138 KV BEL-MID) L500.Kammer-502Jct + 765/500.Kammer.200
LAURELDP 69 KV LAURELDP-SHARP 6705-1,LAURELDP_69 KV_LAU-SHA:L230.CedarCreek-SilverRun.23030,SHARP 69KV - LAURELDP 69KV (LAURELDP 69 KV LAU-SHA) L230.CedarCreek-SilverRun.23030
RINGGOLD T3 XFORMER H 230 KV,RINGGOLD_230 KV_T3:L500.Bedington-Doubs,RINGGOLD 230KV - RINGGOLD 138KV (RINGGOLD 230 KV T3) L500.Bedington-Doubs
OBETZ   138 KV  OBE-MAR1,OBETZ_138 KV_OBE-MAR1:L138.Beatty-McComb,OBETZ 138KV - MARION2 138KV (OBETZ 138 KV OBE-MAR1) L138.Beatty-McComb
FRANKLIN_115KVFRA-WWHJ_1_LN,FRANKLIN_115 KV_FRA-WWHJ:ACTUAL,WWHARTON 115KV - FRANKLIN 115KV (FRANKLIN 115 KV FRA-WWHJ) BASE
IDYLWOO4_230KV202A_1_LN,IDYLWOO4_230 KV_202A:L230.LincolnPark-Discovery.2232A,IDYLWOO4 230KV - CLARK4 230KV (IDYLWOO4 230 KV 202A) L230.LincolnPark-Discovery.2232A
FRDRKSBG TX8 XFORMER H 230 KV,FRDRKSBG_230 KV_TX8:L230.Fredericksburg-CranesCorner.2157,FRDRKSBG 230KV - FRDRKSBG 115KV (FRDRKSBG 230 KV TX8) L230.Fredericksburg-CranesCorner.2157
WARRENT_115KV45B_1_LN,REMINGTN_115 KV_TX1:L230.Dooms-Charlottesville.233,WARRENT 115KV - KERR45 115KV (WARRENT 115 KV 45B) L230.Dooms-Charlottesville.233
GUARDIAN138 KV  GUA-TWI1,GUARDIAN_138 KV_GUA-TWI1:L765.Maliszewski-Marysville,TWINBRAN 138KV - GUARDIAN 138KV (GUARDIAN 138 KV GUA-TWI1) L765.Maliszewski-Marysville
HALFWAY 138 KV HALFWAY-PARAMOUN,HALFWAY_138 KV_HAL-PAR:L500.Bedington-Doubs,HALFWAY 138KV - PARAMOUN 138KV (HALFWAY 138 KV HAL-PAR) L500.Bedington-Doubs
ALTOONA 230 KV ALTOONA-RAYSTOWN ALT 2001,ALTOONA_230 KV_ALT-RAY:L500.Juniata-TMI.5008,ALTOONA 230KV - RAYSTOWN 230KV (ALTOONA 230 KV ALT-RAY) L500.Juniata-TMI.5008
KEENEY 230 KV KEENEY AT20 XFORMER,KEENEY_230 KV_AT20:L500.Conastone-PeachBottom.5012,KEENEY 230KV - KEENEY 138KV (KEENEY 230 KV AT20) L500.Conastone-PeachBottom.5012
COOLSPRI_69KVCOL-HAR_1_LN,COOLSPRI_69 KV_COL-HAR:L230.IndianRiver-Milford.23034,COOLSPRI 69KV - HARBESON 69KV (COOLSPRI 69 KV COL-HAR) L230.IndianRiver-Milford.23034
MORGANST 115 KV MORGANST-VENANJCT MF 1019,MORGANST_115 KV_MOR-VEN:L345.ErieWest-Wayne.3004,MORGANST-VENANJCT MF 1019   B  115 KV L345.ErieWest-Wayne.3004
BEDINGTO 138 KV BEDINGTO-OPEQUON BOPE,BEDINGTO_138 KV_BED-MAR:L500.Bedington-Doubs,BEDINGTO 138KV - OPEQUON 138KV (BEDINGTO 138 KV BED-OPE) L500.Bedington-Doubs
KINGWOOD 138 KV KINGWOOD-PRUNTYTO 100,JUNCTION_138 KV_JUN-PAR:L500.BlackOak-Hatfield.542,PRUNTYTO 138KV - KINGWOOD 138KV (KINGWOOD 138 KV KIN-PRU) L500.BlackOak-Hatfield.542
MAHANSLA 138 KV MAHANS LANE-TIDD,MAHANSLA_138 KV_MAH-TID:L500.Belmont-FlintRun.528,TIDD_AEP 138KV - MAHANSLA 138KV (MAHANSLA 138 KV MAH-TID) L500.Belmont-FlintRun.528
NORTHEAS_230KVNOR-RAP5_1_LN,NORTHEAS_230 KV_NOR-RAP5:L500.Brighton-Conastone,RAPHAERD 230KV - NORTHEAS 230KV (NORTHEAS 230 KV NOR-RAP5) L500.Brighton-Conastone.5011
CLINTOCS138 KV  CLI-KAR1,CLINTOCS_138 KV_CLI-KAR1:L345.Bixby-Kirk,KARL 138KV - CLINTOCS 138KV (CLINTOCS 138 KV CLI-KAR1) L345.Bixby-Kirk
GEORGEWA 138 KV GEORGEWA-KAMMER2,GEORGEWA_138 KV_GEO-KAM:L765.Kammer-SouthCanton + 765/345/34.SCanton.T3,KAMMER2 138KV - GEORGEWA 138KV (GEORGEWA 138 KV GEO-KAM) L765.Kammer-SCanton + SCanton.T3+NewcomerAclosed
TRAIL CREEK - MICHCITY 138 KV L/O BOSSERMAN - MICHCITY 138 KV,LAKEGEOR_138 KV_LAK-TOW1:L345.Babcock-MichiganCity (NIPS),Trail Creek - MichCity 138 kV l/o Bosserman - MichCity 138 kV MichiganCity-Bosserman 138kV
ALBRIGHT_138KVALB-GAR_1_LN,ALBRIGHT_138 KV_ALB-GAR:L345.HandsomeLake-Wayne,ALBRIGHT 138KV - GARRETT 138KV (ALBRIGHT 138 KV ALB-GAR) L345.HandsomeLake-Wayne
KINGWOOD 138 KV KINGWOOD-PRUNTYTO 100,KINGWOOD_138 KV_KIN-PRU:ACTUAL,KINGWOOD-PRUNTYTO 100       B  138 KV L500.Hatfield-Ronco
BERYL   138 KV  BER-MTZ,BERYL_138 KV_BER-MTZ:L500.Brighton-Conastone.5011,MTZI APS 138KV - BERYL 138KV (BERYL 138 KV BER-MTZ) L500.Brighton-Conastone.5011
KEYSTONE 230 KV KEYSTONE-SHELOCTA KHC 2014,SHELOCTA_230 KV_NO2:L500.Juniata-Keystone.5004,KEYSTONE-SHELOCTA KHC 2014  A  230 KV L500.Juniata-Keystone.5004
HEATERS 138 KV HEATERS-SUTTON 52,HEATERS_138 KV_HEA-SUT:L765.Kammer-Belmont-Mountaineer+765/500.Belmont.T5,HEATERS 138KV - SUTTON 138KV (HEATERS 138 KV HEA-SUT) L765.Kammer-Belmont-Mountaineer+765/500.Belmont.T5
COLU PL 69 KV   COL-DAN,CHEROKE1_69 KV_CHE-DAN2:L230.Columbia-Montour,COLU PL 69 KV   COL-DAN L230.Columbia-Montour
CHURCHTO69 KV   CHU-OLDM,CHURCHTO_69 KV_CHU-OLDM:ACTUAL,CHURCHTO 69KV - OLDMAN 69KV (CHURCHTO 69 KV CHU-OLDM) BASE
NEWBERRY-ROUNDTOP 975-1 A 115 KV,NEWBERRY_115 KV_NEW-ROU:L500.Bedington-BlackOak,NEWBERRY 115KV - ROUNDTOP 115KV (NEWBERRY 115 KV NEW-ROU) L500.Bedington-BlackOak
LOUDOUN4 500 KV LOUDOUN4 TX2 XFORMER,LOUDOUN4_500 KV_TX2:ACTUAL,LOUDOUN4 TX2      XFORMER   H  500 KV LOUDOUN 230/115 TX#3 (Failed Sectionalize)
LEESVILL_138KVLEE-ALT1_1_LN,LEESVILL_138 KV_LEE-ALT1:ACTUAL,LEESVILL 138KV - ALTAVSTA 138KV (LEESVILL 138 KV LEE-ALT1) L765.Cloverdale-JoshuaFalls
EAKRON  138 KV  EAK-HAY,EAKRON_138 KV_EAK-HAY:L345.Wellsville-Sammis,EAKRON 138KV - HAYELMRZ 138KV (EAKRON 138 KV EAK-HAY) L345.Wellsville-Sammis
NSHENVPC115 KV  NSH-NSHE,NSHENVPC_115 KV_NSH-NSHE:L500.Elmont-Cunningham.553,NSHENVPC 115KV - NSHE APS 115KV (NSHENVPC 115 KV NSH-NSHE) L500.Elmont-Cunningham.553
HARPERFE 138 KV HARPERFE-02BRUSH BRU-HAR,HARPERFE_138 KV_BRU-HAR:L345.Hanna-Juniper,HARPERFE-02BRUSH  BRU-HAR   B  138 KV L345.Hanna-Juniper
GLENARM 115 KV GELNARM-WINDYEDGE2 110512,FIVEFORK_115 KV_FIV-ROC1:WINDY EDGE-GLENARM-COLON-FIVEFORKS 110512,GLENARM-WINDYEDGE 110512    B  115 KV Graceton-Bagley and Brighton-Conastone DBLE
HAMPSHIR_138KVHAM-RID_1_LN,HAMPSHIR_138 KV_HAM-RID:L500.Dooms-Lexington.555,RIDGELEY 138KV - HAMPSHIR 138KV (HAMPSHIR 138 KV HAM-RID) L500.Dooms-Lexington.555
CHARGER 138 KV  CHA-COU,CHARGER_138 KV_CHA-COU:L765.Jefferson-Rockport,COUNTRYS 138KV - CHARGER 138KV (CHARGER 138 KV CHA-COU) L765.Jefferson-Rockport
LINCOLN 115 KV LINCOLN-STRABAN 998,LINCOLN_115 KV_LIN-STR:L500.Bedington-Black Oak,LINCOLN 115KV - STRABAN 115KV (LINCOLN 115 KV LIN-STR) L500.Bedington-BlackOak
ROXBURY 115 KV ROXBURY-SHADEGAP KR 1075,SHADEGAP_115 KV_SHA-THR:500/230.Hunterstown.T1,ROXBURY-SHADEGAP KR 1075    A  115 KV 230/115/46.Lewistown.T1
GARDNERS 115 KV GARDNERS-TEXSEAST GAR-TEX,GARDNERS_115 KV_GAR-TEX:L345.Ashtabula-ErieWest,TEXSEAST 115KV - GARDNERS 115KV (GARDNERS 115 KV GAR-TEX) L345.Ashtabula-ErieWest
PHILIPSB 115 KV PHILIPSBG-SHAWVILL SF 1079,PHILIPSB_115 KV_PHI-SHA:L230.Elko-Shawville,SHAWVILL 115KV - PHILIPSB 115KV (PHILIPSB 115 KV PHI-SHA) L230.Elko-Shawville
PLEASNTV TX3 XFORMER L 230 KV,PLEASNTV_500 KV_TX3:L230.EvergreenMills-Brableton.2172,PLEASNTV 500KV - PLEASNTV 230KV (PLEASNTV 500 KV TX3) L230.EvergreenMills-Brableton.2172
CANAANVA 138 KV CANAANVA-SENECACA 160,CANAANVA_138 KV_CAN-SEN:L500.BlackOak-Hatfield.542,CANAANVA 138KV - SENECACA 138KV (CANAANVA 138 KV CAN-SEN) L500.BlackOak-Hatfield.542
JOHNSONM-OTTER B 138 KV,JOHNSONM_138 KV_JOH-OTT1:L500.Cloverdale-Lexington.566,OTTER 138KV - JOHNSONM 138KV (JOHNSONM 138 KV JOH-OTT1) L500.Cloverdale-Lexington.566
HOPKINS_HOP138HOPKINS_1_LN,HOPKINS_138 KV_HOPKINS:L765.Culloden-Wyoming,HOPKINS_HOP138HOPKINS_1_LN L765.Culloden-Wyoming
8809    138 KV  8809 1,8809_138 KV_8809 1:ACTUAL,114 NORT-110 DEVO 11411 1   B  138 KV L138.Skokie-8809-Devon.8809
PLYWOOD 115 KV  151A,PLYWOOD_115 KV_151A:L115.ChaseCity-BarnJ-DryB-MtLaur-Claysmil.33,SEDGEHIL 115KV - PLYWOOD 115KV (PLYWOOD 115 KV 151A) L115.ChaseCity-BarnJ-DryB-MtLaur-Claysmil.33
AP SOUTH REACTIVE TRANSFER INTERFACE,JUNCTION_138 KV_JUN-PAR:L500.BlackOak-Hatfield.542,TRANSFER INTERFACE: APSOUTH L500.BlackOak-Hatfield.542
EDELPHOS69 KV   EDE-NDE,EDELPHOS_69 KV_EDE-NDE:L765.Marysville-Sorenson,NDELPHOS 69KV - EDELPHOS 69KV (EDELPHOS 69 KV EDE-NDE) L765.Marysville-Sorenson
ALLDAM6 138 KV ALLDAM6-KITTANNI SP-KT,ALLDAM6_138 KV_ALL-KIT:L345.Hanna-Juniper,ALLDAM6-KITTANNI SP-KT      A  138 KV 345/115.ErieWest.T1
AMDEASTN115 KV  AMD-NORW,AMDEASTN_115 KV_AMD-NORT:L230.MartinsCreek-MorrisPark-Gilbert.P-2016 w/LX,NORTHWOO 115KV - AMDEASTN 115KV (AMDEASTN 115 KV AMD-NORW) L230.MartinsCreek-MorrisPark-Gilbert.P-2016 w/LX
JOPPA NORTH SHAWNEE LN_3 L/O SHAWNEE 500 345 T11,JOPPA_N_161 KV_JOP-SHA3:500/345.Shawnee.AA (TVA),JOPPA_N 161KV - SHAWNEE4 161KV (JOPPA_N 161 KV JOP-SHA3) Shawnee 500/345
SHENANGO_138KVSHE-CRO2_1_LN,SHENANGO_138 KV_SHE-CRO2:L345.Hoytdale-Mansfield,SHENANGO 138KV - CROSSFE 138KV (SHENANGO 138 KV SHE-CRO2) L345.Hoytdale-Mansfield
OX4 230 KV OX4 -GALLWSRD 2097B,OX4_230 KV_2097B:L230.Brambleton-PolandRoad.2183,OX4 230KV - GALLWSRD 230KV (OX4 230 KV 2097B) L230.Brambleton-PolandRoad.2183
CLOUD_115KVCLO-KERR_1_LN,REMINGTN_115 KV_TX1:L230.Dooms-Charlottesville.233,KERRDAM 115KV - CLOUD 115KV (CLOUD 115 KV CLO-KERR) L230.Dooms-Charlottesville.233
502JCT TR2 XFORMER H 500 KV,502JCT_500 KV_TR2:ACTUAL,502JCT TR2  XFORMER         H  500 KV BASE
MAHANSLA_138KVMAH-TID_1_LN,MAHANSLA_138 KV_MAH-TID:L500.Dooms-Lexington.555,TIDD_AEP 138KV - MAHANSLA 138KV (MAHANSLA 138 KV MAH-TID) L500.Dooms-Lexington.555
GLENARM_115KVGLE-WIN2_1_LN,GLENARM_115 KV_GLE-WIN2:ACTUAL,GLENARM 115KV - WINDYEDG 115KV (GLENARM 115 KV GLE-WIN2) L230.BrndnShrs-RvrSde.2344 + 230/115.RvrSide.230-1
LAYMAN 138 KV LAYMAN-WOLFCREE 86,LAYMAN_138 KV_LAY-WOL:L500.Kammer-502Jct + 765/500.Kammer.200,WOLFCREE 138KV - LAYMAN 138KV (LAYMAN 138 KV LAY-WOL) L500.Kammer-502Jct + 765/500.Kammer.200
ERIEW 345 KV ERIEW NO3 TX XFORMER,ERIEW_345 KV_NO1 TX:L345.ErieWest-Wayne.3004,ERIEW    NO3 TX   XFORMER   H  345 KV L345.ErieSouth-ErieWest.3001
JOHNSONM-OTTER B 138 KV,JOHNSONM_138 KV_JOH-OTT1:L138.Redeye-Candlers-OpossumCreek,OTTER 138KV - JOHNSONM 138KV (JOHNSONM 138 KV JOH-OTT1) L138.Redeye-Candlers-OpossumCreek
CHURCH 138 KV CHURCH AT2 XFORMER,CHURCH_69 KV_CHU-NME:L230.CedarCreek-SilverRun.23030,CHURCH 138KV - CHURCH 69KV (CHURCH 138 KV AT2) L230.CedarCreek-RedLion.23030
BLACKLIC138 KV  BLA-GAH1,BLACKLIC_138 KV_BLA-GAH1:L345.Bixby-Kirk,BLACKLIC 138KV - GAHANNA 138KV (BLACKLIC 138 KV BLA-GAH1) L345.Bixby-Kirk
SAXTON 115 KV SAX-SNA,SAXTON_115 KV_SAX-SNA:ACTUAL,SNAKESPR 115KV - SAXTON 115KV (SAXTON 115 KV SAX-SNA) 230/115.Lewistown.T3
SHADEGAP115 KV SHA-THR,SHADEGAP_115 KV_SHA-THR:L230.Shawville-Shingletown.2022,THREESPR 115KV - SHADEGAP 115KV (SHADEGAP 115 KV SHA-THR) L230.Shawville-Shingletown.2022
VIENNA 230 KV VIENNA AT20 TRANSFORMER,VIENNA_230 KV_AT20:138/69.Easton.AT1 + L138.Steele-Easton.13712,VIENNA 230KV - VIENNA 138KV (VIENNA 230 KV AT20) 138/69.Easton.AT1 + L138.Steele-Easton.13712
ASHTABUL138 KV  ASH-04S3,ASHTABUL_138 KV_ASH-04S3:L345.Ashtabula-Perry,ASHTABUL 138KV - SANBORN 138KV (ASHTABUL 138 KV ASH-04S3) L345.Ashtabula-Perry
TYLER   230 KV  2003B1,TYLER_230 KV_2003B1:L500.Carson-Septa.562,POE 230KV - TYLER 230KV (TYLER 230 KV 2003B1) L500.Carson-Septa.562
CHERRYRN_138KVCHE-HAR_1_LN,CHERRYRN_138 KV_CHE-HAR:L500.Bedington-Black Oak,CHERRYRN 138KV - HARMOJCT 138KV (CHERRYRN 138 KV CHE-HAR) L500.Bedington-BlackOak
SHAMPTON115 KV  93A,SHAMPTON_115 KV_93A:L230.Winfall-SHrtford-Chowan-Ednton-Mackeys.2131,SHAMPTON 115KV - WTKINSCR 115KV (SHAMPTON 115 KV 93A) L230.Winfall-SHrtford-Chowan-Ednton-Mackeys.2131
POINT1  69 KV   POI-SUN1,POINT1_69 KV_POI-SUN1:L230.Columbia-Montour,SUNBURY 69KV - POINT1 69KV (POINT1 69 KV POI-SUN1) L230.Columbia-Montour
SALTSPRG_138KVSAL-MAS1_1_LN,SALTSPRG_138 KV_SAL-MAS1:L345.Hanna-Juniper,SALTSPRG 138KV - MASURY 138KV (SALTSPRG 138 KV SAL-MAS1) L345.Hanna-Juniper
OX4_T1_500TX2_XF,DICKERSH_230 KV_DIC-DIC4:L500.Doubs-GooseCreek.514,OX4 500KV - OX4 230KV (OX4 500 KV TX2) L500.Doubs-GooseCreek.514
ISLCRKDP115 KV  193B,ISLCRKDP_115 KV_193B:L115.Carolina-Sockman-PleasantHillTap-Skippers.130,CLARKVTP 115KV - ISLCRKDP 115KV (ISLCRKDP 115 KV 193B) L115.Carolina-Sockman-PleasantHillTap-Skippers.130
STAFFORD_230KV2104B_1_LN,STAFFORD_230 KV_2104B:L230.Elmont-Hanover-FourRivers.2032,CRANESCR 230KV - STAFFORD 230KV (STAFFORD 230 KV 2104B) L230.Elmont-Hanover-FourRivers.2032
BIGPINET_138KVBIG-KIS_1_LN,BIGPINET_138 KV_BIG-KIS:L345.Ashtabula-ErieWest,KISKIVAL 138KV - BIGPINET 138KV (BIGPINET 138 KV BIG-KIS) L345.ErieWest-Wayne.3004
LINCOLN 115 KV LINCOLN-STRABAN 998,LINCOLN_115 KV_LIN-STR:L500.Conastone-PeachBottom.5012,LINCOLN 115KV - STRABAN 115KV (LINCOLN 115 KV LIN-STR) L500.Conastone-PeachBottom.5012
BURMA_115KVBUR-PIN_1_LN,BURMA_115 KV_BUR-PIN:ACTUAL,BURMA   115 KV  BUR-PIN Spec:Penelec N-1-1 ASH-ERI & HAN-WAY
BEDINGTO 500 KV BEDINGTO-BLACKOAK 500KV,BEDINGTO_500 KV_BED-BLA_CES:CalvertCliffs.U1(for TLC),TRANSFER INTERFACE: APSOUTH CalvertCliffs.U1&U2 & 500kV Red Bus (for TLC)
FARMERSV-RIDG PN RV 1048 A 115 KV,RIDG PN_115 KV_RID-WHE:L230.Glade-Warren.2088,FARMERSV 115KV - RIDG PN 115KV (FARMERSV 115 KV FAR-RID) L230.Glade-Warren.2088
BELLSMIL138 KV  BEL-BET4,BELLSMIL_138 KV_BEL-BET4:ACTUAL,BELLSMIL 138KV - BETHESDA 138KV (BELLSMIL 138 KV BEL-BET4) BASE
ECLIPSE 115 KV ECL-UTI,ECLIPSE_115 KV_ECL-UTI:L345.Ashtabula-ErieWest,ECLIPSE 115KV - UTICAJCT 115KV (ECLIPSE 115 KV ECL-UTI) L345.ErieWest-Ashtabula-Perry
CUNNIHAM 553T564      CB       500 KV,CUNNIHAM_500 KV_553A:L500.Cunningham-Fluvanna.542,CUNNIHAM 534T564      CB       500 KV L500.Cunningham-Fluvanna.542
CONASTON 230 KV CON-GRAC,CONASTON_230 KV_CON-GRAC:ACTUAL,CONASTON230 KV  CON-GRAC L230.Conastone-Northwest.2310
AHOSKIE 115 KV  TX2,AHOSKIE_115 KV_TX2:ACTUAL,AHOSKIE 115KV - AHOSKIE 35KV (AHOSKIE 115 KV TX2) BASE
PANTEGO 115 KV  PAN-TERR,PANTEGO_115 KV_PAN-TERR:L500.Cloverdale-Lexington.566,TERRA 115KV - PANTEGO 115KV (PANTEGO 115 KV PAN-TERR) L500.Cloverdale-Lexington.566
EDINBUR4138 KV  TX4,EDINBUR4_138 KV_TX4:L500.FrontRoyal-Morrisville.541,EDINBUR4 138KV - EDINBUR4 115KV (EDINBUR4 138 KV TX4) L500.FrontRoyal-Morrisville.541
CEDARCRE 230 KV CEDARCRE-MILFORD 23031,CEDARCRE_230 KV_CED-MIL:L230.Milford-Steele.23076,SILVERUN 230KV - CEDARCRE 230KV (CEDARCRE 230 KV CED-SIL) L230.Milford-Steele.23076
CPP_RIDG 138 KV CPP_RIDG-02CLINTN RID-02C1,CPP_RIDG_138 KV_RID-02C1:ACTUAL,02CLINTN 138KV - CPP_RIDG 138KV (CPP_RIDG 138 KV RID-02C1) 345/138.Inland.4
MAPLEOE 138 KV MAPLEOE-JACKSNOE,MAPLEOE_138 KV_MAP-JAC1:L500.SouthBend-Yukon,JACKSNOE 138KV - MAPLEOE 138KV (MAPLEOE 138 KV MAP-JAC1) L500.SouthBend-Yukon
FREMNT_138KVFRE-FRE1_1_LN,FREMNT_138 KV_FRE-FRE1:ACTUAL,FREMNT 138KV - FREMONTC 138KV (FREMNT 138 KV FRE-FRE1) L138/69.Fremont.T1 + 69.Fremont.Bus
CARL_PN_115KVCAR-GAR_1_LN,CARL PN_115 KV_CAR-GAR:500/230.Hunterstown.T1,GARDNERS 115KV - CARL PN 115KV (CARL PN 115 KV CAR-GAR) 500/230.Hunterstown.T1
FLINT_230KVFLI-PLY_1_LN,FLINT_230 KV_FLI-PLY:ACTUAL,PLYMOUTH 230KV - FLINT 230KV (FLINT 230 KV FLI-PLY) L230.Lenape-Concord.220-70
CARL PN-GARDNERS 1049 B 115 KV,CARL PN_115 KV_CAR-GAR:L230.Dauphin-Juniata.1087 + 230/69.Dauphin.T2,CARL PN 115KV - GARDNERS 115KV (CARL PN 115 KV CAR-GAR) L230.Dauphin-Juniata.1087 + 230/69.Dauphin.T2
DESOTO  138 KV  DES-MOD,DESOTO_138 KV_DES-MOD:L765.Jefferson-Rockport,DESOTO 138KV - MODOC 138KV (DESOTO 138 KV DES-MOD) L765.Jefferson-Rockport
LAURELDP 69 KV LAURELDP-SHARP 6705-1,LAURELDP_69 KV_LAU-SHO:138/69.Vienna.AT2,LAURELDP 69KV - SHARP 69KV (LAURELDP 69 KV LAU-SHA) 138/69.Vienna.AT2
BIGPINET138 KV  BIG-KIS,BIGPINET_138 KV_BIG-KIS:L115.Glory - Seward + Seneca.1.Pump,KISKIVAL 138KV - BIGPINET 138KV (BIGPINET 138 KV BIG-KIS) L115.Glory-Seward
ALLENIM_345KVALL-RPM_1_LN,ALLENIM_345 KV_ALL-RPM:L765.Maliszewski-Marysville,ALLENIM 345KV - RPMONE 345KV (ALLENIM 345 KV ALL-RPM) 765/345.Marysville.T2
GRACETON 230 KV GRACETON-SAFEHARB 2303,GRACETON_230 KV_GRA-MANO:L230.Yorkana-BrunnerIsland + Yorkana.T1,MANOR 230KV - GRACETON 230KV (GRACETON 230 KV GRA-MANO) L230.Yorkana-BrunnerIsland + Yorkana.T1
AHOSKIE 115 KV  136B,AHOSKIE_115 KV_136B:L115.Pecan-Carolina.1010,TUNIS 115KV - AHOSKIE 115KV (AHOSKIE 115 KV 136B) L115.Pecan-Carolina.1010
BIGPINET138 KV  BIG-KIS,BIGPINET_138 KV_BIG-KIS:230/69.Lackawanna.T2,KISKIVAL 138KV - BIGPINET 138KV (BIGPINET 138 KV BIG-KIS) 230/69.Lackawanna.T2
ROCKWOOD_115KVROC-SOM_1_LN,ROCKWOOD_115 KV_ROC-SOM:L345.Ashtabula-ErieWest,SOME PN 115KV - ROCKWOOD 115KV (ROCKWOOD 115 KV ROC-SOM) L345.Ashtabula-ErieWest
TODDHUNT345 KV  17,TODDHUNT_345 KV_17:L345.Garver-ToddHunter,TODDHUNT 345KV - TODDHUNT 138KV (TODDHUNT 345 KV 17) L345.Garver-ToddHunter
REDLION 230 KV  RED-SIL2,REDLION_230 KV_RED-SIL2:500/230.HopeCreek.500-1 + L230.HopeCreek-SilverRun,REDLION 230KV - SILVERUN 230KV (REDLION 230 KV RED-SIL2) 500/230.HopeCreek.500-1 + L230.HopeCreek-SilverRun
KEENEY 230 KV KEENEY-STEELE 23001,KEENEY_230 KV_KEE-STE1:L230.CedarCreek-SilverRun.23030,KEENEY 230KV - STEELE 230KV (KEENEY 230 KV KEE-STE1) L230.CedarCreek-SilverRun.23030
SMIT APS 138 KV SMIT APS-WYLIERID 214/WYR,SMIT APS_138 KV_SMI-WYL:345/138.Crescent.T1,WYLIERID 138KV - SMIT APS 138KV (SMIT APS 138 KV SMI-WYL) 345/138.Crescent.T1
7713    -981 CRES 7713 2  L/O CORBIN-OGLESBY 2,CRBN_138 KV_CRB-CRES:L138.Corbin-Putnam (IP/MISO),7713    -981 CRES 7713 2  l/o Corbin-Oglesby 2 L138.Corbin-Oglesby 2
PLSNTVLY138 KV 02P-HIC2,PLSNTVLY_138 KV_02P-HIC2:L345.Hanna-Juniper,HICKRY 138KV - PLSNTVLY 138KV (PLSNTVLY 138 KV 02P-HIC2) L345.Hanna-Juniper
DALESVIL-NOTTINGH 220-05 B 230 KV,DALESVIL_230 KV_DAL-NOT:L500.Conastone-PeachBottom.5012,NOTTINGH 230KV - DALESVIL 230KV (DALESVIL 230 KV DAL-NOT) L500.Conastone-PeachBottom.5012
BAIR    115 KV  BAI-HIL,BAIR_115 KV_BAI-HIL:230/115.Yorkana.T3,BAIR 115KV - HILL 115KV (BAIR 115 KV BAI-HIL) 230/115.Yorkana.T3
155 NELS 345 KV 155 NELSON 45TR84 CT,155 NELS_345 KV_TR84CT-P:L345.155_Nelson-942_NelsonEC.94201,155 NELS 345KV - 155 NELS 1KV (155 NELS 345 KV TR84CT-P) L345.155_Nelson-942_NelsonEC.94201
ROCKPWKS 765 KV ROCKPWKS 8 XFORMER,ROCKPWKS_765 KV_8:ACTUAL,ROCKPWKS 765KV - ROCKPWKS 138KV (ROCKPWKS 765 KV 8) BASE
ASPENSLR_115KVASP-ROXB_1_LN,ASPENSLR_115 KV_ASP-ROXB:L500.Bedington-BlackOak,ASPENSLR 115KV - ROXBURY 115KV (ASPENSLR 115 KV ASP-ROXB) L500.Bedington-BlackOak
BLACKLIC138 KV  BLA-GAH1,BLACKLIC_138 KV_BLA-GAH1:L345.Vassell-HyattCS,GAHANNA 138KV - BLACKLIC 138KV (BLACKLIC 138 KV BLA-GAH1) L345.Vassell-HyattCS
COPPERST230 KV  COP-HUM,COPPERST_230 KV_COP-HUM:L500.Conastone-PeachBottom.5012,COPPERST 230KV - HUMMELST 230KV (COPPERST 230 KV COP-HUM) L500.Conastone-PeachBottom.5012
FIVEFORK115 KV  FIV-GRA,FIVEFORK_115 KV_FIV-GRA:L500.Conastone-PeachBottom.5012,GRACETON 115KV - FIVEFORK 115KV (FIVEFORK 115 KV FIV-GRA) L500.Conastone-PeachBottom.5012
CARTANZA230 KV  CAR-MIL,CARTANZA_230 KV_CAR-MIL:ACTUAL,CARTANZA 230KV - MILFORD 230KV (CARTANZA 230 KV CAR-MIL) BASE
SALTSPRG_138KVSAL-MAS1_1_LN,SALTSPRG_138 KV_SAL-MAS1:L500.Cabot-Keystone.5002,SALTSPRG 138KV - MASURY 138KV (SALTSPRG 138 KV SAL-MAS1) L500.Cabot-Keystone.5002
BAGLEY 230 KV BAGLEY -GRACETON BAG-GRA,BAGLEY_230 KV_BAG-GRA:500/230.WaughChapel.500-4,GRACETON 230KV - BAGLEY 230KV (BAGLEY 230 KV BAG-GRA) 500/230.WaughChapel.500-1
HAYES_FE138 KV  AVE-HAYE,HAYES_FE_138 KV_AVE-HAYE:L345.Beaver-WestLorain + WestLorain.WL20-WL50,HAYES_FE 138KV - AVERY 138KV (HAYES_FE 138 KV AVE-HAYE) L345.Beaver-WestLorain + WestLorain.WL20-WL50
BATTLEBO115 KV  1001A,BATTLEBO_115 KV_1001A:L230.Everetts-Greenville.218 [CPL],BATTLEBO 115KV - CONSLDSL 115KV (BATTLEBO 115 KV 1001A) L230.Everetts-Greenville.218 [CPL]
CLAYSBUR115 KV CLA-SUM,CLAYSBUR_115 KV_CLA-SUM:L230.Altoona-BearRock,CLAYSBUR 115KV - SUMM PN 115KV (CLAYSBUR 115 KV CLA-SUM) L230.Altoona-BearRock
HILLSBOR_138KVHIL-WIL1_1_LN,HILLSBOR_138 KV_HIL-WIL1:ACTUAL,WILDCAT 138KV - HILLSBOR 138KV (HILLSBOR 138 KV HIL-WIL1) L345.MeldahlDamTap-Zimmer
566_OAKB_138KV13505Z4_1_LN,566 OAKB_138 KV_13506 Z1:ACTUAL,13506 138KV - 566 OAKB 138KV (566 OAKB 138 KV 13506 Z1) BASE
SAXTON-THREESPR 2K 1062 A 115 KV,SAXTON_115 KV_SAX-THR:Hunterstown-TexasEastern-Gardners (991) 115 kV lin,SAXTON 115KV - THREESPR 115KV (SAXTON 115 KV SAX-THR) L115.Hunterstown-TexasEastern-Gardners.991
RIVERSID 115 KV RIVERSID 115011 SER DEV,RIVERSID_115 KV_115011:L230.Northeast-RaphaelRoad.2315,RIVERSID 115011  SER DEV    A  115 KV L230.Northeast-RaphaelRoad.2315
LAURELDP 69 KV LAURELDP-SHARP 6705-1,LAURELDP_69 KV_LAU-SHA:230/138.PineyGrove.AT20,SHARP 69KV - LAURELDP 69KV (LAURELDP 69 KV LAU-SHA) 230/138.PineyGrove.AT20
BIGPINET_138KVBIG-KIS_1_LN,BIGPINET_138 KV_BIG-KIS:L500.SouthBend-Yukon,KISKIVAL 138KV - BIGPINET 138KV (BIGPINET 138 KV BIG-KIS) L500.SouthBend-Yukon
PLEASNTV-ASHBURN 274D A 230 KV,PLEASNTV_230 KV_274D:L230.GooseCreek-Ashburn-Beaumeade.227,PLEASNTV 230KV - ASHBURN 230KV (PLEASNTV 230 KV 274D) L230.Brambleton-PolandRoad.2183
BRUNNERI 230 KV BRUNNERI-MIDDLJCT #1 1056,BRUNNERI_230 KV_BRU-MID6:L230.Yorkana-BrunnerIsland + Yorkana.T1,BRUNNERI 230KV - MIDDLJCT 230KV (BRUNNERI 230 KV BRU-MID6) L230.Yorkana-BrunnerIsland + Yorkana.T1
STURGIS 69 KV STURGIS-HOWE TIE,STURGIS_69 KV_STU-HOW1:L765.Dumont-Sorenson,STURGIS 69KV - HOWE 69KV (STURGIS 69 KV STU-HOW1) L765.Dumont-Sorenson
GREENBRI138 KV  GRE-RON1,GREENBRI_138 KV_GRE-RON1:L500.Cloverdale-Lexington.566,RONCEVER 138KV - GREENBRI 138KV (GREENBRI 138 KV GRE-RON1) L500.Cloverdale-Lexington.566
SHADEGAP115 KV SHA-THR,SHADEGAP_115 KV_SHA-THR:Hunterstown-TexasEastern-Gardners (991) 115 kV lin,THREESPR 115KV - SHADEGAP 115KV (SHADEGAP 115 KV SHA-THR) L115.Hunterstown-TexasEastern-Gardners.991
BEAVER 138 KV BEAVER -BLACKRIV BEA-BLA1,BEAVER_138 KV_BEA-JOH1:L345.Beaver-LakeAvenue.1,BEAVER  -BLACKRIV BEA-BLA1  A  138 KV L345.Beaver-Carlisle
BUZZARD_138KVBUZ-SOU3_1_LN,BUZZARD_138 KV_BUZ-SOU3:ACTUAL,BUZZARD 138KV - SOUTHWES 138KV (BUZZARD 138 KV BUZ-SOU3) BASE
MATTFUN2138 KV  MAT-SHA1,MATTFUN2_138 KV_MAT-SHA1:ACTUAL,MATTFUN2138 KV  MAT-WSA1 L765.JacksonsFerry-Cloverdale + 138CB.JF.L
EDGEWOOD 115 KV EDGEWOOD-SHELOCTA LSH 1036,SHAWVILL_230 KV_BNK 1A-P:L115.Edgewood.Shelocta.1036 (Sctnlz),EDGEWOOD-SHELOCTA LSH 1036  B  115 KV Glory - Seward 115 kV line
HARLEY D115 KV  HAR-YOR,HARLEY D_115 KV_HAR-YOR:230/115.Yorkana.T3,YORK INC 115KV - HARLEY D 115KV (HARLEY D 115 KV HAR-YOR) 230/115.Yorkana.T3
CARL_PN_115KVCAR-ROX_1_LN,CARL PN_115 KV_CAR-ROX:Hunterstown-TexasEastern-Gardners (991) 115 kV lin,ROXBURY 115KV - CARL PN 115KV (CARL PN 115 KV CAR-ROX) L115.Hunterstown-TexasEastern-Gardners.991
94 HAURD-11323 11323 B 138 KV,94 HAURD_138 KV_11323:L345.Nelson-Cordova.15503,94 HAURD 138KV - 11323 138KV (94 HAURD 138 KV 11323) L345.Nelson-Cordova.15503
HOWARD2 138 KV  HOW-MEL1,HOWARD2_138 KV_HOW-MEL1:345/138.Beaver.T2,HOWARD2 138KV - MELMORE 138KV (HOWARD2 138 KV HOW-MEL1) 345/138.Beaver.T2
MAPLTNDP115 KV  108C,MAPLTNDP_115 KV_108C:L115.SouthHampton-HandsomDP-Newsoms.140,MAPLTNDP 115KV - TUNIS 115KV (MAPLTNDP 115 KV 108C) L115.SouthHampton-HandsomDP-Newsoms.140
LAURELDP_69KVLAU-SHA_1_LN,LAURELDP_69 KV_LAU-SHA:138/69.Vienna.AT2,LAURELDP 69KV - SHARP 69KV (LAURELDP 69 KV LAU-SHA) 138/69.Vienna.AT2
HEBRON 69 KV HEBRON-MARDELA 6708-2,HEBRON_69 KV_HEB-MAR:ACTUAL,MARDELA 69KV - HEBRON 69KV (HEBRON 69 KV HEB-MAR) 138/69.Loretto.AT1&2
HOPECREE_230KVHOP-SIL_1_LN,HOPECREE_230 KV_HOP-SIL:L500.NewFreedom-EastWindsor.5038,HOPECREE 230KV - SILVERUN 230KV (HOPECREE 230 KV HOP-SIL) L500.NewFreedom-EastWindsor.5038
ALBRIGHT 138 KV ALBRIGHT-SNOWYCRE AJ1,SNOWYCRE_138 KV_SNO-SNOW:L138.Junction-ParrRun.AJ-4,ALBRIGHT 138KV - GARRETT 138KV (ALBRIGHT 138 KV ALB-GAR) L500.BlackOak-Hatfield
TODDHUNT_T5_34515_XF,TODDHUNT_345 KV_17:345/138.Todhunter.T16,TODDHUNT 345KV - TODDHUNT 138KV (TODDHUNT 345 KV 15) 345/138.Todhunter.T16
BRIGHTON_230KVBRI-MTZ5_1_LN,BRIGHTON_230 KV_BRI-MTZ5:ACTUAL,BRIGHTON 230KV - MTZION 230KV (BRIGHTON 230 KV BRI-MTZ5) BASE
BARTONVI 138 KV BARTONVI-MEADOWBR MSW1,LANCASTR_115 KV_65C:Hatfield-Black Oak 500 kV + Black Oak TR3,BARTONVI138 KV  BAR-MEA Hatfield-Black Oak 500 kV + Black Oak TR3
CONC BC 115 KV  CON-MON,CONC BC_115 KV_CON-MON:L230.BrandonShores-Wagner.2346,CONC_BC_115KVCON-MON_1_LN L230.BrandonShores-Wagner.2346
BUTL_APS_138KVBUT-KAR_1_LN,BUTL APS_138 KV_BUT-KAR:L345.Armstrong-HomerCity,BUTL APS 138KV BUT-KAR l/o L345.Armstrong-Homercity L345.Armstrong-HomerCity
PEQUESTR115 KV  PEQ-POR,PEQUESTR_115 KV_PEQ-POR:L230.MartinsCreek-MorrisPark-Gilbert.P-2016,PORTLAND 115KV - PEQUESTR 115KV (PEQUESTR 115 KV PEQ-POR) L230.MartinsCreek-MorrisPark-Gilbert.P-2016
BEAGLIN 69 KV   BEA-NSA,BEAGLIN_69 KV_BEA-NSA:230/138.PineyGrove.AT20,NSALISBU 69KV - BEAGLIN 69KV (BEAGLIN 69 KV BEA-NSA) 230/138.PineyGrove.AT20
BARTONVI_138KVBAR-LONG_1_LN,BARTONVI_138 KV_BAR-LONG:ACTUAL,BARTONVI 138KV - LONGCREE 138KV (BARTONVI 138 KV BAR-LONG) L500.Bedington-Doubs
LOUISACT230 KV  2074A,LOUISACT_230 KV_2074A:L230.Remington-MarshRun.280,SANNA 230KV - LOUISACT 230KV (LOUISACT 230 KV 2074A) L230.Remington-MarshRun.280
BUSHKILL 230 KV BUSHKILL-KITTATIN K1019,BUSHKILL_230 KV_BUS-KIT:L230.MartinsCreek-Portland.1008,BUSHKILL 230KV - KITTATIN 230KV (BUSHKILL 230 KV BUS-KIT) L230.MartinsCreek-Portland.1008
BED-BLA CONTINGENCY 75,BED-BLA contingency 46 PeachBottom.U3(for TLC),BED-BLA contingency 75 MtStorm.U3
MTSTORM4_500KVMTS-PRU_1_LN,MTSTORM4_500 KV_MTS-PRU:L500.Bedington-Black Oak,PRUNTYTO 500KV - MTSTORM4 500KV (MTSTORM4 500 KV MTS-PRU) L500.Bedington-BlackOak
OX4 500 KV OX4 TX2 XFORMER,OX4_500 KV_TX2:L230.Loudoun-CubRun-Walney-Dulles.2008,OX4 500KV - OX4 230KV (OX4 500 KV TX2) L230.Loudoun-CubRun-Walney-Dulles.2008
FORTROBI138 KV  FOR-NAG1,FORTROBI_138 KV_FOR-NAG1:L500.Broadford-Sullivan (TVA) Tie,NAGELAEP 138KV - FORTROBI 138KV (FORTROBI 138 KV FOR-NAG1) L500.Broadford-Sullivan (TVA) Tie
PLYWOOD_115KV151A_1_LN,PLYWOOD_115 KV_151A:L500.Dooms-Lexington.555,SEDGEHIL 115KV - PLYWOOD 115KV (PLYWOOD 115 KV 151A) L500.Dooms-Lexington.555
FRACKVIL69 KV   FRA-SHE1,FRACKVIL_69 KV_FRA-SHE1:Shawville.U2,SHENAND 69KV - FRACKVIL 69KV (FRACKVIL 69 KV FRA-SHE1) Shawville.U2
CHARLERO 138 KV CHARLERO-DRYRUN MI-CH-1,CHARLERO_138 KV_CHA-YUK:L500.Cabot-Keystone.5002,CHARLERO 138KV - DRYRUN 138KV (CHARLERO 138 KV CHA-DRY) L500.Cabot-Keystone.5002
WHITAKER_115KV1001B_1_LN,WHITAKER_115 KV_1001B:ACTUAL,CONSLDSL 115KV - WHITAKER 115KV (WHITAKER 115 KV 1001B) L500.BrunswickSwitchingStationHeritage-Wake.570
HAYNIE 115 KV HAY-PIN,HAYNIE_115 KV_HAY-PIN:L345.Armstrong-HomerCity,PINEY 115KV - HAYNIE 115KV (HAYNIE 115 KV HAY-PIN) L345.Armstrong-HomerCity
GARDNERS 115 KV GARDNERS-MOUN ME 974,MOUN ME_115 KV_MOU-PPG:Mountain-Gardners (974) 115 kV line,GARDNERS 115KV - MOUN ME 115KV (GARDNERS 115 KV GAR-MOU) L500.Hunterstown-Conastone.5013
EVERTSUB115 KV  EVE-MAI,EVERTSUB_115 KV_EVE-MAI:ACTUAL,EVERTSUB 115KV - MAINESBG 115KV (EVERTSUB 115 KV EVE-MAI) DBL:ETwnda-Hillside230kv+ETwnda-Canyon-NMesh230kv
BENTONHA 138 KV BENTONHA-RIVERSIM 2,BENTONHA_138 KV_BEN-RIV2:L138.BentonHarbor-WestSt-EWatervilet-Hartford,BENTONHA138 KV  BEN-RIV2 L138.BentonHarbor-WestSt-EWatervilet-Hartford
MEADOWRD_230KVMEA-PIE2_1_LN,MEADOWRD_230 KV_MEA-PIE2:ACTUAL,MEADOWRD 230KV - PIERSOAV 230KV (MEADOWRD 230 KV MEA-PIE2) L230.Deans-MeadowRoad-PiersonAve-Metchuen.S-2219
OLIVUNPA345 KV  OLI-UNPA,OLIVUNPA_345 KV_OLI-UNPA:L765.Collins - Plano.2315,970 UP N 345KV - OLIVUNPA 345KV (OLIVUNPA 345 KV OLI-UNPA) L765.Collins - Plano.2315
13502_135138135024_1_LN,64 BELLW_138 KV_13502 2:ACTUAL,13502_135138135024_1_LN BASE
EPIKE_115KVEPI-GLO_1_LN,EPIKE_115 KV_EPI-GLO:ACTUAL,EPIKE_115KVEPI-GLO_1_LN BASE
LEGHORN-GOOSE CREEK 345KV L/O WILTON CENTER-DUMONT 765KV,RISING_345 KV_45TR1:Dumont-Wilton Center 765kV,GOOSE CREEK-RISING 345 KV L/O LORETTO WIND FARM - WILTON CENTER 345 KV LINE    345 KV  11212   CMPLINE DUMMY
CROSSFE 138 KV  CRO-SHR1,CROSSFE_138 KV_CRO-SHR1:ACTUAL,CROSSFE 138KV - SHRPQS 138KV (CROSSFE 138 KV CRO-SHR1) BASE
ALLDAM6 138 KV ALLDAM6-KITTANNI SP-KT,ALLDAM6_138 KV_ALL-KIT:L230.Lewistown-Juniata,ALLDAM6-KITTANNI SP-KT      A  138 KV MAXCR: 500/230.Keystone.T3+U1+U2+5001+02+03+04
FRDRKSBG230 KV  2083A,FRDRKSBG_230 KV_2083A:L500.Elmont-Ladysmith.574,FRDRKSBG 230KV - BIRCHWD 230KV (FRDRKSBG 230 KV 2083A) L500.Elmont-Ladysmith.574
LOCKWOOD_138KVLOC-RIC1_1_LN,LOCKWOOD_138 KV_LOC-RIC1:ACTUAL,LOCKWOOD 138KV - RICHLND 138KV (LOCKWOOD 138 KV LOC-RIC1) 138/69.EastLima.T3
JUNCTION_138KVJUN-PAR_1_LN,JUNCTION_138 KV_JUN-PAR:ACTUAL,PARRRUN 138KV - JUNCTION 138KV (JUNCTION 138 KV JUN-PAR) L138.OakPark-KelsoGap (Sctnlz)
500X,SHADEGAP_115 KV_SHA-THR:L500.Hunterstown-Conastone.5013,MANOR 230KV - GRACETON 230KV (GRACETON 230 KV GRA-MANO) L500.Hunterstown-Conastone.5013
NEWCARLI138 KV  NEW-NWN2,NEWCARLI_138 KV_NEW-NWN2:ACTUAL,NEWCARNI 138KV - NEWCARLI 138KV (NEWCARLI 138 KV NEW-NWN2) Schahfer-Burr Oak 345
JUNIATA_T4_5002_XF,CHALKPT_230 KV_T4:ACTUAL,HOMERCIT345 KV  N.AUTO-P L500.Cabot-Keystone.5002
ALLDAM6 138 KV ALLDAM6-KITTANNI SP-KT,ALLDAM6_138 KV_ALL-KIT:L500.FtMartin-Ronco.516,ALLDAM6 138KV - KITTANNI 138KV (ALLDAM6 138 KV ALL-KIT) L500.FtMartin-Ronco.516
MEHOOPAN115 KV  MEH-NME2,MEHOOPAN_115 KV_MEH-NME2:L500.BrunswickSwitchingStationHeritage-Wake.570,MEHOOPAN 115KV - NMESHOPP 115KV (MEHOOPAN 115 KV MEH-NME2) L500.BrunswickSwitchingStationHeritage-Wake.570
GEORGEWA 138 KV GEORGEWA-NATRIUM2,GEORGEWA_138 KV_GEO-KAM:L138.Kammer-Natrium,GEORGEWA 138KV - NATRIUM2 138KV (GEORGEWA 138 KV GEO-NAT1) L138.Kammer-Natrium
FRACKVIL69 KV   FRA-SHE1,FRACKVIL_69 KV_FRA-SHE1:ACTUAL,SHENAND 69KV - FRACKVIL 69KV (FRACKVIL 69 KV FRA-SHE1) BASE
BOSSERMN138 KV  BOS-BNI2,BOSSERMN_138 KV_BOS-BNI2:ACTUAL,BOSSERMN 138KV - BOSSERNI 138KV (BOSSERMN 138 KV BOS-BNI2) Schahfer-Burr Oak 345
SUSQUEHA_T2_50021_XF,SUSQUEHA_500 KV_21:L500.Breinigsville-Wescosville.5044,SUSQUEHA 230KV - SUSQUEHA 500KV (SUSQUEHA 500 KV 21) L500.Breinigsville-Wescosville.5044
PORTLAND 230 KV PORTLAND 3 BANK XFORMER,PORTLAND_230 KV_3 BANK:Actual,NORTHWOO 6 BANK   XFORMER   H  230 KV MartinsCreek-Portland.1008
SHENANGO_T2_3451_XF,HOYTDAL2_345 KV_1:DBL:345kvShenango-McClelland+Hoytdale.T2,HOYTDAL2 345KV - HOYTDAL2 138KV (HOYTDAL2 345 KV 1) DBL:345kvShenango-McClelland+Hoytdale.T2
BIGPINET138 KV  BIG-KIS,BIGPINET_138 KV_BIG-KIS:L500.SouthBend-Yukon,KISKIVAL 138KV - BIGPINET 138KV (BIGPINET 138 KV BIG-KIS) L500.SouthBend-Yukon
CHURCH 69 KV CHURCH-NEWMERED 6704-1,HARRTN_69 KV_HAR-SHA:L69.Church-NewMeredith-Kent.6704,CHURCH-NEWMERED 6704-1      A  69 KV L230.Milford-Steele.23076
BARTONVI_138KVBAR-LONG_1_LN,BARTONVI_138 KV_BAR-LONG:L500.Bedington-Doubs,BARTONVI 138KV - LONGCREE 138KV (BARTONVI 138 KV BAR-LONG) L500.Bedington-Doubs
CONEMAUG500 KV TX3,CONEMAUG_500 KV_TX3:TEMP:Cabot-Keystone 5002 + Brighton-Conastone 5011,CONEMAUG TX3      XFORMER   H  500 KV TEMP:Cabot-Keystone 5002 + Brighton-Conastone 5011
CENTER-WESTPORT 110552 A 115 KV,CENTER_115 KV_CEN-WES2:L230.Graceton-Bagley-RaphaelRoad.2313,WESTPORT 115KV - CENTER 115KV (CENTER 115 KV CEN-WES2) L230.Graceton-Bagley-RaphaelRoad.2313
CHICAGO-PRAXAIR1 13831 138KV L/O WILTON CENTER-DUMONT 765KV,FORTROBI_138 KV_FOR-WOL1:L765.Dumont-Wilton Center.11215,LINE    138 KV  Roxana-Praxair 1 138 kV l/o Wilton Center-Dumont 765 kV FG 112 WILT765 KV  11215 Z1CMPSERD DUMMY   112 WILT765 KV  11215ILKDIS     OPEN    112 WILT765 KV  BT3-
HILLCJCT115 KV  HIL-RAC,HILLCJCT_115 KV_HIL-RAC:ACTUAL,HILLCJCT 115KV - RACHELHI 115KV (HILLCJCT 115 KV HIL-RAC) BASE
CRANBERY138 KV  CRA-HOY,CRANBERY_138 KV_CRA-HOY:L500.Cabot-Keystone.5002,HOYTDAL2 138KV - CRANBERY 138KV (CRANBERY 138 KV CRA-HOY) L500.Cabot-Keystone.5002
SAXTON-THREESPR 2K 1062 A 115 KV,SAXTON_115 KV_SAX-THR:L500.Brighton-Conastone,SAXTON-THREESPR 2K 1062     A  115 KV L500.Brighton-Conastone
HOOVERSV 115 KV HOOVERSV-TOWER51 H1H2 1071,HOOVERSV_115 KV_HOO-TOW:L500.BlackOak-Hatfield,TOWER51 115KV - HOOVERSV 115KV (HOOVERSV 115 KV HOO-TOW) L500.BlackOak-Hatfield
ALLDAM6 138 KV ALLDAM6-KITTANNI SP-KT,ALLDAM6_138 KV_ALL-KIT:L345.HandsomeLake-Armstrong,ALLDAM6-KITTANNI SP-KT      A  138 KV L138.Armstrong-Garrn Jct-Kiski Valley-Kittanning
JUNIATA 2 XFORMER H 500 KV,JUNIATA_500 KV_2:L500.Conemaugh-Juniata.5005,WEST contingency 2 L500.Conemaugh-Juniata.5005
11323   138 KV  11323 1,94 HAURD_138 KV_11323:L345.Byron-Wayne.0626,11323   138 KV  11323 1 L345.Byron-Wayne.0626
PIERC_DK345 KV  BK17,PIERC_DK_345 KV_BK17:L345.Red Bank-Terminal,PIERC_DK 345KV - PIERC_DK 138KV (PIERC_DK 345 KV BK17) L345.Red Bank-Terminal
ARMSTRON138 KV  ARM-KIT,ARMSTRON_138 KV_ARM-KIT:ACTUAL,KITTANNI 138KV - ARMSTRON 138KV (ARMSTRON 138 KV ARM-KIT) BASE
CARSON4_230KV238A_1_LN,CARSON4_230 KV_238A:ACTUAL,SAPONY 230KV - CARSON4 230KV (CARSON4 230 KV 238A) BASE
HARWOOD 230 KV HARWOOD-SUSQUEHA,HARWOOD_230 KV_HAR-SIE:L500.Breinigsville-Wescosville.5044,SUSQUEHA 230KV - HARWOOD 230KV (HARWOOD 230 KV HAR-SUS) L500.Breinigsville-Wescosville.5044
TERMINAL_T5_34511_XF,TERMINAL_345 KV_11:L345.Zimmer-SilverGrove-RedBank & 345/138.SG.T23,TERMINAL 345KV - TERMINAL 138KV (TERMINAL 345 KV 11) L345.RedBank-Terminal
JUNIATA 230 KV  4,JUNIATA_230 KV_4:ACTUAL,JUNIATA 230KV - JUNIATA 69KV (JUNIATA 230 KV 4) BASE
CONASTON 230 KV CONASTON-OTTCRKPL,OTTCRKPL_230 KV_OTT-YOR:500/230.Conastone.500-4,CONASTON-OTTCRKPL 2302      B  230 KV 500/230.Conastone.500-4
CANYON  230 KV  CAN-EAS,CANYON_230 KV_CAN-EAS:L115.EastTowanda-NorthMeshoppen.1057,CANYON 230KV - ETOWANDA 230KV (CANYON 230 KV CAN-EAS) L115.EastTowanda-NorthMeshoppen.1057
144 WAYN 138 KV 144 WAYNE 38TR84 CT,144 WAYN_345 KV_TR84CT-P:138L11103 Electric Jct-Aurora 138 kV Line,144 WAYN345 KV  TR84CT-P 138L11103 Electric Jct-Aurora 138 kV Line
CHESTNUT115 KV  CHE-FRE7,CHESTNUT_115 KV_CHE-FRE7:L230.BrandonShores-WaughChapel.2343,CHESTNUT 115KV - FRED BC 115KV (CHESTNUT 115 KV CHE-FRE7) L230.BrandonShores-WaughChapel.2343
HOOPERDP_115KV1007A_1_LN,HOOPERDP_115 KV_1007A:ACTUAL,LONEPINE 115KV - HOOPERDP 115KV (HOOPERDP 115 KV 1007A) BASE
MIAMIFOR138 KV MIA-08M2,MIAMIFOR_138 KV_MIA-08M2:ACTUAL,MIAMIFOR 138KV - MRGAN 138KV (MIAMIFOR 138 KV MIA-08M2) BASE
SIEGFRIE 4 XFORMER H 230 KV,SIEGFRIE_230 KV_4:L230.MartinsCreek-MorrisPark-Gilbert.P-2016,SIEGFRIE 230KV - SIEGFRIE 138KV (SIEGFRIE 230 KV 4) L230.MartinsCreek-MorrisPark-Gilbert.P-2016
VIENNA  138 KV  13710,VIENNA_138 KV_13710:L230.IndianRiver-Milford.23034,VIENNA 13710 SER DEV        A  138 KV L230.IndianRiver-Milford.23034
ALTAVSTA 138 KV ALTAVSTA TX3 XFORMER,ALTAVSTA_138 KV_TX3:L500.Elmont-Cunningham.553,ALTAVSTA 138KV - ALTAVSTA 115KV (ALTAVSTA 138 KV TX3) L500.Elmont-Cunningham.553
VALLEY4 500 KV VALLEY4 TX1 XFORMER,HARRSNBG_230 KV_260A:L500.BathCounty-Lexington.547,VALLEY4  TX1      XFORMER   H  500 KV L500.BathCounty-Lexington.547
HARWICK 138 KV  HAR-HOU,HARWICK_138 KV_HAR-HOU:L138.Pittsburgh Mills-Springdale,HARWICK 138KV - HOUSEVIL 138KV (HARWICK 138 KV HAR-HOU) L138.Pittsburgh Mills-Springdale
NAMPTON 138 KV  NHA-SIE1,NAMPTON_138 KV_NHA-SIE1:L230.Hosensack-Wescosville + 230/138.Wescosvlle.T5,SIEGFRIE 138KV - NAMPTON 138KV (NAMPTON 138 KV NHA-SIE1) L230.Hosensack-Wescosville + 230/138.Wescosvlle.T5
MITCHELL 138 KV MITCHELL-UNIONJCT MI-UNNJ,MITCHELL_138 KV_MIT-UNI:L500.Cabot-Keystone.5002,MITCHELL 138KV - UNIONJCT 138KV (MITCHELL 138 KV MIT-UNI) L500.Cabot-Keystone.5002
WILLIAMS69 KV   WIL-WILT,WILLIAMS_69 KV_WIL-WILT:L230.Cumberland-Orchard.2314,WILLIAMS69 KV   WIL-WILT L230.Cumberland-Orchard.2314
ELLISONR138 KV  ELL-SOR,ELLISONR_138 KV_ELL-SOR:ACTUAL,SORENSON 138KV - ELLISONR 138KV (ELLISONR 138 KV ELL-SOR) BASE
HOOPERDP_115KVHOO-JET_1_LN,HOOPERDP_115 KV_HOO-JET:ACTUAL,HOOPERDP 115KV - JETERSVL 115KV (HOOPERDP 115 KV HOO-JET) BASE
UTICAJCT 115 KV UTICAJCT-WAYNE WAE 1010,UTICAJCT_115 KV_UTI-WAY:L115.Eclipse-Piney.1038,WAYNE 115KV - UTICAJCT 115KV (UTICAJCT 115 KV UTI-WAY) L115.Eclipse-Piney.1038
JACK ME 115 KV JACK ME-MENGES 994-1,JACK ME_115 KV_JAC-MEN:L115.Hunterstown-Oxford (Sctnlz),JACK ME 115KV - MENGES 115KV (JACK ME 115 KV JAC-MEN) L115.Hunterstown-Oxford (Sctnlz)
WESTERN REACTIVE TRANSFER INTERFACE,Western Interface:L500.Hunterstown-Vinco.5068,TRANSFER INTERFACE: PA-CENT L500.Hunterstown-Conastone.5013
DARRAH  138 KV  DAR-EPR1,DARRAH_138 KV_DAR-EPR1:L765.Baker-HangingRock,EPROCTOR 138KV - DARRAH 138KV (DARRAH 138 KV DAR-EPR1) L765.Baker-HangingRock
ALLENIM 138 KV  ALL-ROBI,ALLENIM_138 KV_ALL-ROBI:345/138.RobisonPark.T5,ALLENIM 138KV - ROBISONP 138KV (ALLENIM 138 KV ALL-ROBI) 345/138.RobisonPark.T5
SHAWVILL115 KV  BNK 1A-S,SHAWVILL_115 KV_BNK 1A-S:L230.Shawville-Shingletown.2022,SHAWVILL 1KV - SHAWVILL 115KV (SHAWVILL 115 KV BNK 1A-S) L230.Shawville-Shingletown.2022
BRUNSWIC230 KV  BRU-MEA,BRUNSWIC_230 KV_BRU-MEA:L230.Greystone-Whippany.Q1031 + 230/115.Whppny.12,BRUNSWIC 230KV - MEADOWRD 230KV (BRUNSWIC 230 KV BRU-MEA) L230.Greystone-Whippany.Q1031 + 230/115.Whppny.12
ELIMA   138 KV  ELI-HAV1,ELIMA_138 KV_ELI-HAV1:L345.TannersCreek-Dearborn.1,HAVILAND 138KV - ELIMA 138KV (ELIMA 138 KV ELI-HAV1) L345.TannersCreek-Dearborn.1
CLAYTNAE 69 KV CLAYTON AE-WOODSTOWN 0714,CLAYTNAE_69 KV_CLA-WOO:L230.Bridgeport-Mickleton.2315,CLAYTON AE-WOODSTOWN  0714  A  69 KV 230/69.Mickleton.T1
SAXTON_115KVSAX-THR_1_LN,SAXTON_115 KV_SAX-THR:230/115.Lewistown.T3,THREESPR 115KV - SAXTON 115KV (SAXTON 115 KV SAX-THR) 230/115.Lewistown.T3
BERLNLK 138 KV  BER-BLUE,BERLNLK_138 KV_BER-BLUE:ACTUAL,BERLNLK 138KV - BLUEBELL 138KV (BERLNLK 138 KV BER-BLUE) BASE
CHAPRLTP 230 KV CHAPRLTP-CARSON4 249B,CHAPRLTP_230 KV_249B:L500.Elmont-Cunningham.553,CARSON4 230KV - CHAPRLTP 230KV (CHAPRLTP 230 KV 249B) L500.Elmont-Cunningham.553
FACEROCK_FAC69697_SD_1_LN,FACEROCK_115 KV_FAC-FIV1:ACTUAL,FACEROCK_FAC69697_SD_1_LN BASE
13 CRAWF138 KV  1320,13 CRAWF_138 KV_1320:ACTUAL,13 CRAWF 138KV - 45 JEFFE 138KV (13 CRAWF 138 KV 1320) BASE
PURDY   115 KV  148A,PURDY_115 KV_148A:L115.Carolina-Sockman-PleasantHillTap-Skippers.130,CLBHOUSE 115KV - PURDY 115KV (PURDY 115 KV 148A) L115.Carolina-Sockman-PleasantHillTap-Skippers.130
DILLSBUR 115 KV DILLSBUR-GARDNERS 973-2,DILLSBUR_115 KV_DIL-GAR:L115.Hunterstown-TexasEastern-Gardners.991,DILLSBUR 115KV - GARDNERS 115KV (DILLSBUR 115 KV DIL-GAR) L115.Hunterstown-TexasEastern-Gardners.991
CLAYTNAE 69 KV CLAYTON AE-WOODSTOWN 0714,CLAYTNAE_69 KV_CLA-WOO:500/230.Orchard.T1,CLAYTON AE-WOODSTOWN  0714  A  69 KV L230.Churchtown-Orchard-Cumberland
08LAPLJT138 KV  08L-SAN1,08LAPLJT_138 KV_08L-SAN1:Tidd.Cardinal.U1,08LAPLJT 138KV - SANDERSO 138KV (08LAPLJT 138 KV 08L-SAN1) Tidd.Cardinal.U1
GOETHALS230 KV  GOE-LINA,GOETHALS_230 KV_GOE-LINA:ACTUAL,LINDEN 230KV - GOETHALS 230KV (GOETHALS 230 KV GOE-LINA) BASE
LOUDOUN4 569T584 CB            500 KV,LOUDOUN4_230 KV_2030A:L500.Bristers-Ox.539,LOUDOUN4 569T584 CB            500 KV L500.Bristers-Ox.539
DARLEYRD 69 KV DARLEYRD-NAAMANS 6835,DARLEYRD_69 KV_DAR-NAA:L230.Linwood-Post.220-97A,NAAMANS 69KV - DARLEYRD 69KV (DARLEYRD 69 KV DAR-NAA) L230.Linwood-Post.220-97A
MICHIGAN CITY - DUNEACRE 138 KV L/O DUMONT - WILTON CENTER 765 KV,DUNEACRE_138 KV_DUN-MIC1:Dumont-Wilton Center 765kV,Michigan City - DuneAcre 138 kV l/o Dumont - Wilton Center 765 kV L765.Dumont-WiltonCenter.11215
ATHENIA 230 KV  ATH-SADF,ATHENIA_230 KV_ATH-SADF:ACTUAL,ATHENIA 230KV - SADDLEBR 230KV (ATHENIA 230 KV ATH-SADF) BASE
MAKAHOY 138 KV  MAK-STR,MAKAHOY_138 KV_MAK-STR:ACTUAL,STRAWTON 138KV - MAKAHOY 138KV (MAKAHOY 138 KV MAK-STR) BASE
MOUN_UGI_69KVMOU-WAS_1_LN,MOUN UGI_69 KV_MOU-WAS:ACTUAL,MOUN UGI69 KV   MOU-WAS BASE
CEDARCRE_138KVCED-CLA_1_LN,CEDARCRE_138 KV_CED-CLA:L230.Cartanza-Milford.23033,CEDARCRE 138KV - CLAYTON 138KV (CEDARCRE 138 KV CED-CLA) L230.Cartanza-Milford.23033
MANOR   69 KV   MAN-SAF2,MANOR_69 KV_MAN-SAF3:L230.OtterCrk-SafeHarbor-Manor.2302,MANOR   69 KV   MAN-SAF2 L230.OtterCrk-SafeHarbor-Manor.2302
ALLENIM 138 KV  ALL-LOG,ALLENIM_138 KV_ALL-LOG:L345.Braidwood-EastFrankfort.2001,ALLENIM 138KV - LOGTOWN 138KV (ALLENIM 138 KV ALL-LOG) L345.Braidwood-EastFrankfort.2001
ECLIPSE 115 KV ECL-PIN,ECLIPSE_115 KV_ECL-PIN:L345.Ashtabula-Perry,PINEY 115KV - ECLIPSE 115KV (ECLIPSE 115 KV ECL-PIN) L345.ErieWest-Ashtabula-Perry
CEDARSUB230 KV CED-WILF,CEDARSUB_230 KV_CED-WILF:L230.Essex-Newark Energy Center.Q-2322,WILLIAM1 230KV - CEDARSUB 230KV (CEDARSUB 230 KV CED-WILF) L230.Essex-Newark Energy Center.Q-2322
GLENBROO69 KV   GLE-KOON,GLENBROO_69 KV_GLE-KOON:230/66.Mountain.T2 (Sctnlz),GLENBROO 69KV - KOONSVIL 69KV (GLENBROO 69 KV GLE-KOON) 230/66.Mountain.T2 (Sctnlz)
MORANDP 115 KV  158A,MORANDP_115 KV_158A:L230.Bremo-Cartersville-Powhatan-Midlothian.2027,FARMVILL 115KV - MORANDP 115KV (MORANDP 115 KV 158A) L230.Bremo-Cartersville-Powhatan-Midlothian.2027
GATESHIL 138 KV GATESHIL-LARDIN GAT-LAR,GATESHIL_138 KV_GAT-LAR:L345.Crescent-Mansfield,LARDIN 138KV - GATESHIL 138KV (GATESHIL 138 KV GAT-LAR) L345.Crescent-Mansfield
RUSSELJC161 KV  20R-5WO1,RUSSELJC_161 KV_20R-5WO1:ACTUAL,WOLF_CRK 161KV - RUSSELJC 161KV (RUSSELJC 161 KV 20R-5WO1) BASE
KELFORD 115 KV  126A,KELFORD_115 KV_126A:ACTUAL,KELFORD 115KV - EARLEYS 115KV (KELFORD 115 KV 126A) 230/115.Hathaway.TX2
CULVER  69 KV   CUL-OCC,CULVER_69 KV_CUL-OCC:230/138.PineyGrove.AT20,OCEANCTY 69KV - CULVER 69KV (CULVER 69 KV CUL-OCC) 230/138.PineyGrove.AT20
ALBRIGHT 138 KV ALBRIGHT-GARRETT,JUNCTION_138 KV_JUN-PAR:L500.BlackOak-Hatfield.542,ALBRIGHT 138KV - GARRETT 138KV (ALBRIGHT 138 KV ALB-GAR) L500.BlackOak-Hatfield.542
CRANESCR_230KV2157A_1_LN,CRANESCR_230 KV_2157A:L500.LadySmth-Chancelr.581,FRDRKSBG 230KV - CRANESCR 230KV (CRANESCR 230 KV 2157A) L500.LadySmth-Chancelr.581
HAVILAND69 KV   HAV-NVA,HAVILAND_69 KV_HAV-NVA:345/138.RobisonPark.T5,HAVILAND 69KV - NVANWERT 69KV (HAVILAND 69 KV HAV-NVA) 345/138.RobisonPark.T5
3ROCKY 115 KV 3ROCKY -BATTLEBO 123A,3ROCKY_115 KV_123A:L115.Tarboro-Tarboro5-MorsbgDP-TarRiverTap.55,3ROCKY 115KV - BATTLEBO 115KV (3ROCKY 115 KV 123A) L115.Tarboro-Tarboro5-MorsbgDP-TarRiverTap.55
SHERWOOD_115KV91C_1_LN,SHERWOOD_115 KV_91C:L500.Midlothian-NorthAnna.576,TRANSCO 115KV - SHERWOOD 115KV (SHERWOOD 115 KV 91C) L500.Midlothian-NorthAnna.576
CONASTON230 KV  CNS-NOR1,CONASTON_230 KV_CNS-NOR1:L230.Graceton-FvFrks.110510 + 230/115.Grctn.230-1,CONASTON 230KV - NRTHWES2 230KV (CONASTON 230 KV CNS-NOR1) L230.Graceton-FvFrks.110510 + 230/115.Grctn.230-1
MAINSTRE138 KV  MAI-RIV1,MAINSTRE_138 KV_MAI-RIV1:345/138.Olive.T2(Sctnlz),RIVERSIM 138KV - MAINSTRE 138KV (MAINSTRE 138 KV MAI-RIV1) L138.Bosserman-MichiganCity
DESOTO  138 KV  DES-MOD,DESOTO_138 KV_DES-MOD:138/69.Jay.T1,DESOTO 138KV - MODOC 138KV (DESOTO 138 KV DES-MOD) 138/69.Jay.T1
BLAIRSVE138 KV  BLA-SOC,BLAIRSVE_138 KV_BLA-SOC:500/230.Keystone.T4,BLAIRSVE 138KV - SOCIALHA 138KV (BLAIRSVE 138 KV BLA-SOC) 500/230.Keystone.T4
CARL PN-GARDNERS 1049 B 115 KV,CARL PN_115 KV_CAR-GAR:500/230.Keystone.T4,GARDNERS 115KV - CARL PN 115KV (CARL PN 115 KV CAR-GAR) 500/230.Keystone.T4
CEDAR_IT161 KV  CED-CEDL,CEDAR_IT_161 KV_CED-CEDL:ACTUAL,CEDAR_IT 161KV - CEDAR_LG 161KV (CEDAR_IT 161 KV CED-CEDL) BASE
CARS DUQ138 KV  CAR-FOR,CARS DUQ_138 KV_CAR-HOM:ACTUAL,CARS DUQ138 KV  CAR-FOR BASE
BLAIRSVE138 KV  BLA-SOC,BLAIRSVE_138 KV_BLA-SOC:ACTUAL,BLAIRSVE 138KV - SOCIALHA 138KV (BLAIRSVE 138 KV BLA-SOC) L500.SouthBend-Yukon
111 ELEC 345 KV 111 ELECT J 45TR81 CT,111 ELEC_345 KV_TR81CT-P:ACTUAL,12 DRESDEN  45TR81 CT       H  345 KV 12Dres-111 Elec.1223 & EAST FRANK TR83 EMERGENCY
DOEX530 345 KV  DOE-PIE1,DOEX530_345 KV_DOE-PIE1:L345.12 Dresden-900 Elwood.1222,DOEX530 345KV - PIERCE 345KV (DOEX530 345 KV DOE-PIE1) L345.12 Dresden-900 Elwood.1222
ALLENIM 138 KV  ALL-LOG,ALLENIM_138 KV_ALL-LOG:L345.SouthBerwick-Galion,ALLENIM 138KV - LOGTOWN 138KV (ALLENIM 138 KV ALL-LOG) L345.SouthBerwick-Galion
ALLENPOR-CHARLERO CH-ALP A 138 KV,ALLENPOR_138 KV_ALL-CHA:L500.Cabot-Cranberry,ALLENPOR-CHARLERO CH-ALP    B  138 KV L500.Ft Martin-Ronco
HAWTHORN 230 KV HAWTHORN-HINCHMAN N-2266,HINCHMAN_230 KV_HIN-JAC:ACTUAL,HINCHMAN 230KV - HAWTHORN 230KV (HAWTHORN 230 KV HAW-HIN) L500.Hopatcong-Ramapo.5018
MEADOWBR-STRASBUR MST A 138 KV,RUTH_138 KV_RUT-TUR1:Culloden - Wyoming 765,MEADOWBR-STRASBUR MST       A  138 KV L765.JacksonsFerry-Cloverdale + 138CB.JF.L
GARRETAP-GARRETT B 115 KV,GARRETAP_115 KV_GAR-GAR:500/230.Keystone.T4,GARRETAP 115KV - GARRETT 115KV (GARRETAP 115 KV GAR-GAR) 500/230.Keystone.T4
BURCHESH 230 KV BURCHESH-TALBERT 23081,BURCHESH_230 KV_BUR-TAL1:500/230.ChalkPoint.T6,TALBERT 230KV - BURCHESH 230KV (BURCHESH 230 KV BUR-TAL1) 500/230.ChalkPoint.T6
MILLBROO138 KV  MIL-SIN1,MILLBROO_138 KV_MIL-SIN1:L500.Broadford-Sullivan (TVA) Tie,MILLBROO 138KV - SINKINGS 138KV (MILLBROO 138 KV MIL-SIN1) L500.Broadford-Sullivan (TVA) Tie
ALLLUD4J 138 KV ALLLUD4J-ALLDAM6 ALJ-ALL,ALLLUD4J_138 KV_ALJ-ALL:L500.FtMartin-Ronco.516,ALLDAM6 138KV - ALLLUD4J 138KV (ALLLUD4J 138 KV ALJ-ALL) L500.FtMartin-Ronco.516
AMPPARK169 KV   AP1-HAR1,EPALMERT_230 KV_EPA-HAR:L230.Columbia-Montour+230/69.Columbia.T2,AMPPARK169 KV   AP1-HAR1 230/69.Copperstone.T2
51_MC_CO_T4_345TR82_1_XF,51 MC CO_345 KV_TR82_1:ACTUAL,51 MC CO 345KV - 51 MC CO 138KV (51 MC CO 345 KV TR82_1) BASE
DOEX530 345 KV  DOE-PIE2,DOEX530_345 KV_DOE-PIE2:L345.12 Dresden-900 Elwood.1222,DOEX530 345KV - PIERCE 345KV (DOEX530 345 KV DOE-PIE2) L345.12 Dresden-900 Elwood.1222
MICKLETO 230 KV MICKLETO MICK #4 XFORMER,MICKLETO_230 KV_MICK #4:500/230.Orchard.T1,MICKLETO 230KV - MICKLETO 69KV (MICKLETO 230 KV MICK #4) 500/230.Orchard.T1
LOCKS   230 KV  TX6_,LOCKS_230 KV_TX6_:L115.Carolina-Sockman-PleasantHillTap-Skippers.130,LOCKS 115KV - LOCKS 230KV (LOCKS 230 KV TX6_) L115.Carolina-Sockman-PleasantHillTap-Skippers.130
116 GOOD345 KV  11622,116 GOOD_345 KV_11622:L345.12 Dresden-900 Elwood.1222,900 ELWO 345KV - 116 GOOD 345KV (116 GOOD 345 KV 11622) L345.12 Dresden-900 Elwood.1222
BURTONSV 230 KV BURTONSV-SANDYSPR 2334,BURTONSV_230 KV_BUR-SAN3:L230.Conastone-Northwest.2310,BURTONSV 230KV - SANDYSPG 230KV (BURTONSV 230 KV BUR-SAN3) L230.Conastone-Northwest.2310
FARLEY2 69 KV   LIB-FARL,FARLEY2_69 KV_LIB-FARL:ACTUAL,FARLEY2 69 KV   LIB-FARL L161.LaurelCo-LaurelDam
BULLRUN 230 KV  BUL-CLIF,BULLRUN_230 KV_BUL-CLIF:L500.Loudoun-Morrisville.569,CLIFTON 230KV - BULLRUN 230KV (BULLRUN 230 KV BUL-CLIF) L500.Loudoun-Morrisville.569
WNEWPHIL138 KV  WNE-HIL1,WNEWPHIL_138 KV_WNE-HIL1:L765.Gavin-Mountaineer,HILLVIEW 138KV - WNEWPHIL 138KV (WNEWPHIL 138 KV WNE-HIL1) L765.Gavin-Mountaineer
KERRDAM 115 KV 193D,KERRDAM_115 KV_193D:L500.Elmont-Cunningham.553,KERRDP 115KV - KERRDAM 115KV (KERRDAM 115 KV 193D) L500.Elmont-Cunningham.553
FROSTBU1_138KVFRO-RID_1_LN,FROSTBU1_138 KV_FRO-RID:L500.502Junction-MtStorm (TRAIL),FROSTBU1 138KV - RIDGELEY 138KV (FROSTBU1 138 KV FRO-RID) L500.502Junction-MtStorm (TRAIL)
PINECRTP138 KV  PIN-RAG1,PINECRTP_138 KV_PIN-RAG1:L138.BigSandy-Inez,PINECRTP 138KV - RAGLAND 138KV (PINECRTP 138 KV PIN-RAG1) L138.BigSandy-Inez
BENSONDP115 KV  BEN-COOL,BENSONDP_115 KV_BEN-COOL:L345.12 Dresden-900 Elwood.1222,COOLSPR 115KV - BENSONDP 115KV (BENSONDP 115 KV BEN-COOL) L345.12 Dresden-900 Elwood.1222
BRIGHTON230 KV  BRI-MTZ5,BRIGHTON_230 KV_BRI-MTZ5:L500.Doubs-GooseCreek.514,BRIGHTON 230KV - MTZION 230KV (BRIGHTON 230 KV BRI-MTZ5) L500.Doubs-GooseCreek.514
55 HEGEW138 KV 0703 2,55 HEGEW_138 KV_0703 2:ACTUAL,55 HEGEW 138KV - 0703 138KV (55 HEGEW 138 KV 0703 2) BASE
BEAUMEAD230 KV  BEA-PARA,BEAUMEAD_230 KV_BEA-PARA:L500.Brambleton-GooseCreek.558,BEAUMEAD 230KV - PARAGNPK 230KV (BEAUMEAD 230 KV BEA-PARA) L500.Brambleton-GooseCreek.558
EVERETTS 230 KV EVERETTS-GREENVIL 218,EVERETTS_230 KV_218:L500.Cloverdale-Lexington.566,GREENVIL 230KV - EVERETTS 230KV (EVERETTS 230 KV 218) L500.Cloverdale-Lexington.566
WALDWICK 345 KV WALDWICK 345-1 XFORMER,WALDWICK_345 KV_345-1:ACTUAL,WALDWICK 345-1    XFORMER   H  345 KV 345/230.Waldwick.T3
GARRD_CO_69KVGAR-LANC_1_LN,51 MC CO_345 KV_TR82_1:ACTUAL,LANCASTE 69KV - GARRD_CO 69KV (GARRD_CO 69 KV GAR-LANC) BASE
CASHCNDP230 KV  2135A,CASHCNDP_230 KV_2135A:L500.Dooms-Cunningham.534,GORDONSV 230KV - CASHCNDP 230KV (CASHCNDP 230 KV 2135A) L500.Dooms-Cunningham.534
OLIVUNPA345 KV  OLI-UNPA,OLIVUNPA_345 KV_OLI-UNPA:L345.Lasalle - Plano.0101,970 UP N 345KV - OLIVUNPA 345KV (OLIVUNPA 345 KV OLI-UNPA) L345.Lasalle - Plano.0101
ALTAVSTA 138 KV ALTAVSTA TX4 XFORMER,ALTAVSTA_138 KV_TX4:L500.Cloverdale-Lexington.566,ALTAVSTA 115KV - ALTAVSTA 138KV (ALTAVSTA 138 KV TX4) L500.Cloverdale-Lexington.566
BURMA T1 XFORMER H 138 KV,BURMA_138 KV_T1:L345.HandsomeLake-Wayne,BURMA 138KV - BURMA 115KV (BURMA 138 KV T1) L345.HandsomeLake-Wayne
GORE_APS_138KVGOR-STO_1_LN,GORE APS_138 KV_GOR-STO:L500.Bedington-Doubs,GORE APS 138KV - STONEWAL 138KV (GORE APS 138 KV GOR-STO) L500.Bedington-Doubs
CRANESCR230 KV  2157A,CRANESCR_230 KV_2157A:L500.Ladysmith-Possum Point.568,FRDRKSBG 230KV - CRANESCR 230KV (CRANESCR 230 KV 2157A) L500.Ladysmith-Possum Point.568
REAMSDP 115 KV 69C,REAMSDP_115 KV_69C:L115.Carolina-Sockman-PleasantHillTap-Skippers.130,REAMSDP 115KV - LOCKS 115KV (REAMSDP 115 KV 69C) L115.Carolina-Sockman-PleasantHillTap-Skippers.130
CLOVERD2_T2_3453_XF,CLOVERD2_345 KV_3:345/138.Cloverdale.T19,CLOVERD2 345KV - CLOVERD2 138KV (CLOVERD2 345 KV 3) 345/138.Cloverdale.T19
LEESVILL 138 KV LEESVILL-ALTAVIST,LEESVILL_138 KV_LEE-SMI1:L765.Cloverdale-JoshuaFalls,SMITHMOU 138KV - LEESVILL 138KV (LEESVILL 138 KV LEE-SMI1) L765.Cloverdale-JoshuaFalls
POSSUMP4230 KV  TGT5,POSSUMP4_230 KV_TGT5:ACTUAL,POSSUMP4 230KV - POSSUMP4 14KV (POSSUMP4 230 KV TGT5) BASE
BERGENFI 230 KV BERGENFI-NEWMILFR BER-NEWO,BERGENFI_230 KV_BER-NEWO:ACTUAL,BERGENFI-NEWMILFR BER-NEWO  B  230 KV BASE
SEWARD 230 KV 9 TX,SEWARD_230 KV_9 TX:HomerCity-Johnstown230kv,SEWARD   9 TX     XFORMER   H  230 KV HomerCity-Johnstown230kv
FRDRKSBG230 KV  2083A,FRDRKSBG_230 KV_2083A:L500 Chickahominy-Elmont.557A(Sctnlz),FRDRKSBG 230KV - BIRCHWD 230KV (FRDRKSBG 230 KV 2083A) L500 Chickahominy-Elmont.557A(Sctnlz)
CARL PN-GARDNERS 1049 B 115 KV,CARL PN_115 KV_CAR-GAR:L138.Bedington-HarmonyJct-Marlowe-CherryRun,GARDNERS 115KV - CARL PN 115KV (CARL PN 115 KV CAR-GAR) L138.Bedington-HarmonyJct-Marlowe-CherryRun
AQUAHAR 230 KV  2119,AQUAHAR_230 KV_AQU-GAR1:L500.Bristers-Ox.539,AQUAHAR 230 KV  2119 L500.Bristers-Ox.539
BERLNLK 138 KV  BER-BLUE,BERLNLK_138 KV_BER-BLUE:L345.Wellsville-Sammis,BERLNLK 138KV - BLUEBELL 138KV (BERLNLK 138 KV BER-BLUE) L345.Wellsville-Sammis
CEDARCRE 230 KV CEDARCRE-REDLION 23030,CEDARCRE_230 KV_CED-SIL:L230.Cartanza-Milford.23033,CEDARCRE-REDLION 23030      B  230 KV L230.Cartanza-Milford.23033
RACINE  69 KV   2,RACINE_69 KV_2:ACTUAL,RACINE 69KV - RACINE 8KV (RACINE 69 KV 2) BASE
BRUNNERI 230 KV BRUNNERI-YORKANA 1055,JACK ME_230 KV_JAC-TMI:L230.Yorkana-BrunnerIsland.1055,BRUNNERI-YORKANA 1055       A  230 KV L500.Conastone-Peach Bottom.5012
04MFLDQ1 138 KV 04MFLDQ1-PAWNEETP 2,PAWNEETP_138 KV_PAW-LER2:L345.ErieWest-Ashtabula-Perry,04MFLDQ1-PAWNEETP 2         A  138 KV L345.ErieWest-Ashtabula-Perry
FLMINSBG138 KV  FLM-GODD,FLMINSBG_138 KV_FLM-GODD:ACTUAL,FLMINSBG 138KV - GODDARD 138KV (FLMINSBG 138 KV FLM-GODD) BASE
PERDUE 69 KV PERDUE-TASLEY 69 KV 6778-2,HALLWOOD_69 KV_HAL-OAK:L69.OakHall-Perdue-Tasley.6778,EASTVILL 69KV - CHERITON 69KV (CHERITON 69 KV CHE-EAST) L69.OakHall-Perdue-Tasley.6778
DALESVIL230 KV  220-05,DALESVIL_230 KV_220-05:ACTUAL,DALESVIL-NOTTINGH 220-05    B  230 KV L230.Conowingo-Colora.220-88
BELMONT 138 KV  BEL-WILH,BELMONT_138 KV_BEL-WILH:ACTUAL,WILLOWIH 138KV - BELMONT 138KV (BELMONT 138 KV BEL-WILH) BASE
TODD 69 KV TODD-VIENNALO 6702-1,TODD_69 KV_TOD-VNL:L138.Steele-Easton.13712,VIENNA-VIENNALO 6702-2      A  69 KV 138/69.Easton.AT1 + L138.Steele-Easton.13712
LOCKWOOD 138 KV LOCKWOOD-RICHLND TIE,LOCKWOOD_138 KV_LOC-RIC1:345/138.RobisonPark.T5,RICHLND 138KV - LOCKWOOD 138KV (LOCKWOOD 138 KV LOC-RIC1) 345/138.RobisonPark.T5
QUADCITIES - ROCKCREEK 345 KV L/O QUADCITIES SUB 91 SUB 91 XF,ROCK CRE_345 KV_TR21:L345.QuadCities-Sub91.0401,Quad Cities-Sub 91 345 l/o Quad Cities-Rock Creek 345 L345.QuadCities-RockCreek.0405
BEAUMEAD230 KV  BEA-PARA,BEAUMEAD_230 KV_BEA-PARA:L500.BurchesHill-PossumPoint.560,BEAUMEAD 230KV - PARAGNPK 230KV (BEAUMEAD 230 KV BEA-PARA) L500.BurchesHill-PossumPoint.560
CHARLERO 138 KV CHARLERO-UNIONJCT UNNJ-CH,CHARLERO_138 KV_CHA-GOR:L500.Harrison-WylieRidge.530,CHARLERO 138KV - UNIONJCT 138KV (CHARLERO 138 KV CHA-UNI) L500.Harrison-WylieRidge.530
HOMERCIT 230 KV HOMERCIT-SHELOCTA KHC 2014,HOMERCIT_230 KV_HOM-SEW:L500.Conemaugh-Keystone.5003,SHELOCTA 230KV - HOMERCIT 230KV (HOMERCIT 230 KV HOM-SHE) L500.Conemaugh-Keystone.5003
BRUNSWIC230 KV  BUR-MEA,BRUNSWIC_230 KV_BRU-MEA:L500.Hopatcong-Roseland.5061,BRUNSWIC230 KV  BUR-MEA L500.Hopatcong-Roseland.5061
PRESTON-TANYARD 6716-5 B 69 KV,PRESTON_69 KV_PRE-TAN:L230.CoolSprings-Milford.23069,TANYARD 69KV - PRESTON 69KV (PRESTON 69 KV PRE-TAN) L230.CoolSprings-Milford.23069
SAMMISFE138 KV  SAM-TOR2,SAMMISFE_138 KV_SAM-TOR2:ACTUAL,TORONTO 138KV - SAMMISFE 138KV (SAMMISFE 138 KV SAM-TOR2) L765.Kammer-SouthCanton + SouthCanton.T3
CARTANZA230 KV  CAR-SIL,CARTANZA_230 KV_CAR-SIL:ACTUAL,SILVERUN 230KV - CARTANZA 230KV (CARTANZA 230 KV CAR-SIL) L230.CedarCreek-SilverRun.23030
KEENEY 500 KV KEENEY-ROCKSPRI 5025,GREYSTON_230 KV_GRE-POR:L500.Alburtis-Branchburg.5016,ROCKSPRI 500KV - KEENEY 500KV (KEENEY 500 KV KEE-ROC) L500.Alburtis-Branchburg.5016
VINELAND69 KV   0712,VINELAND_69 KV_0712:L69.Sherman-Vineland.0761,VINELAND69 KV   0712 L69.Sherman-Vineland.0761
DICKERSH 230 KV DICKERSH-QUINCEOR 23032,DICKERSH_230 KV_DIC-DIC4:ACTUAL,DICKERSH-QUINCEOR 23032     A  230 KV L500.Burches Hill-Possum Point.560
DOEX530 345 KV  DOE-PIE1,DOEX530_345 KV_DOE-PIE1:L765.Baker-Broadford,DOEX530 345KV - PIERCE 345KV (DOEX530 345 KV DOE-PIE1) L765.Baker-Broadford
PIERC_DK345 KV  PIE-PIE2,PIERC_DK_345 KV_PIE-PIE2:L345.TannersCreek-MiamiFort,PIERCE 345KV - PIERC_DK 345KV (PIERC_DK 345 KV PIE-PIE2) L345.TannersCreek-MiamiFort
BARTONVI 138 KV BARTONVI-MEADOWBR MSW1,BARTONVI_138 KV_BAR-LONG:ACTUAL,BARTONVI-MEADOWBR MSW1      B  138 KV L500.Loudoun-Meadowbrook.5535
COLLIER 345 KV COL-TID,COLLIER_345 KV_COL-TID:L345.Toronto-WylieRidge,TIDD_AEP 345KV - COLLIER 345KV (COLLIER 345 KV COL-TID) L345.Toronto-WylieRidge
GORDONSV230 KV  GOR-REMI,GORDONSV_230 KV_GOR-REMI:L500.Morrisville-Spotsylvania.594,GORDONSV 230KV - REMINGTN 230KV (GORDONSV 230 KV GOR-REMI) L500.Morrisville-Spotsylvania.594
GLENBROO69 KV   GLE-KOON,GLENBROO_69 KV_GLE-KOON:230/66.Mountain.T1 (Sctnlz),KOONSVIL 69KV - GLENBROO 69KV (GLENBROO 69 KV GLE-KOON) 230/66.Mountain.T1 (Sctnlz)
THELMA 69 KV THE-THE1,THELMA_69 KV_THE-THE1:L500.Carson-RogersRoad.585,THELMA 69KV - THELMAEK 69KV (THELMA 69 KV THE-THE1) L500.Carson-RogersRoad.585
CORNER 138 KV CORNER-LAYMAN,LAYMAN_138 KV_LAY-WOL:765/500.Belmont.T5 (Sectionalized),CORNER 138KV - LAYMAN 138KV (CORNER 138 KV COR-LAY) 765/500.Belmont.T5 (Sctnlz)
PETERS 138 KV PETERS-UNIONJCT UNNJ-PTR,PETERS_138 KV_PET-UNI:500/230.Keystone.T4,UNIONJCT 138KV - PETERS 138KV (PETERS 138 KV PET-UNI) 500/230.Keystone.T4
WEST CONTINGENCY 14,WEST contingency 14 L500.Juniata-Keystone.5004,TRANSFER INTERFACE: WEST L500.Juniata-Keystone.5004
DOEX530 345 KV  DOE-PIE2,DOEX530_345 KV_DOE-PIE2:L765.Kammer-Belmont-Mountaineer+765/500.Belmont.T5,DOEX530 345KV - PIERCE 345KV (DOEX530 345 KV DOE-PIE2) CliftyCreek.Plant.Loss_of_Scrubber.XF_104A
7 STATE 345 KV 7 STATE TR82CT XFORMER,7 STATE_345 KV_TR82CT:ACTUAL,7 STATE  TR82CT   XFORMER   H  345 KV 345L17724
MAINESBG_115KVMAI-MAN_1_LN,MAINESBG_115 KV_MAI-MAN:ACTUAL,MAINESBG 115KV - MANS PN 115KV (MAINESBG 115 KV MAI-MAN) 345/230.PierceBrook.TR1
PIERC_DK345 KV  PIE-PIE1,PIERC_DK_345 KV_PIE-PIE1:ACTUAL,PIERC_DK 345KV - FOSTER2 345KV (FOSTER2 345 KV FOS-PIE1) L345.EastBend-Terminal
OAKGROVE_230KVOAK-TAL7_1_LN,OAKGROVE_230 KV_OAK-TAL7:500/230.ChalkPoint.T6,TALBERT 230KV - OAKGROVE 230KV (OAKGROVE 230 KV OAK-TAL7) 500/230.ChalkPoint.T6
CAMPBEL2138 KV  CAM-ELI1,CAMPBEL2_138 KV_CAM-RIL1:L138.Lockwood-Richland_TEMP,ELIMA 138KV - CAMPBEL2 138KV (CAMPBEL2 138 KV CAM-ELI1) L138.Richland-Naomi-Midway-Wauseon
SHERWOOD_115KV91C_1_LN,SHERWOOD_115 KV_91C:L230.Bremo-Cartersville-Powhatan-Midlothian.2027,TRANSCO 115KV - SHERWOOD 115KV (SHERWOOD 115 KV 91C) L230.Bremo-Cartersville-Powhatan-Midlothian.2027
PIERC_DK345 KV  PIE-PIE1,PIERC_DK_345 KV_PIE-PIE1:L345.Red Bank-Terminal,PIERCE 345KV - PIERC_DK 345KV (PIERC_DK 345 KV PIE-PIE1) L345.Red Bank-Terminal
EWINDSOR230 KV  EWI-SMI,EWINDSOR_230 KV_EWI-SMI:L230.Cedar-OysterCreek,EWINDSOR 230KV - SMITHBUR 230KV (EWINDSOR 230 KV EWI-SMI) L230.Cedar-OysterCreek
SMITHJCT115 KV  SMI-YOR,SMITHJCT_115 KV_SMI-YOR:230/115.Yorkana.T3,SMITHJCT 115KV - YORK INC 115KV (SMITHJCT 115 KV SMI-YOR) 230/115.Yorkana.T3
ALLENIM 138 KV  ALL-LOG,ALLENIM_138 KV_ALL-LOG:L765.Dumont-Sorenson,ALLENIM 138KV - LOGTOWN 138KV (ALLENIM 138 KV ALL-LOG) L765.Dumont-Sorenson
CHERITON_69KVCHE-EAST_1_LN,CHERITON_69 KV_CHE-EAST:ACTUAL,EASTVILL 69KV - CHERITON 69KV (CHERITON 69 KV CHE-EAST) BASE
TANNERSC-DEARBORN1 TIE A 345 KV,TANNERSC_345 KV_TAN-MIA1:L345.Tanners Creek-Dearborn1,TANNERSC-DEARBORN1 TIE      A  345 KV 345/138.Terminal.BK11
PLUM    138 KV  PLU-UNI,PLUM_138 KV_PLU-UNI:L500.Keystone-SouthBend.5001(513),PLUM 138KV - UNIVERSA 138KV (PLUM 138 KV PLU-UNI) L500.Keystone-SouthBend.5001(513)
BEAV DUQ138 KV  BEA-CRE8,BEAV DUQ_138 KV_BEA-CRE8:345/138.Crescent.T1,BEAV DUQ 138KV - CRES DUQ 138KV (BEAV DUQ 138 KV BEA-CRE8) 345/138.Crescent.T1
REMNTNCT230 KV  TXG1,REMNTNCT_230 KV_TXG1:ACTUAL,REMNTNCT 230KV - REMNTNCT 18KV (REMNTNCT 230 KV TXG1) BASE
EASTGATE 138 KV EASTGATE-LUXOR KF-LU,EASTGATE_138 KV_EAS-LUX:L500.Cabot-Cranberry,LUXOR 138KV - EASTGATE 138KV (EASTGATE 138 KV EAS-LUX) L500.Cabot-Cranberry
TRMBL_LG345 KV  TRI-CLI1,TRMBL_LG_345 KV_TRI-CLI1:ACTUAL,CLIFTYCR 345KV - TRMBL_LG 345KV (TRMBL_LG 345 KV TRI-CLI1) BASE
MACKEYS 230 KV  GSU,MACKEYS_230 KV_GSU:ACTUAL,MACKEYS 34.5KV - MACKEYS 230KV (MACKEYS 230 KV GSU) BASE
WEST CONTINGENCY 55,DOUBS_500 KV_DOU-GOO:L500.MtStorm-Meadowbrook.5529,WEST contingency 55 L500.MtStorm-Meadowbrook.5529
AHOSKIE -TUNIS    136B      A  115 KV,AHOSKIE_115 KV_136B:L115.Pecan-Carolina.1010,TUNIS 115KV - AHOSKIE 115KV (AHOSKIE 115 KV 136B) L115.Pecan-Carolina.1010
EDGEWOOD 115 KV EDGEWOOD-SHELOCTA LSH 1036,EDGEWOOD_115 KV_EDG-SHE:L345.ErieSouth-ErieWest.3001,SHELOCTA 115KV - EDGEWOOD 115KV (EDGEWOOD 115 KV EDG-SHE) L345.ErieSouth-ErieWest.3001
HUNTERST115 KV  HUN-LNJ,HUNTERST_115 KV_HUN-LNJ:L500.Hunterstown-Conastone.5013+Cap,HUNTERST115 KV  HUN-LNJ Hunterstown-Lincoln (962) 115 kV line
DOUBS   500 KV  DOU-GOO,DOUBS_500 KV_DOU-GOO:L500.Possum Point-Ox.571,DOUBS 500KV - GOOSECRE 500KV (DOUBS 500 KV DOU-GOO) L500.Possum Point-Ox.571
SAPONY  230 KV  TX2,SAPONY_230 KV_TX2:Jefferson-Rockport 765+Rockport Unit 1,SAPONY 35KV - SAPONY 230KV (SAPONY 230 KV TX2) Jefferson-Rockport 765+Rockport Unit 1
SAPONY  230 KV  TX2,SAPONY_230 KV_TX2:L230.HomerCity-Shelocta-Keystone.2014 (Sctnlz F),SAPONY 35KV - SAPONY 230KV (SAPONY 230 KV TX2) L230.HomerCity-Shelocta-Keystone.2014 (Sctnlz F)
CODOVER 138 KV  COD-WNE1,CODOVER_138 KV_COD-WNE1:ACTUAL,WNEWPHIL 138KV - CODOVER 138KV (CODOVER 138 KV COD-WNE1) BASE
LINCOLN369 KV   LIN-SMIL,LINCOLN3_69 KV_LIN-SMIL:L69.Sherman-Vineland.0761,SMILLVIL 69KV - LINCOLN3 69KV (LINCOLN3 69 KV LIN-SMIL) L69.Sherman-Vineland.0761
CASHCNDP230 KV 2135B,CASHCNDP_230 KV_2135B:L500.Dooms-Cunningham.534,CASHCNDP 230KV - HOLLYMD 230KV (CASHCNDP 230 KV 2135B) L500.Dooms-Cunningham.534
NPHILADE 230 KV NPHILADE-WANEETA 220-49,WANEETA_230 KV_WAN-WAY8:L500.HopeCreek-RedLion.5015,NPHILADE-WANEETA 220-49     B  230 KV (NUKE) L500.HopeCreek-RedLion.5015
LAUREL 69 KV LAUREL-WOODSTOW 0740,LAUREL_69 KV_LAU-ROA:L69.Laurel-Woodstown.0740,SHIELDAL69 KV   SHI-VIN Laurel-Woodstown (0740) 69 kV line
SHERMAN 69 KV SHERMAN-VINELAND,SHERMAN_69 KV_SHE-VIN:L230.Cumberland-Orchard.2314,VINELAND 69KV - SHERMAN 69KV (SHERMAN 69 KV SHE-VIN) L230.Cumberland-Orchard.2314
CEDARSUB230 KV  CED-CEDF,CEDARSUB_230 KV_CED-CEDF:ACTUAL,CEDARSUB 230KV - CEDARGRO 230KV (CEDARSUB 230 KV CED-CEDF) Bergen.CC1
BEAR CRK69 KV   XFMR,BEAR CRK_69 KV_XFMR:ACTUAL,BEAR CRK 35KV - BEAR CRK 69KV (BEAR CRK 69 KV XFMR) BASE
DOEX530 345 KV  DOE-PIE2,DOEX530_345 KV_DOE-PIE2:L765.Maliszewski-Marysville,DOEX530 345KV - PIERCE 345KV (DOEX530 345 KV DOE-PIE2) L765.Maliszewski-Marysville
GRANDPT 138 KV GRANDPOI-LETTERKE GRP-RX/R,GRANDPT_138 KV_GRA-GUI:230/115.Lewistown.T3,GRANDPT 138KV - LETTERKE 138KV (GRANDPT 138 KV GRA-LET) 230/115.Lewistown.T3
KERRDAM 115 KV  1019A,KERRDAM_115 KV_1019A:ACTUAL,KERRDAM 115KV - PALMERSP 115KV (KERRDAM 115 KV 1019A) L115.Carolina-EatonsFerry-Kerrdam.22
HIGHRIDG-SANDYSPR 2334 A 230 KV,HIGHRIDG_230 KV_HIG-SAN3:500/230.WaughChapel.500-1,SANDYSPG 230KV - HIGHRIDG 230KV (HIGHRIDG 230 KV HIG-SAN3) 500/230.WaughChapel.500-1
BECO    230 KV  BEC-PARA,BECO_230 KV_BEC-PARA:L230.GooseCreek-Ashburn-Beaumeade.227,PARAGNPK 230KV - BECO 230KV (BECO 230 KV BEC-PARA) L230.GooseCreek-Ashburn-Beaumeade.227
EVRGREEN230 KV  EVR-YARD,EVRGREEN_230 KV_EVR-YARD:L230.GooseCreek-Ashburn-Beaumeade.227,EVRGREEN 230KV - YARDRIDG 230KV (EVRGREEN 230 KV EVR-YARD) L230.GooseCreek-Ashburn-Beaumeade.227
DUPSEAFD_69KVDUP-LAU_1_LN,DUPSEAFD_69 KV_DUP-LAU:230/138.PineyGrove.AT20+L230.PinyGrve-IndinR.23002,DUPSEAFD 69KV - LAURELDP 69KV (DUPSEAFD 69 KV DUP-LAU) L230.Steele-Vienna.23085 & 230/138.Vienna.AT20
ALABAMA 230 KV  1T,ALABAMA_230 KV_1T:ACTUAL,ALABAMA 230KV - ALABAMA 13KV (ALABAMA 230 KV 1T) BASE
14405_138KV144054_1_LN,14405_138 KV_14405 4:ACTUAL,951 AURO 138KV - 14405 138KV (14405 138 KV 14405 1) BASE
BED-BLA CONTINGENCY 71,BEDINGTO_500 KV_BED-BLA_CES:L500.Conemaugh-Hunterstown.5006,BED-BLA contingency 71 L500.Conemaugh-Vinco.5006
COLLINSF 138 KV COLLINSF-OSAGE,COLLINSF_138 KV_COL-OSA:ACTUAL,OSAGE 138KV - COLLINSF 138KV (COLLINSF 138 KV COL-OSA) BASE
LAFAYETTECAT - LAFAYETTE 138 KV L/O WESTWOOD - WEST LAFAYETTE 138KV,LAFAYSOU_138 KV_LAF-SHA:Westwood-08NW_Tap-WLafyett 138,Northwest Tap - Purdue 138 kV l/o Westwood - W Lafayette 138 kV Westwood-08NW_Tap-WLafyett 138
85_SKOKI_138KV88093_1_LN,85 SKOKI_138 KV_8809 3:ACTUAL,8809 138KV - 85 SKOKI 138KV (85 SKOKI 138 KV 8809 3) BASE
STAFFORD 230 KV 2104B,STAFFORD_230 KV_2104B:L500.Midlothian-NorthAnna.576,CRANESCR 230KV - STAFFORD 230KV (STAFFORD 230 KV 2104B) L500.Midlothian-NorthAnna.576
FEAGANSM_138KVFEA-STO_1_LN,FEAGANSM_138 KV_FEA-STO:L500.Loudoun-Meadowbrook.5535,STONEWAL 138KV - FEAGANSM 138KV (FEAGANSM 138 KV FEA-STO) L500.Loudoun-Meadowbrook.5535
FIFTHAVE138 KV  FIF-HES1,FIFTHAVE_138 KV_FIF-HES1:ACTUAL,FIFTHAVE 138KV - HESS 138KV (FIFTHAVE 138 KV FIF-HES1) L138.Roberts-WestCampus
ROXBURY 115 KV ROXBURY-SHADEGAP KR 1075,SHADEGAP_115 KV_SHA-THR:L230.Lewistown-Juniata,ROXBURY-SHADEGAP KR 1075    B  115 KV Lewistown-Juniata 230 kV line
PLYMOUTH_230KVPLY-WHI3_1_LN,PLYMOUTH_230 KV_PLY-WHI3:WHITPAIN-PLYMOUTH MEETING 220-15,WHITPAIN 230KV - PLYMOUTH 230KV (PLYMOUTH 230 KV PLY-WHI3) L230.Whitpain-PlymouthMeeting.220-15
BOXWOOD 138 KV  BOX-REU1,BOXWOOD_138 KV_BOX-REU1:L500.BrunswickSwitchingStationHeritage-Wake.570,REUSENS 138KV - BOXWOOD 138KV (BOXWOOD 138 KV BOX-REU1) L500.BrunswickSwitchingStationHeritage-Wake.570
KANAWHAR 138 KV KANAWHAR-KINCAIDA,KANAWHAR_138 KV_KAN-KIN1:Culloden - Wyoming 765,KANAWHAR 138KV - KINCAIDA 138KV (KANAWHAR 138 KV KAN-KIN1) L765.Culloden-Wyoming
HOMERCIT 230 KV HOMERCIT-SHELOCTA KHC 2014,HOMERCIT_230 KV_HOM-SHE:500/230.Conemaugh.TX3,SHELOCTA 230KV - HOMERCIT 230KV (HOMERCIT 230 KV HOM-SHE) 500/230.Conemaugh.TX3
GLENDON_115KVGLE-HOS_1_LN,GLENDON_115 KV_GLE-HOS:DBL:230/115.Northwood.6Bank+230/115.Portland.3Bank,HOSENSME 115KV - GLENDON 115KV (GLENDON 115 KV GLE-HOS) 230/115.Northwood.6Bank
BERYL   138 KV  BER-CRS,BERYL_138 KV_BER-CRS:ACTUAL,BERYL 138KV - CROSSSCH 138KV (BERYL 138 KV BER-CRS) L500.BlackOak-Hatfield
HEATERS 138 KV HEATERS-SUTTON 52,HEATERS_138 KV_HEA-SUT:L500.Cloverdale-Lexington.566,HEATERS 138KV - SUTTON 138KV (HEATERS 138 KV HEA-SUT) L500.Cloverdale-Lexington.566
BULLRUN 230 KV  TX3,BULLRUN_230 KV_TX3:ACTUAL,BULLRUN 230KV - BULLRUN 115KV (BULLRUN 230 KV TX3) BASE
TARBORO5115 KV  55B1,TARBORO5_115 KV_55B1:ACTUAL,MORSBGDP 115KV - TARBORO5 115KV (TARBORO5 115 KV 55B1) BASE
SHADEGAP115 KV SHA-THR,SHADEGAP_115 KV_SHA-THR:L230.Altoona-Raystown.2001,THREESPR 115KV - SHADEGAP 115KV (SHADEGAP 115 KV SHA-THR) L230.Altoona-Raystown.2001
ROCKTONM 115 KV ROCKTONM-SHAWVILL SD 1076,SHAWVILL_230 KV_BNK 1A-P:L115.Dubois-RocktonMtn-Shawville.1076,ROCKTONM-SHAWVILL SD 1076   B  115 KV SHAWVILLE-ELKO 230 LINE
BLOOMSBU69 KV   BLO-COL2,HARWOOD_230 KV_HAR-SUS2:Harwood-Susquehanna.1 + 230/69.Harwood.T5,BLOOMSBU69 KV   BLO-COL2 L230.Harwood-Susquehanna.1
EDGEWATE 138 KV EDGEWATE-VASCOTAP SH-LH,EDGEWATE_138 KV_EDG-VAS:L500.Cabot-Keystone.5002,VASCOTAP 138KV - EDGEWATE 138KV (EDGEWATE 138 KV EDG-VAS) L500.Cabot-Keystone.5002
EDINBUR4138 KV  TX4,EDINBUR4_138 KV_TX4:L500 Chickahominy-Elmont.557A(Sctnlz),EDINBUR4 115KV - EDINBUR4 138KV (EDINBUR4 138 KV TX4) L500 Chickahominy-Elmont.557A(Sctnlz)
CENTECIN69 KV   CEN-RIC,CENTECIN_69 KV_CEN-RIC:Jefferson-Rockport 765+Rockport Unit 1,CENTECIN 69KV - RICHMOPK 69KV (CENTECIN 69 KV CEN-RIC) Jefferson-Rockport 765+Rockport Unit 1
HUNTERST115 KV  HUN-OXF,HUNTERST_115 KV_HUN-OXF:L500.Hunterstown-Conastone.5013,HUNTERST 115KV - OXFORD 115KV (HUNTERST 115 KV HUN-OXF) L500.Hunterstown-Conastone.5013
BULLRUN 230 KV  295C,BULLRUN_230 KV_295C:L230.Brambleton-PolandRoad.2183,ELKLCKDP 230KV - BULLRUN 230KV (BULLRUN 230 KV 295C) L230.Brambleton-PolandRoad.2183
BELFAST 115 KV BELFAST-NORTHWOO 951,NORTHWOO_115 KV_NOR-NOR4:L230.MartinsCreek-MorrisPark-Gilbert.P-2016,BELFAST 115 KV  BEL-NOR L230.MartinsCreek-MorrisPark-Gilbert.P-2016
BRAMBLET500 KV  TX1,BRAMBLET_500 KV_TX1:500/230.PleasantView.T3,BRAMBLET 500KV - BRAMBLET 230KV (BRAMBLET 500 KV TX1) 500/230.PleasantView.T3
MARDELA-VIENNA 6708-1 A 69 KV,MARDELA_69 KV_MAR-VIE:L230.Cartanza-Milford.23033,VIENNA 69KV - MARDELA 69KV (MARDELA 69 KV MAR-VIE) L230.Cartanza-Milford.23033
MIAMIFOR138 KV MIA-HEB,MIAMIFOR_138 KV_MIA-HEB:138/69.MiamiFort.T17,MIAMIFOR 138KV - HEBRON1 138KV (MIAMIFOR 138 KV MIA-HEB) 138/69.MiamiFort.T17
OX4 500 KV OX4 TX2 XFORMER,OX4_500 KV_TX2:L500.Possum Point-Ox.571,OX4 500KV - OX4 230KV (OX4 500 KV TX2) L500.Possum Point-Ox.571
AQUASCO 230 KV AQUASCO -CHALKPT AQU-CHA1,AQUASCO_230 KV_AQU-CHA1:L500.BurchesHill-Cheltenham.5071,CHALKPT 230KV - AQUASCO 230KV (AQUASCO 230 KV AQU-CHA1) L500.BurchesHill-Cheltenham.5071
MARDELA_69KVMAR-VIE_1_LN,MARDELA_69 KV_MAR-VIE:ACTUAL,VIENNA 69KV - MARDELA 69KV (MARDELA 69 KV MAR-VIE) 138/69.Loretto.AT1&2
BLACKLIC138 KV  BLA-GAH1,BLACKLIC_138 KV_BLA-GAH1:L345.Babbitt-Kirk,GAHANNA 138KV - BLACKLIC 138KV (BLACKLIC 138 KV BLA-GAH1) L345.Babbitt-Kirk
ERIEW 115 KV ERIEW-FAIRVIEW EWFE 998,ERIEW_115 KV_ERI-FAI:L345.ErieWest-Wayne.3004,ERIEW-FAIRVIEW EWFE 998     A  115 KV L345.ErieSouth-ErieWest.3001
ETOWANDA_230KVETO-HIL_1_LN,ETOWANDA_230 KV_ETO-HIL:L500.Conastone-PeachBottom.5012,ETOWANDA 230KV - HILLSIDE 230KV (ETOWANDA 230 KV ETO-HIL) L500.Conastone-PeachBottom.5012
KENOVA  138 KV  KEN-SPO1,KENOVA_138 KV_KEN-SPO1:765/138.NorthProctorville.T2,KENOVA 138KV - SPOINT 138KV (KENOVA 138 KV KEN-SPO1) 765/138.NorthProctorville.T2
GERMANTO_115KVGER-STR_1_LN,GERMANTO_115 KV_GER-STR:L500.Brighton-Conastone,STRABAN 115KV - GERMANTO 115KV (GERMANTO 115 KV GER-STR) L500.Brighton-Conastone.5011
SKIMMER 115 KV SKIMMER 2 XFORMER,SKIMMER_115 KV_2:L765.Cloverdale-JoshuaFalls,SKIMMER 115KV - SKIMMER 69KV (SKIMMER 115 KV 2) L765.Cloverdale-JoshuaFalls
DICKERSH_230KVDIC-QUI4_1_LN,DICKERSH_230 KV_DIC-DIC4:L500.Doubs-GooseCreek.514,DICKERSH 230KV - QUINCEOR 230KV (DICKERSH 230 KV DIC-QUI4) L500.Doubs-GooseCreek.514
SUTTON 138 KV SUT-SUT,SUTTON_138 KV_SUT-SUT:L500.Cloverdale-Lexington.566,HEATERS 138KV - SUTTON 138KV (HEATERS 138 KV HEA-SUT) L500.Cloverdale-Lexington.566
MILLBROO138 KV  MIL-SIN1,MILLBROO_138 KV_MIL-SIN1:L345.OhioCentral-MuskingumRiver,MILLBROO 138KV - SINKINGS 138KV (MILLBROO 138 KV MIL-SIN1) L345.OhioCentral-MuskingumRiver
LORETTO_138KVLOR-VIE_1_LN,LORETTO_138 KV_LOR-VIE:ACTUAL,VIENNA 138KV - LORETTO 138KV (LORETTO 138 KV LOR-VIE) DBL:Vienna8andVienna.AT1.138/69KV
SHELOCTA 230 KV SHELOCTA NO2 XFORMER,SHELOCTA_230 KV_NO2:500/230.Conemaugh.TX3,SHELOCTA 230KV - SHELOCTA 115KV (SHELOCTA 230 KV NO2) 500/230.Conemaugh.TX3
FARMVILL230 KV  TX5,FARMVILL_230 KV_TX5:L230.Bremo-ForkUnion.2193,FARMVILL 230KV - FARMVILL 115KV (FARMVILL 230 KV TX5) L230.Bremo-ForkUnion.2193
GEORGEWA 138 KV GEORGEWA-KAMMER2,GEORGEWA_138 KV_GEO-KAM:345/138.Holloway.TR1,KAMMER2 138KV - GEORGEWA 138KV (GEORGEWA 138 KV GEO-KAM) 345/138.Holloway.TR1
CENTRVIL_138KVCEN-LAK_1_LN,CENTRVIL_138 KV_CEN-LAK:L765.Cloverdale-JoshuaFalls,LKFOREST 138KV - CENTRVIL 138KV (CENTRVIL 138 KV CEN-LAK) L765.Cloverdale-JoshuaFalls
DELA PE 69 KV   DEL-SWA,DELA PE_69 KV_DEL-SWA:L500.Keeney-RockSprings.5025,DELA PE 69KV - SWARK 69KV (DELA PE 69 KV DEL-SWA) L500.Keeney-RockSprings.5025
BEATTY  138 KV  BEA-WIL1,BEATTY_138 KV_BEA-WIL1:L765.Maliszewski-Marysville,BEATTY 138KV - WILSONCS 138KV (BEATTY 138 KV BEA-WIL1) L765.Maliszewski-Marysville
BOXWOOD 138 KV  BOX-REU1,BOXWOOD_138 KV_BOX-REU1:ACTUAL,REUSENS 138KV - BOXWOOD 138KV (BOXWOOD 138 KV BOX-REU1) L500.Cloverdale-Lexington.566
02LORAIN_138KV02L-FOW_1_LN,02LORAIN_138 KV_02L-FOW:L345.Avonlake-Juniper,02LORAIN 138KV - 02FOWLES 138KV (02LORAIN 138 KV 02L-FOW) L345.Avonlake-Juniper
SAMSHEAD115 KV  126B,SAMSHEAD_115 KV_126B:L230.Everetts-Greenville.218 [CPL],SAMSHEAD 115KV - KELFORD 115KV (SAMSHEAD 115 KV 126B) L230.Everetts-Greenville.218 [CPL]
LIMERICK 500 KV LIMERICK LIM 4A-P XFORMER,LIMERICK_230 KV_LIM 4A-S:L500.Limerick-Whitpain.5031+500/230.Whitpain.500-2,LIMERICK 500KV - LIMERICK 1KV (LIMERICK 500 KV LIM 4A-P) L500.Limerick-Whitpain.5031+500/230.Whitpain.500-2
MACNEW_T115 KV  MAC-WIL,MACNEW_T_115 KV_MAC-WIL:L500.Hopatcong-Lackawanna.5063,MACNEW_T 115KV - WMPOTTER 115KV (MACNEW_T 115 KV MAC-WIL) L500.Hopatcong-Lackawanna.5063
DICKERSH230 KV  DIC-DOU2,DICKERSH_230 KV_DIC-DOU2:230/35.Aqueduct.T1,DOUBS 230KV - DICKERSH 230KV (DICKERSH 230 KV DIC-DOU2) 230/35.Aqueduct.T1
BEDINGTO 138 KV BEDINGTO-SHEPHERDS BMVI,BEDINGTO_138 KV_BED-MAR:L500.Bedington-Doubs,BEDINGTO 500KV - BEDINGTO 138KV (BEDINGTO 500 KV TRAN  2) L500.Bedington-Doubs.520
CARSON4 500 KV CARSON4 TX1H XFORMER,CARSON4_500 KV_TX1H:L500.Carson-Septa.562,CARSON4 500KV - CARSON4 230KV (CARSON4 500 KV TX1H) L500.Carson-Septa.562
HENRIETA 138 KV HENRIETA-BEAVER BEA-HEN1,HENRIETA_138 KV_BEA-HEN1:L345.Beaver-LakeAvenue.1,BEAVER 138KV - HENRIETA 138KV (HENRIETA 138 KV BEA-HEN1) L345.Beaver-LakeAvenue.1
RITCHIE 230 KV  RIT-WATE,RITCHIE_230 KV_RIT-WATE:ACTUAL,RITCHIE 230KV - WATERFRO 230KV (RITCHIE 230 KV RIT-WATE) BASE
ERIES_T2_345NO8TX_XF,ERIES_345 KV_NO8 TX:L230.Forest-Glade,ERIES 345KV - ERIES 230KV (ERIES 345 KV NO8 TX) L230.Forest-Glade
CLAYMONT_69KVCLA-NAA_1_LN,CLAYMONT_69 KV_CLA-NAA:500/230.Keeney.AT50,NAAMANS 69KV - CLAYMONT 69KV (CLAYMONT 69 KV CLA-NAA) L500.Keeney-RockSprings.5025
114 NORT 138 KV 114 NORT-110 DEVO 11416 1,110 DEVO 138-114 NORT 138,110 DEVO 138KV - 114 NORT 138KV (114 NORT 138 KV 11416 1) BASE
FRACKVIL_69KVFRA-SHE2_1_LN,FRACKVIL_69 KV_FRA-SHE2:ACTUAL,FRACKVIL 69KV - SHENAND 69KV (FRACKVIL 69 KV FRA-SHE2) BASE
REDEYE  138 KV  RED-SMIT,REDEYE_138 KV_RED-SMIT:L765.Cloverdale-JoshuaFalls,SMITHMOU 138KV - REDEYE 138KV (REDEYE 138 KV RED-SMIT) L765.Cloverdale-JoshuaFalls
FACEROCK_T2_1152_XF,STIFFIN_138 KV_T2 XF:ACTUAL,TRENTON2138 KV  TRE-HUT1 DUMONT 765-345KV T2 XF
10THST_138KV10T-BUZ6_1_LN,10THST_138 KV_10T-BUZ6:ACTUAL,BUZZARD 138KV - 10THST 138KV (10THST 138 KV 10T-BUZ6) BASE
EDGEWATE 138 KV EDGEWATE-VASCOTAP SH-LH,EDGEWATE_138 KV_EDG-VAS:500/138.Yukon.TR7,VASCOTAP 138KV - EDGEWATE 138KV (EDGEWATE 138 KV EDG-VAS) 500/138.Yukon.TR7
12 DRESDEN 38TR83 CT L 1 KV,12 DRESD_138 KV_TR83CT-S:Dresden-Elwood 1222 345 kV line,12 DRESD 345KV - 12 DRESD 1KV (12 DRESD 345 KV TR83CT-P) L345.12 Dresden-900 Elwood.1222
MONR AE 230 KV MONR AE-NEWFREED R-2244,MONR AE_230 KV_MON-NEW:500/230.Orchard.T1,NEWFREED 230KV - MONR AE 230KV (MONR AE 230 KV MON-NEW) 500/230.Orchard.T1
ETOWANDA-NMESHOPP ETL 1057 B 115 KV,NMESHOPP_230 KV_#3 TX:L230.EastTowanda-Canyon-NMeshoppen + 230/115.NM.T4,ETOWANDA 115KV - NMESHOPP 115KV (ETOWANDA 115 KV ETO-NME) L230.EastTowanda-Canyon-NMeshoppen + 230/115.NM.T4
DUBOIS  115 KV  DUB-HAR,DUBOIS_115 KV_DUB-HAR:L230.Forest-SquabHollow,DUBOIS 115KV - HARVEYRN 115KV (DUBOIS 115 KV DUB-HAR) L230.Forest-SquabHollow
MORGANTO230 KV  T1,MORGANTO_230 KV_T1:ACTUAL,MORGANTO 230KV - MORGANTO 69KV (MORGANTO 230 KV T1) BASE
HOMERCIT345 KV  TR4_N,HOMERCIT_345 KV_TR4_N:L345.Ashtabula-ErieWest,HOMERCIT 230KV - HOMERCIT 345KV (HOMERCIT 345 KV TR4_N) L345.Ashtabula-ErieWest
BETHEL-RIVERTON RLU B 138 KV,BETHEL_138 KV_BET-RIVU:L500.Loudoun-Meadowbrook.5535,RIVERTON 138KV - BETHEL 138KV (BETHEL 138 KV BET-RIVU) L500.Loudoun-Meadowbrook.5535
SHENANGO_138KVSHE-CRO2_1_LN,SHENANGO_138 KV_SHE-CRO2:345/138.Hoytdale.T1,SHENANGO 138KV - CROSSFE 138KV (SHENANGO 138 KV SHE-CRO2) 345/138.Hoytdale.T1
VIENNA_VIE13813710_1_LN,SHARP_69 KV_SHA-VIE:L230.IndianRiver-Milford.23034,VIENNA_VIE13813710_1_LN L230.IndianRiver-Milford.23034
BEDINGTO 138 KV BEDINGTO-HARMOJCT BEM,HARMOJCT_138 KV_HAR-MAR:BEDINGTO-MARLOWE BMR (APS),ANTRIM  138 KV  ANT-REI BEDINGTO-HARMOJCT-MARLOWE-CHERRYRN (APS)
127 MATT 138 KV 127 MATT-6604 6604 2,127 MATT_138 KV_6604 2:L345.UniversityParkNorth-Olive.97008,6604 138KV - 127 MATT 138KV (127 MATT 138 KV 6604 2) L345.UniversityParkNorth-Olive.97008
KELFORD 115 KV  126A,KELFORD_115 KV_126A:L230.Everetts-Greenville.218 [CPL],KELFORD 115KV - EARLEYS 115KV (KELFORD 115 KV 126A) L230.Everetts-Greenville.218 [CPL]
BURMA_T1_138T1_XF,BURMA_138 KV_T1:L230.Glade-Warren.2088,BURMA 138KV - BURMA 115KV (BURMA 138 KV T1) L230.Glade-Warren.2088
ALABAMA 230 KV ALABAMA-PALMERS 23088,ALABAMA_230 KV_ALA-PAL9:ACTUAL,BUZZARD 230 KV  BUZ-RIT Palmers Corner-Alabama Avenue (23088) 230 kV line
WAKRON  138 KV  WAK-BAB1,WAKRON_138 KV_WAK-BAB1:L345.Hanna-Juniper,BABB 138KV - WAKRON 138KV (WAKRON 138 KV WAK-BAB1) L345.Hanna-Juniper
BEDINGTON - BLACK OAK REACTIVE TRANSFER INTERFACE,Black Oak - Bedington Interface:L500.Hunterstown-Vinco.5068,TRANSFER INTERFACE: APSOUTH L500.Loudoun-Meadowbrook.5535
PANTEGO 115 KV  PAN-TERR,PANTEGO_115 KV_PAN-TERR:L500.BrunswickSwitchingStationHeritage-Wake.570,TERRA 115KV - PANTEGO 115KV (PANTEGO 115 KV PAN-TERR) L500.BrunswickSwitchingStationHeritage-Wake.570
ASHTABUL138 KV  ASH-04S1,ASHTABUL_138 KV_ASH-04S1:L345.LeroyCenter-Perry,ASHTABUL 138KV - SANBORN 138KV (ASHTABUL 138 KV ASH-04S1) L345.LeroyCenter-Perry
BETHEL-RIVERTON RLU B 138 KV,BETHEL_138 KV_BET-PAG:500/138.MeadowBrook.T2&T4 (Sctnlz F),RIVERTON 138KV - BETHEL 138KV (BETHEL 138 KV BET-RIVU) L138.Meadowbrook-Strasburg + Strasburg.Cap
BROADFO2138 KV  BRO-SAL1,BROADFO2_138 KV_BRO-SAL1:L138.Broadford-Smyth-Atkins,BROADFO2138 KV  BRO-SAL2 L138.Broadford-Smyth-Atkins
BARRCKRD_230KV233B1_1_LN,BARRCKRD_230 KV_233B1:L500.Elmont-Cunningham.553,BARRCKRD 230KV - HYDROAD 230KV (BARRCKRD 230 KV 233B1) L500.Elmont-Cunningham.553
NAGELAEP_138KVNAG-WKI1_1_LN,NAGELAEP_138 KV_NAG-WKI1:ACTUAL,NAGELAEP 138KV - WKINGSPO 138KV (NAGELAEP 138 KV NAG-WKI1) L765.Culloden-Wyoming
EDINBUR4_138KVEDI-STR_1_LN,EDINBUR4_138 KV_EDI-STR:L500.Mt Storm-Valley.550,EDINBUR4 138KV - STRASBUR 138KV (EDINBUR4 138 KV EDI-STR) L500.MtStorm-Valley.550
HILLSBOR138 KV  HIL-SIN1,HILLSBOR_138 KV_HIL-SIN1:L138.BigSandy-Inez,SINKINGS 138KV - HILLSBOR 138KV (HILLSBOR 138 KV HIL-SIN1) L138.BigSandy-Inez
TILTONS2 138 KV TILTONSVILLE-WINDSOR APS,TILTONS2_138 KV_TIL-WIN:L345.Tidd-Collier,TILTONS2 138KV - WIND APS 138KV (TILTONS2 138 KV TIL-WIN) L345.Tidd-Collier.301
SMITHST_115KVSMI-ZIO_1_LN,SMITHST_115 KV_SMI-ZIO:L500.Conastone-PeachBottom.5012,ZIONSVIE 115KV - SMITHST 115KV (SMITHST 115 KV SMI-ZIO) L500.Conastone-PeachBottom.5012
LINCOLN_115KVLIN-RILE_1_LN,LINCOLN_115 KV_LIN-RILE:ACTUAL,RILEY 115KV - LINCOLN 115KV (LINCOLN 115 KV LIN-RILE) BASE
IDYLWOO4 230 KV IDYLWOO4-CLARK4 202A,IDYLWOO4_230 KV_202A:L500.Brambleton-Mosby.590A,IDYLWOO4 230KV - CLARK4 230KV (IDYLWOO4 230 KV 202A) L230.Brambleton-Belmont.201
NEWCOMER138 KV  NEW-SCO,NEWCOMER_138 KV_NEW-SCO:L765.Kammer-Belmont-Mountaineer+765/500.Belmont.T5,SCOSHOCT 138KV - NEWCOMER 138KV (NEWCOMER 138 KV NEW-SCO) L765.Kammer-Belmont-Mountaineer+765/500.Belmont.T5
JUNIATA_T4_5002_XF,JUNIATA_500 KV_2:L500.Conastone-PeachBottom.5012,JUNIATA 230KV - DAUPHIN 230KV (DAUPHIN 230 KV DAU-JUN) L500.Conastone-PeachBottom.5012
GUARDIAN138 KV  GUA-TWI1,GUARDIAN_138 KV_GUA-TWI1:ACTUAL,TWINBRAN 138KV - GUARDIAN 138KV (GUARDIAN 138 KV GUA-TWI1) BASE
OTTERRIV_115KV31A_1_LN,OTTERRIV_115 KV_31A:L500.Dooms-Lexington.555,OTTERRIV 115KV - ALTAVSTA 115KV (OTTERRIV 115 KV 31A) L500.Dooms-Lexington.555
LINCOLN 115 KV  LIN-ORRT,LINCOLN_115 KV_LIN-ORRT:L500.Brighton-Conastone.5011,ORRTANNA 115KV - LINCOLN 115KV (LINCOLN 115 KV LIN-ORRT) L500.Brighton-Conastone.5011
COPPERST230 KV  COP-HUM,COPPERST_230 KV_COP-HUM:230/69.SouthLebanon.T1,COPPERST 230KV - HUMMELST 230KV (COPPERST 230 KV COP-HUM) 230/69.SouthLebanon.T1
BLACKOAK_138KVBLA-JUN_1_LN,BLACKOAK_138 KV_BLA-JUN:L500.Bedington-Black Oak,BLACKOAK 138KV - JUNCTION 138KV (BLACKOAK 138 KV BLA-JUN) L500.Bedington-BlackOak
FRDRKSBG230 KV  2083A,FRDRKSBG_230 KV_2083A:L500.Midlothian-NorthAnna.576,FRDRKSBG 230KV - BIRCHWD 230KV (FRDRKSBG 230 KV 2083A) L500.Midlothian-NorthAnna.576
SANDHIL2_138KVSAN-WAY_1_LN,SANDHIL2_138 KV_SAN-WAY:L138.Kammer-BigGrave-Aston,SANDHIL2 138KV - WAYMAN 138KV (SANDHIL2 138 KV SAN-WAY) L138.Kammer-BigGrave-Aston
MADDOXCR_345KVMAD-RPM_1_LN,MADDOXCR_345 KV_MAD-RPM:Marysville-Sorenson 765 kV,RPMONE 345KV - MADDOXCR 345KV (MADDOXCR 345 KV MAD-RPM) L765.Marysville-Sorenson
WOLFHILL_138KVWOL-CON1_1_LN,OHIOCENT_138 KV_OHI-CON1:ACTUAL,CONSTELL 138KV - WOLFHILL 138KV (WOLFHILL 138 KV WOL-CON1) BASE
COOPER 115 KV COOPER-SEWARD HT 1069,COOPER_115 KV_COO-ROS:L230.Johnstown-Seward.2018,SEWARD 115KV - COOPER 115KV (COOPER 115 KV COO-SEW) L230.HomerCity-Johnstown
BAYS 138 KV BAY-WOL,BAYS_138 KV_BAY-WOL:L765.Kammer-Belmont-Mountaineer+765/500.Belmont.T5,BAYS 138KV - WOLFRUN 138KV (BAYS 138 KV BAY-WOL) L765.Kammer-Belmont-Mountaineer+765/500.Belmont.T5
ALLLUD4J 138 KV ALLLUD4J-ALLDAM6 ALJ-ALL,ALLLUD4J_138 KV_ALJ-ALL:L345.HandsomeLake-Wayne,ALLLUD4J 138KV - ALLDAM6 138KV (ALLLUD4J 138 KV ALJ-ALL) L345.HandsomeLake-Wayne
DUBOIS  115 KV  DUB-ROC,DUBOIS_115 KV_DUB-ROC:ACTUAL,ROCKTONM 115KV - DUBOIS 115KV (DUBOIS 115 KV DUB-ROC) L230.Forest-SquabHollow
LEGENDT 138 KV  LEG-TORR,LORETTO_138 KV_LOR-VIE:ACTUAL,TORREY 138KV - LEGENDT 138KV (LEGENDT 138 KV LEG-TORR) BASE
DUBOIS  115 KV  DUB-ROC,DUBOIS_115 KV_DUB-ROC:L345.ErieSouth-ErieWest.3001,ROCKTONM 115KV - DUBOIS 115KV (DUBOIS 115 KV DUB-ROC) L345.ErieSouth-ErieWest.3001
FRANKLI2138 KV  FRA-THO1,FRANKLI2_138 KV_FRA-THO1:L765.JacksonsFerry-Cloverdale + 138CB.JF.L,THORNTON 138KV - FRANKLI2 138KV (FRANKLI2 138 KV FRA-THO1) L765.JacksonsFerry-Cloverdale + Relay.Fail
MALISZEW_138KVMAL-GEN1_1_LN,MALISZEW_765 KV_1:765/345.Marysville.T2,MALISZEW 138KV - GENOA 138KV (MALISZEW 138 KV MAL-GEN1) 765/345.Marysville.T2
DOOMS4 500 KV DOOMS4 TX9 XFORMER,DOOMS4 500 KV TX9 553 LINE: ELMONT-CUNNINGHAM ELMONT TX#2,DOOMS4   TX9      XFORMER   H  500 KV L500.Elmont-Cunningham.553
CENTER-WESTPORT 110552 A 115 KV,WINDYEDG_115 KV_581SD:L230.BrndnShrs-RvrSde.2344 + 230/115.RvrSide.230-1,WESTPORT 115KV - CENTER 115KV (CENTER 115 KV CEN-WES2) L230.BrndnShrs-RvrSde.2344 + 230/115.RvrSide.230-1
ALTAVSTA 138 KV ALTAVSTA TX3 XFORMER,ALTAVSTA_138 KV_TX3:L765.Cloverdale-JoshuaFalls,ALTAVSTA 115KV - ALTAVSTA 138KV (ALTAVSTA 138 KV TX3) L765.Cloverdale-JoshuaFalls
HEBRON 69 KV HEBRON-MARDELA 6708-2,HEBRON_69 KV_HEB-MAR:138/69.Loretto.AT1&2,MARDELA 69KV - HEBRON 69KV (HEBRON 69 KV HEB-MAR) 138/69.Loretto.AT1&2
ROCKWOOD_115KVROC-SOM_1_LN,ROCKWOOD_115 KV_ROC-SOM:345/138.Ashtabula.TR4 & Seneca#1 Pump,SOME PN 115KV - ROCKWOOD 115KV (ROCKWOOD 115 KV ROC-SOM) 345/138.Ashtabula.TR4 & Seneca#1 Pump
JUNIATA 2 XFORMER H 500 KV,JUNIATA_500 KV_2:L500.Hunterstown-Conastone.5013,JUNIATA 500KV - JUNIATA 230KV (JUNIATA 500 KV 2) L500.Hunterstown-Conastone.5013
BOONETWN_230KVBOO-SRE_1_LN,BOONETWN_230 KV_BOO-SRE:TEMP:500/230.Lauschtown T3 + 5012,BOONETWN 230KV - SREADING 230KV (BOONETWN 230 KV BOO-SRE) TEMP:500/230.Lauschtown T3 + 5012
REMNTNCT230 KV  TX9,REMNTNCT_230 KV_TX9:L230.Remington-RemingtonCT.2077,REMNTNCT 230KV - REMNTNCT 115KV (REMNTNCT 230 KV TX9) L230.Remington-RemingtonCT.2077
CEDARCRE230 KV  CED-SIL,CEDARCRE_230 KV_CED-SIL:L230.Milford-Steele.23076,SILVERUN 230KV - CEDARCRE 230KV (CEDARCRE 230 KV CED-SIL) L230.Milford-Steele.23076
0901 138 KV 0901 LINE 38L0901 2,901_138 KV_0901 2:ACTUAL,0901    138 KV  0901 2 345L1222 12_Dresden-900_Elwood 345 kV Line
GREYSPT 115 KV  GRE-HARM,GREYSPT_115 KV_GRE-HARM:L500 Chickahominy-Elmont.557A(Sctnlz),HARMONYV 115KV - GREYSPT 115KV (GREYSPT 115 KV GRE-HARM) L500 Chickahominy-Elmont.557A(Sctnlz)
50045005 55,50045005 55 RAS.500/230.PeachBottom.T1 + MuddyRun.U5-8,50045005 55 RAS.500/230.PeachBottom.T1 + MuddyRun.U5-8
LEONKP 69 KV LEO-LEO1,LEONKP_69 KV_LEO-LEO1:ACTUAL,LEONKP 69KV - LEON_EKP 69KV (LEONKP 69 KV LEO-LEO1) BASE
1607 138 KV 1607 5,1607_138 KV_1607 5:345/138.16Waukegan.TR83,1607    138 KV  1607 5 345/138.16Waukegan.TR83
BEAUMEAD230 KV  BEA-BUTR,BEAUMEAD_230 KV_BEA-BUTR:L230.EvergreenMills-Brableton.2172,BEAUMEAD 230KV - BUTTRMLK 230KV (BEAUMEAD 230 KV BEA-BUTR) L230.EvergreenMills-Brableton.2172
BLACKWAL230 KV  BLA-EDMO,BLACKWAL_230 KV_BLA-EDMO:L500.BrunswickSwitchingStationHeritage-Wake.570,BLACKWAL 230KV - EDMONSON 230KV (BLACKWAL 230 KV BLA-EDMO) L500.BrunswickSwitchingStationHeritage-Wake.570
20 BRAID 345 KV 20 BRAID-66 E FRN 2001,20 BRAID_345 KV_2001:L345.Bloom-DavisCreek.17907 S,20 BRAID 345KV - 66 E FRN 345KV (20 BRAID 345 KV 2001) L345.Bloom-DavisCreek.17907 S
143 WOLF138 KV BT1-2 CB,12 DRESD_345 KV_TR81CT-P:L345.Lisle-Lockport.10801,143 WOLF 345KV - 143 WOLF 1KV (143 WOLF 345 KV TR81CT-P) L345.Lisle-Lockport.10801
HAYNIE 115 KV HAY-PIN,HAYNIE_115 KV_HAY-PIN:L230.Glade-Warren.2088,PINEY 115KV - HAYNIE 115KV (HAYNIE 115 KV HAY-PIN) L230.Glade-Warren.2088
HARRCOEK138 KV  HAR-RENA,HARRCOEK_138 KV_HAR-RENA:ACTUAL,HARRCOEK 138KV - RENAKER 138KV (HARRCOEK 138 KV HAR-RENA) BASE
MERIDIAN345 KV  MER-TWI1,MERIDIAN_345 KV_MER-TWI1:L765.Maliszewski-Marysville,TWINBRAN 345KV - MERIDIAN 345KV (MERIDIAN 345 KV MER-TWI1) L765.Maliszewski-Marysville
DESOTO  345 KV  .  1,DESOTO_345 KV_DES-FAL1:ACTUAL,FALLCREE 345KV - DESOTO 345KV (DESOTO 345 KV DES-FAL1) L765.Kammer-Belmont-Mountaineer+765/500.Belmont.T5
ELIMA_138KVELI-HAV1_1_LN,ELIMA_138 KV_ELI-HAV1:765/345.Marysville.T2,HAVILAND 138KV - ELIMA 138KV (ELIMA 138 KV ELI-HAV1) 765/345.Marysville.T2
EDMONSON230 KV  EDM-SEDG,EDMONSON_230 KV_EDM-SEDG:L500.BrunswickSwitchingStationHeritage-Wake.570,EDMONSON 230KV - SEDGEHIL 230KV (EDMONSON 230 KV EDM-SEDG) L500.BrunswickSwitchingStationHeritage-Wake.570
KERR45 115 KV KERR45 -KERRDAM 45A,KERR45_115 KV_45A:L500.Cloverdale-Lexington.566,KERR45 115KV - KERRDAM 115KV (KERR45 115 KV 45A) L500.Cloverdale-Lexington.566
MAHANSLA 138 KV MAHANS LANE-TIDD,CARNEGIE_138 KV_CAR-WEI:WEIRTON-MAHANS LANE 138 KV (APS),TIDD_AEP 138KV - MAHANSLA 138KV (MAHANSLA 138 KV MAH-TID) L138.Tidd-Broadacre-EastAmsterdam
BIGPINET_138KVBIG-KIS_1_LN,BIGPINET_138 KV_BIG-KIS:L500.Cabot-Keystone.5002,KISKIVAL 138KV - BIGPINET 138KV (BIGPINET 138 KV BIG-KIS) L500.Conemaugh-Keystone.5003
STURGIS 69 KV STURGIS-HOWE TIE,STURGIS_69 KV_STU-HOW1:L138.Corey-Mottville,HOWE 69KV - STURGIS 69KV (STURGIS 69 KV STU-HOW1) L138.Corey-Mottville
GLASGOW_138KVGLA-KEE_1_LN,GLASGOW_138 KV_GLA-KEE:L230.CedarCreek-SilverRun.23030,KEENEY 138KV - GLASGOW 138KV (GLASGOW 138 KV GLA-KEE) L230.CedarCreek-SilverRun.23030
BRUNOTIS_138KVBRU-FOR_1_LN,BRUNOTIS_138 KV_BRU-FOR:345/138.Carson.T1,BRUNOTIS 138KV - FORBES 138KV (BRUNOTIS 138 KV BRU-FOR) 345/138.Carson.T1
MONEL 138 KV MON-REU1,MONEL_138 KV_MON-REU1:L500.Cloverdale-Lexington.566,MONEL 138KV - REUSENS 138KV (MONEL 138 KV MON-REU1) L500.Cloverdale-Lexington.566
KENOVA 138 KV KENOVA-TRISTATE,KENOVA_138 KV_KEN-TRI1:Actual,KENOVA-TRISTATE             B  138 KV 765/345.Baker.T.100
GARRETAP-GARRETT B 115 KV,GARRETAP_115 KV_GAR-GAR:500/138.Pruntytown.T1 & T2 (Sctnlz F),GARRETAP 115KV - GARRETT 115KV (GARRETAP 115 KV GAR-GAR) 500/138.Pruntytown.T1 & T2 (Sctnlz F)
CARTANZA230 KV  CAR-MIL,CARTANZA_230 KV_CAR-MIL:L230.Milford-Steele.23076,CARTANZA 230KV - MILFORD 230KV (CARTANZA 230 KV CAR-MIL) L230.Milford-Steele.23076
BIGPINET_138KVBIG-GAR_1_LN,BIGPINET_138 KV_BIG-GAR:L500.Keystone-SouthBend.5001(513),BIGPINET 138KV - GARRNJCT 138KV (BIGPINET 138 KV BIG-GAR) L500.Keystone-SouthBend.5001(513)
ERIEW 115 KV ERIEW-FAIRVIEW EWFE 998,ERIEW_115 KV_ERI-FAI:L230.Glade-Warren.2088,ERIEW 115KV - FAIRVIEW 115KV (ERIEW 115 KV ERI-FAI) L230.Glade-Warren.2088
CLIFTON 230 KV CLIFTON -MOOREDP 2063A,CLIFTON_230 KV_2063A:L500.Loudoun-Morrisville.569,CLIFTON 230KV - MOOREDP 230KV (CLIFTON 230 KV 2063A) L500.Loudoun-Morrisville.569
LEESVILL 138 KV LEESVILL-SMITHMOU,LEESVILL_138 KV_LEE-SMI1:L500.Dooms-Lexington.555,SMITHMOU 138KV - LEESVILL 138KV (LEESVILL 138 KV LEE-SMI1) L500.Dooms-Lexington.555
PLEASNTV-ASHBURN 274D A 230 KV,PLEASNTV_230 KV_274D:L500.Clifton-Mosby.559A,PLEASNTV 230KV - ASHBURN 230KV (PLEASNTV 230 KV 274D) L500.Clifton-Mosby.559A
DUBOIS  115 KV  DUB-ROC,DUBOIS_115 KV_DUB-ROC:L230.Glade-Warren.2088,ROCKTONM 115KV - DUBOIS 115KV (DUBOIS 115 KV DUB-ROC) L230.Glade-Warren.2088
KENTN_LG138 KV  KEN-SARD,KENTN_LG_138 KV_KEN-SARD:L345.Spurlock-NorthClark,KENTN_LG 138KV - SARDINIA 138KV (KENTN_LG 138 KV KEN-SARD) L345.Spurlock-NorthClark
BERYL_138KVBER-MTZ_1_LN,BERYL_138 KV_BER-MTZ:ACTUAL,MTZI APS 138KV - BERYL 138KV (BERYL 138 KV BER-MTZ) L500.Brighton-Conastone.5011
CUMB_PL_T3_2302_XF,CUMB PL_230 KV_2:500/230.TMI.T1,JUNIATA 230KV - CUMB PL 230KV (CUMB PL 230 KV CUM-JUN) 500/230.TMI.T1
MIDDLJCT_115KVMID-YOR8_1_LN,MIDDLJCT_115 KV_MID-YOR8:ACTUAL,MIDDLJCT 115KV - YORKHAVE 115KV (MIDDLJCT 115 KV MID-YOR8) L115.MiddletownJct-Collins.975 (Sctnlz)
PLYWOOD_115KV151A_1_LN,PLYWOOD_115 KV_151A:L500.Carson-RogersRoad.585,SEDGEHIL 115KV - PLYWOOD 115KV (PLYWOOD 115 KV 151A) L500.Carson-Midlothian.563
SIEGFRIE 4 XFORMER H 230 KV,SIEGFRIE_230 KV_4:L500.Hopatcong-Lackawanna.5063,SIEGFRIE 230KV - SIEGFRIE 138KV (SIEGFRIE 230 KV 4) L500.Hopatcong-Lackawanna.5063
CHESTNT 115 KV  1001E,CHESTNT_115 KV_1001E:L230.Carolina-Lakeview.2141,CHESTNT 115KV - WHITAKER 115KV (CHESTNT 115 KV 1001E) L230.Carolina-Lakeview.2141
HAYNIE 115 KV HAY-PIN,HAYNIE_115 KV_HAY-PIN:L230.Forest-SquabHollow,PINEY 115KV - HAYNIE 115KV (HAYNIE 115 KV HAY-PIN) L230.Forest-SquabHollow
DOUBS 500 KV DOUBS 500-1 XFORMER,AQUAHAR_230 KV_AQU-GAR1:L500.Doubs-GooseCreek.514,DOUBS 500KV - DOUBS 230KV (DOUBS 500 KV 500-1) L500.Doubs-GooseCreek.514
MIDDLJCT 115 KV MIDDLJCT-YORKHAVE 978-1,MIDDLJCT_230 KV_1 BANK-P:230/115.MiddletownJct.T2,MIDDLJCT 115KV - YORKHAVE 115KV (MIDDLJCT 115 KV MID-YOR8) 230/115.MiddletownJct.T2
BED-BLA CONTINGENCY 41,BED-BLA contingency 23 L500.Mt Storm-Valley.550,TRANSFER INTERFACE: BED-BLA L500.BathCounty-Valley.548
BENTONHA138 KV  BEN-CRY1,BENTONHA_138 KV_BEN-CRY1:RAS.L765.Jefferson-Rockport + Rockport.U2,BENTONHA 138KV - CRYSTAL 138KV (BENTONHA 138 KV BEN-CRY1) RAS.L765.Jefferson-Rockport + Rockport.U2
NPHILOSW_138KVNPH-ZAN1_1_LN,NPHILOSW_138 KV_NPH-ZAN1:L345.OhioCentral-MuskingumRiver,NPHILOSW 138KV - ZANESVIL 138KV (NPHILOSW 138 KV NPH-ZAN1) L345.OhioCentral-MuskingumRiver
OX4 230 KV OX4 -GALLWSRD 2097B,OX4_230 KV_2097B:L500.Clifton-Mosby.559A,OX4 230KV - GALLWSRD 230KV (OX4 230 KV 2097B) L500.Clifton-Mosby.559A
WMORELN4230 KV  TX1,WMORELN4_230 KV_TX1:L230.Harmony-Keeney.23013,WMORELN4 230KV - WMORELN4 35KV (WMORELN4 230 KV TX1) L230.Harmony-Keeney.23013
BUTL_APS_138KVBUT-KAR_1_LN,BUTL APS_138 KV_BUT-KAR:L345.HandsomeLake-Wayne,BUTL APS 138KV - KARNSCIT 138KV (BUTL APS 138 KV BUT-KAR) L345.HandsomeLake-Armstrong
EDELPHOS_69KVEDE-NDE_1_LN,EDELPHOS_69 KV_EDE-NDE:L345.EastLima-MaddoxCreek,NDELPHOS 69KV - EDELPHOS 69KV (EDELPHOS 69 KV EDE-NDE) 138/69.EastLima.T3
LINDEN 230 KV LINDEN-MINUEST R-2218,MINUEST_230 KV_MIN-SEW:L500.Hopatcong-Roseland.5061,MINUEST 230KV - LINDEN 230KV (LINDEN 230 KV LIN-MINR) L500.Hopatcong-Roseland.5061
HARRTN-SHARRING 6739 B 69 KV,HARRTN_69 KV_HAR-SHA:L69.Church-IBCornrs-Pric-Centreville-WyeMills.6710,SHARRING 69KV - HARRTN 69KV (HARRTN 69 KV HAR-SHA) L69.Church-IBCornrs-Pric-Centreville-WyeMills.6710
EDENSRID_138KVEDE-WKI1_1_LN,EDENSRID_138 KV_EDE-WKI1:ACTUAL,WKINGSPO 138KV - EDENSRID 138KV (EDENSRID 138 KV EDE-WKI1) L500.Broadford-Sullivan (TVA) Tie
COLLEGEC 138 KV COLLEGEC-COLLINSV,COLLEGEC_138 KV_COL-COL6:L345.WestMilton-MiamiFort,COLLEGEC 138KV - COLLINSV 138KV (COLLEGEC 138 KV COL-COL6) L345.WestMilton-MiamiFort
SCOTLAND115 KV  126C,SCOTLAND_115 KV_126C:L230.Everetts-Greenville.218 [CPL],SCOTLAND 115KV - SAMSHEAD 115KV (SCOTLAND 115 KV 126C) L230.Everetts-Greenville.218 [CPL]
NAPLNN 138 KV NAP-MID,NAPLNN_138 KV_NAP-MID:L765.Marysville-Sorenson,MIDWAYTE 138KV - NAPLNN 138KV (NAPLNN 138 KV NAP-MID) L765.Marysville-Sorenson
LINCOLN_115KVLIN-STR_1_LN,LINCOLN_115 KV_LIN-STR:ACTUAL,LINCOLN 115KV - STRABAN 115KV (LINCOLN 115 KV LIN-STR) L500.Brighton-Conastone.5011
CROZET_230KV291A_1_LN,CROZET_230 KV_291A:L230.Dooms-Charlottesville.233,DOOMS4 230KV - CROZET 230KV (CROZET 230 KV 291A) L230.Dooms-Charlottesville.233
STURGIS 69 KV STURGIS-HOWE TIE,STURGIS_69 KV_STU-HOW1:L138.KenzieCreek-Colby-Valley,HOWE 69KV - STURGIS 69KV (STURGIS 69 KV STU-HOW1) L138.KenzieCreek-Colby-Valley
EASTON  69 KV   EAS-EMU,EASTON_69 KV_EAS-EMU:L230.Fredericksburg-Birchwood.2083,EASTON 69KV - EMUNI 69KV (EASTON 69 KV EAS-EMU) L230.Fredericksburg-Birchwood.2083
CECIL 138 KV CECIL-GLASGOW 13810,CECIL_230 KV_T3:L138.Glasgow-Keeney.13809,CECIL-GLASGOW 13810         A  138 KV L500.HopeCreek-RedLion.5015
BELLEHAV_69KVBEL-KEL_1_LN,BELLEHAV_69 KV_BEL-KEL:ACTUAL,BELLEHAV 69KV - KELLAM 69KV (BELLEHAV 69 KV BEL-KEL) L69.Tasley-Kellam.6721
ELKGARD2 138 KV ELKGARD2-LEBANON,ELKGARD2_138 KV_ELK-LEB1:ACTUAL,LEBANON 138KV - ELKGARD2 138KV (ELKGARD2 138 KV ELK-LEB1) L500.Broadford-Sullivan (TVA) Tie
ALLENIM_345KVALL-RPM_1_LN,ALLENIM_345 KV_ALL-RPM:L765.Marysville-Sorenson,RPMONE 345KV - ALLENIM 345KV (ALLENIM 345 KV ALL-RPM) L765.Marysville-Sorenson
120 LOMB345 KV  TR82CT-P,120 LOMB_345 KV_TR82CT-P:ACTUAL,120 LOMB 345KV - 120 LOMB 1KV (120 LOMB 345 KV TR82CT-P) BASE
BIGPINET138 KV  BIG-KIS,BIGPINET_138 KV_BIG-KIS:L115.Eclipse-Piney.1038 + Seneca.2.Pump,KISKIVAL 138KV - BIGPINET 138KV (BIGPINET 138 KV BIG-KIS) L115.Eclipse-Piney.1038
BUTL APS 138 KV BUTL APS-KARNSCIT KC-BT,BUTL APS_138 KV_BUT-KAR:L500.SouthBend-Yukon,BUTL APS-KARNSCIT KC-BT     A  138 KV MAXCR: 500/230.Keystone.T4 + U1 + U2 + 5003 + 5004
IDYLWOO4 230 KV IDYLWOO4-CLARK4 202A,IDYLWOO4_230 KV_202A:L500.Bedington-BlackOak,IDYLWOO4 230KV - CLARK4 230KV (IDYLWOO4 230 KV 202A) L500.Bedington-BlackOak
GLENDON 115 KV GLENDON-HOSENSAC 914,GLENDON_115 KV_GLE-HOS:L230.Northwood-Quarry,GLENDON-HOSENSAC 914        B  115 KV L230.Gilbert-Springfield
ASHBURN 230 KV  227A,IDYLWOO4_230 KV_202A:L230.Belmont-CochranMill-Ashburn-Beaumeade.227,ASHBURN 230 KV  227A L230.Brambleton-Belmont.201
LOUISA  230 KV  255A,LOUISA_230 KV_255A:L500.Morrisville-Spotsylvania.594,NANNA4 230KV - LOUISA 230KV (LOUISA 230 KV 255A) L500.Morrisville-Spotsylvania.594
ALLEN 115 KV ALLEN-ROUNDTOP 981-2,ALLEN_115 KV_ALL-ROU:ACTUAL,ROUNDTOP 115KV - ALLEN 115KV (ALLEN 115 KV ALL-ROU) BASE
NSALISBU 69 KV NSALISBUR-PEMBERTON 6701-1,LORETTO 138 KV AT1 Fruitland-Pemberton-North Salisbury (6701) 69 kV l,NSALISBUR-PEMBERTON 6701-1  B  69 KV L230.IndianRvr-PineyGrve.23002+230/138.PinyGr.AT20
BIGPINET138 KV  BIG-GAR,BIGPINET_138 KV_BIG-GAR:L500.SouthBend-Yukon,GARRNJCT 138KV - BIGPINET 138KV (BIGPINET 138 KV BIG-GAR) L500.SouthBend-Yukon
LAYTOJCT138 KV  LAY-SMI,LAYTOJCT_138 KV_LAY-SMI:L500.Keystone-SouthBend.5001(513),SMITHTON 138KV - LAYTOJCT 138KV (LAYTOJCT 138 KV LAY-SMI) L500.Keystone-SouthBend.5001(513)
NICKEL  138 KV  NIC-TOD,NICKEL_138 KV_NIC-TOD:ACTUAL,TODDHUNT 138KV - NICKEL 138KV (NICKEL 138 KV NIC-TOD) BASE
WAGNER  230 KV  230-2,GLENARM_115 KV_GLE-WIN2:230/115.Riverside.T2+L230.Rivsid-BrndShr&Rivsid-NE,WAGNER 230KV - WAGNER 115KV (WAGNER 230 KV 230-2) 230/115.Riverside.T2+L230.Rivsid-BrndShr&Rivsid-NE
MARSHRUN230 KV  280A,MARSHRUN_230 KV_280A:500/230.Bristers.TX1 (Sctnlz),MARSHRUN 230KV - REMINGTN 230KV (MARSHRUN 230 KV 280A) 500/230.Bristers.TX1 (Sctnlz)
ELMONT4 230 KV  283A,ELMONT4_230 KV_283A:ACTUAL,NEAST 230KV - ELMONT4 230KV (ELMONT4 230 KV 283A) BASE
GOFFRUN 138 KV  GOF-LIN,GOFFRUN_138 KV_GOF-LIN:L500.Cloverdale-Lexington.566,LINDENRD 138KV - GOFFRUN 138KV (GOFFRUN 138 KV GOF-LIN) L500.Cloverdale-Lexington.566
KENDLGRV_69KVKEN-RED_1_LN,EASTVILL_69 KV_EAS-KEN:ACTUAL,KENDLGRV 69KV - REDBDPL 69KV (KENDLGRV 69 KV KEN-RED) BASE
FRACKVIL69 KV   FR-SCEN,FRACKVIL_69 KV_FR-SCEN:ACTUAL,FRACKVIL69 KV   FR-SCEN BASE
HUNTER  230 KV  2005A,HUNTER_230 KV_2005A:L230.Loudoun-CubRun-Walney-Dulles.2008,CLARK4 230KV - HUNTER 230KV (HUNTER 230 KV 2005A) L230.Loudoun-CubRun-Walney-Dulles.2008
HOPEWEL4230 KV  228A,HOPEWEL4_230 KV_228A:L500.Cloverdale-Lexington.566,HOPEWEL4 230KV - CHESTER4 230KV (HOPEWEL4 230 KV 228A) L500.Cloverdale-Lexington.566
WESTERN REACTIVE TRANSFER INTERFACE,JUNCTION_138 KV_JUN-PAR:L500.BlackOak-Hatfield.542,TRANSFER INTERFACE: APSOUTH L500.BlackOak-Hatfield.542
SHADEGAP115 KV SHA-THR,SHADEGAP_115 KV_SHA-THR:Hunterstown-TexasEastern-Gardners (991) 115 kV lin,THREESPR 115KV - SHADEGAP 115KV (SHADEGAP 115 KV SHA-THR) Hunterstown-TexasEastern-Gardners (991) 115 kV lin
BARTONVI138 KV  BAR-LONG,BARTONVI_138 KV_BAR-LONG:ACTUAL,BARTONVI 138KV - LONGCREE 138KV (BARTONVI 138 KV BAR-LONG) L500.Bedington-Doubs
088MIRDJ138 KV  088-BECK,088MIRDJ_138 KV_088-BECK:ACTUAL,BECKJORD 138KV - 088MIRDJ 138KV (088MIRDJ 138 KV 088-BECK) BASE
CLAYMONT_69KVCLA-NAA_1_LN,CLAYMONT_69 KV_CLA-NAA:500/230.RedLion.AT51,NAAMANS 69KV - CLAYMONT 69KV (CLAYMONT 69 KV CLA-NAA) 500/230.RedLion.AT51
COLONIAL 115 KV COL.PIPE-GLENARM2 110512,COLONIAL_115 KV_COL-GLE2:L500.Brighton-Conastone.5011,COLONIAL 115KV - GLENARM 115KV (COLONIAL 115 KV COL-GLE2) L500.Brighton-Conastone.5011
ABINGDON 138 KV ABINGDON-CLINCHRI,ABINGDON_138 KV_ABI-CLI1:ACTUAL,CLINCHRI 138KV - ABINGDON 138KV (ABINGDON 138 KV ABI-CLI1) L765.Baker-Broadford
02LYONS_138KV02L-02F1_1_LN,02LYONS_138 KV_02L-02F1:L765.Maliszewski-Marysville,02FAYET 138KV - 02LYONS 138KV (02LYONS 138 KV 02L-02F1) L765.Maliszewski-Marysville
BARTONVI138 KV  BAR-LONG,BARTONVI_138 KV_BAR-LONG:L500.BlackOak-Hatfield.542,LONGCREE 138KV - BARTONVI 138KV (BARTONVI 138 KV BAR-LONG) L500.BlackOak-Hatfield.542
SALTSPRG 138 KV SALTSPRG-MASURY,SALTSPRG_138 KV_SAL-MAS1:L500.Keystone-SouthBend.5001(513),SALTSPRG 138KV - MASURY 138KV (SALTSPRG 138 KV SAL-MAS1) L500.Keystone-SouthBend.5001(513)
BLACKOAK 138 KV BLACKOAK-CROSSSCH BLA-CRS,BLACKOAK_138 KV_BLA-CRS:L500.Hatfield-Ronco,BLACKOAK 138KV - CROSSSCH 138KV (BLACKOAK 138 KV BLA-CRS) L500.BlackOak-Hatfield
JACK_ME_115KVJAC-NHA_1_LN,JACK ME_115 KV_JAC-NHA:L115.Hunterstown-Oxford (Sctnlz),JACK ME 115KV - NHANOVER 115KV (JACK ME 115 KV JAC-NHA) L115.Hunterstown-Oxford (Sctnlz)
LEESVILL 138 KV LEESVILL-SMITHMOU,LEESVILL_138 KV_LEE-SMI1:L138.SmithMtn-Rockcast-Moneta-Cloverdale,SMITHMOU 138KV - LEESVILL 138KV (LEESVILL 138 KV LEE-SMI1) L138.SmithMtn-Rockcast-Moneta-Cloverdale
BLACKOAK 500 KV BLACKOAK TRAN 3 XFORMER,BLACKOAK_500 KV_TRAN 3:L500.Bedington-Black Oak,BLACKOAK 500KV - BLACKOAK 138KV (BLACKOAK 500 KV TRAN  3) L500.Bedington-BlackOak
PLUM    138 KV  PLU-SPRI,PLUM_138 KV_PLU-SPRI:ACTUAL,SPRINGDA 138KV - PLUM 138KV (PLUM 138 KV PLU-SPRI) BASE
945 CRET345 KV  CRE-CRET,945 CRET_345 KV_CRE-CRET:ACTUAL,945 CRET345 KV  CRE-STJ1 345L97008 UP North-Olive 345 kV Line
MILLBROO138 KV  MIL-SIN1,MILLBROO_138 KV_MIL-SIN1:L765.Jefferson-Rockport,MILLBROO 138KV - SINKINGS 138KV (MILLBROO 138 KV MIL-SIN1) L765.Jefferson-Rockport
NOTTINGH 230 KV NOTTINGHM 2-3 SER DEV,NOTTINGH_230 KV_2-3:L500.Conemaugh-Juniata.5005,NOTTINGH230 KV  2-3 L500.Conemaugh-Juniata.5005
HARRSNBG 230 KV HARRSNBG-GROTTOES 260A,HARRSNBG_230 KV_260A:L500.Cloverdale-Lexington.566,GROTTOES 230KV - HARRSNBG 230KV (HARRSNBG 230 KV 260A) L500.Cloverdale-Lexington.566
REDLION 500 KV REDLION AT51 XFORMER,KEENEY_500 KV_AT51:L500.Keeney-RedLion.5036,KEENEY   AT51     XFORMER   H  500 KV L500.Keeney-RedLion.5036
ALBRIGHT 138 KV ALBRIGHT-SNOWYCRE AJ1,SNOWYCRE_138 KV_SNO-SNOW:L138.Junction-ParrRun.AJ-4,SNOWYTAP 138KV - SNOWYCRE 138KV (SNOWYCRE 138 KV SNO-SNOW) L138.Junction-ParrRun.AJ-4
BIGPINET_138KVBIG-KIS_1_LN,BIGPINET_138 KV_BIG-KIS:345/138.Ashtabula.TR4,KISKIVAL 138KV - BIGPINET 138KV (BIGPINET 138 KV BIG-KIS) 345/138.Ashtabula.TR4
MORRISVL500 KV  594A,MORRISVL_500 KV_594A:L500.Possum Point-Ox.571,SPOTSLV 500KV - MORRISVL 500KV (MORRISVL 500 KV 594A) L500.Possum Point-Ox.571
16 WAUKE 138 KV 16 WAUKE-282 ZION 1609,16 WAUKE_138 KV_1609:345/138.16Waukegan.TR83,282 ZION 138KV - 16 WAUKE 138KV (16 WAUKE 138 KV 1609) 345/138.16Waukegan.TR83
VIENNA 230 KV VIENNA AT20 TRANSFORMER,VIENNA_230 KV_AT20:ACTUAL,TALBOT  69 KV   TAL-TRA Vienna (AT-20) 230/138 kV transformer
BENTMOUN138 KV  BEN-CLE1,BENTMOUN_138 KV_BEN-CLE1:ACTUAL,BENTMOUN 138KV - CLEARBRO 138KV (BENTMOUN 138 KV BEN-CLE1) L345.Cloverdale-MattFunk
SPORNAEP 138 KV SPORNAEP-GAVINAEP,SPORNAEP_138 KV_SPO-GAV1:765/138.NorthProctorville.T2,SPORNAEP 138KV - GAVINAEP 138KV (SPORNAEP 138 KV SPO-GAV1) 765/138.NorthProctorville.T2
MALISZEW138 KV  ORANGE,MALISZEW_138 KV_ORANGE:L765.Maliszewski-Vassell,MALISZEW138 KV  ORANGE L765.Maliszewski-Vassell
GOOSECRE500 KV  TX1,GOOSECRE_500 KV_TX1:L500.Clifton-Mosby.559A,GOOSECRE 500KV - GOOSECRE 230KV (GOOSECRE 500 KV TX1) L500.Clifton-Mosby.559A
BOWIE 115 KV BOWIE-LANHAM 11506,BOWIE 115 KV BOW-LAN6 Lanham-Bowie 11505 Lanham-Wildercroft 11515 115,BENNING 69 KV   STA-4T Lanham - Bowie (11506) 115 kV line
MARSHRUN230 KV  280A,MARSHRUN_230 KV_280A:ACTUAL,MARSHRUN 230KV - REMINGTN 230KV (MARSHRUN 230 KV 280A) BASE
MIDDLETO 138 KV MIDDLETO-MTPLEASN 13808-2,MIDDLETO_138 KV_MID-MTP:L230.CedarCreek-SilverRun.23030,MTPLEASN 138KV - MIDDLETO 138KV (MIDDLETO 138 KV MID-MTP) L230.CedarCreek-SilverRun.23030
FLMINSBG138 KV  FLM-SPU,FLMINSBG_138 KV_FLM-SPU:L138.Spurlock-Mysvl-Plumville,SPURLOCK 138KV - FLMINSBG 138KV (FLMINSBG 138 KV FLM-SPU) L138.Spurlock-Mysvl-Plumville
GREENACR345 KV  GRE-STJO,GREENACR_345 KV_GRE-STJO:L345.Lasalle - Plano.0101,STJOGRAC 345KV - GREENACR 345KV (GREENACR 345 KV GRE-STJO) L345.Lasalle - Plano.0101
PIERCE_345KVPIE-DEA1_1_LN,PIERCE_345 KV_PIE-DEA1:L345.TannersCreek-EastBend,DEARBORN 345KV - PIERCE 345KV (PIERCE 345 KV PIE-DEA1) L345.TannersCreek-EastBend
RESTON  230 KV  264A,RESTON_230 KV_264A:L230.Beaumead-Ashburn-PleasantView.274,RESTON 230KV - HUNTER 230KV (RESTON 230 KV 264A) L230.Beaumead-Ashburn-PleasantView.274
SAPONY  230 KV  TX2,SAPONY_230 KV_TX2:230/138.CedarCreek.AT20,SAPONY 35KV - SAPONY 230KV (SAPONY 230 KV TX2) 230/138.CedarCreek.AT20
MIDDLETO 138 KV MIDDLETO-MTPLEASN 13808-2,MIDDLETO_138 KV_MID-MTP:L230.Cartanza-Milford.23033,MTPLEASN 138KV - MIDDLETO 138KV (MIDDLETO 138 KV MID-MTP) L230.Cartanza-Milford.23033
MILFORD 230 KV MILFORD-STEELE 23076,MILFORD_230 KV_MIL-STE:L230.Cartanza-SilverRun.23032,STEELE 230KV - MILFORD 230KV (MILFORD 230 KV MIL-STE) L230.Cartanza-SilverRun.23032
CRANBERY138 KV  CRA-HOY,CRANBERY_138 KV_CRA-HOY:Clinton (DUQ) 345/138 KV TRANSFORMER,HOYTDAL2 138KV - CRANBERY 138KV (CRANBERY 138 KV CRA-HOY) Clinton (DUQ) 345/138 KV TRANSFORMER
CORNER 138 KV CORNER-LAYMAN,FLINTRUN_500 KV_T2:L500.FlintRun-Harrison.598,CORNER 138KV - LAYMAN 138KV (CORNER 138 KV COR-LAY) L500.FlintRun-Harrison.598
KENT 69 KV KENT-VAUGHN 6784-1,KENT_69 KV_KEN-VAU:230/138.CedarCreek.AT20,KENT 69KV - VAUGHN 69KV (KENT 69 KV KEN-VAU) 230/138.CedarCreek.AT20
KENT 69 KV KENT-NEWMERED 6704-2,KENT_69 KV_KEN-NME:L230.CedarCreek-SilverRun.23030,KENT-NEWMERED 6704-2        A  69 KV L230.CedarCreek-RedLion.23030
BENTONHA 138 KV BENTONHA-RIVERSIM 2,BENTONHA_138 KV_BEN-RIV2:ACTUAL,BENTONHA 138KV - RIVERSIM 138KV (BENTONHA 138 KV BEN-RIV2) BASE
FALLS 138 KV FALLS -STEELTAP FAL-STE,FALLS_138 KV_FAL-STE:L230.Emilie-Eddington-Croydon,FALLS 138KV - STEELTAP 138KV (FALLS 138 KV FAL-STE) L230.Emilie-Eddington-Croydon
TODD HUNTER 15 345/138 KV L/O TODD HUNTER 17 345/138 KV,TODDHUNT_345 KV_15:345/138.Todhunter.T17,Todd Hunter 345/138 17 l/o Todd Hunter 345/138 15 TODHUNTER  BK 15 TRANSFORMER
ELIMA   138 KV  ELI-HAV1,ELIMA_138 KV_ELI-HAV1:L138.AllenIM-Logtown,HAVILAND 138KV - ELIMA 138KV (ELIMA 138 KV ELI-HAV1) L138.AllenIM-Logtown
COLLEGEC 138 KV COLLEGEC-COLLINSV,COLLEGEC_138 KV_COL-COL6:L345.Todhunter-Woodsdale1.4561,COLLEGEC 138KV - COLLINSV 138KV (COLLEGEC 138 KV COL-COL6) L345.Todhunter-Woodsdale1.4561
COOPERPE 230 KV COOPERPE-PEACHTAP COO-PEA,COOPERPE_230 KV_COO-PEA:L500.Conastone-PeachBottom.5012,PEACHTAP 230KV - COOPERPE 230KV (COOPERPE 230 KV COO-PEA) L500.PeachBottom.BusTie.1
OXBOW   230 KV  T1,OXBOW_230 KV_T1:ACTUAL,OXBOW 230KV - OXBOW 34.5KV (OXBOW 230 KV T1) BASE
12 DRESD 345 KV 12 DRESDEN 45TR83 CT,12 DRESD_345 KV_TR83CT-P:L765.Collins - Plano.2315,12 DRESD 345KV - 12 DRESD 1KV (12 DRESD 345 KV TR83CT-P) L765.Collins - Plano.2315
NPORTSMO138 KV  NPO-SLU1,NPORTSMO_138 KV_NPO-SLU1:L138.Gavin-FireBrick,SLUCASVI 138KV - NPORTSMO 138KV (NPORTSMO 138 KV NPO-SLU1) L138.Gavin-FireBrick
HEATH 138 KV HEATH-WMILLERS,WMILLERS_345 KV_WMI-KIR1:L345.OhioCentral-MuskingumRiver,WMILLERS 138KV - HEATH 138KV (HEATH 138 KV HEA-WMI1) L345.OhioCentral-MuskingumRiver
CAROLINA115 KV  1010A,CAROLINA_115 KV_1010A:Tidd.Cardinal.U1,PECAN 115KV - CAROLINA 115KV (CAROLINA 115 KV 1010A) Tidd.Cardinal.U1
FOSTORIA138 KV  FOS-MEL1,HOWARD2_138 KV_HOW-MEL1:L345.SouthBerwick-FostoriaCentral,FOSTORIA138 KV  FOS-MEL1 L345.SouthBerwick-FostoriaCentral
BIGGRAVE138 KV  BIG-GEO1,BIGGRAVE_138 KV_BIG-GEO1:Tidd.Cardinal.U1,GEORGEWA 138KV - BIGGRAVE 138KV (BIGGRAVE 138 KV BIG-GEO1) Tidd.Cardinal.U1
HOOVERSV 115 KV HOOVERSV-TOWER51 H1H2 1071,HOOVERSV_115 KV_HOO-TOW:L500.SouthBend-Yukon,TOWER51 115KV - HOOVERSV 115KV (HOOVERSV 115 KV HOO-TOW) L500.SouthBend-Yukon
BUTL APS 138 KV BUTL APS-KARNSCIT KC-BT,BUTL APS_138 KV_BUT-KAR:L345.ErieWest-Wayne.3004,BUTL APS-KARNSCIT KC-BT     A  138 KV 345/115.ErieWest.T1
153 TAYL345 KV  15324 X,153 TAYL_345 KV_15324 X:ACTUAL,11 FISK 345KV - 153 TAYL 345KV (153 TAYL 345 KV 15324 X) L765.Dumont-WiltonCenter.11215
FOX_HOLL161 KV  TR1,FOX_HOLL_161 KV_TR1:L161.SummerShade(EKPC)-SummerShade(TVA),FOX_HOLL 161KV - FOX_HOLL 69KV (FOX_HOLL 161 KV TR1) L161.SummerShade(EKPC)-SummerShade(TVA)
BROADFO2138 KV  BRO-SAL1,BROADFO2_138 KV_BRO-SAL1:L765.Broadford-JacksonsFerry + B138.Broadford.RL3,BROADFO2 138KV - SALTVILL 138KV (BROADFO2 138 KV BRO-SAL1) L765.Broadford-JacksonsFerry + B138.Broadford.RL3
SHAWVILL_T7_115BNK1A-S_XF,SHAWVILL_115 KV_BNK 1A-S:Shawville.U2,SHAWVILL 1KV - SHAWVILL 115KV (SHAWVILL 115 KV BNK 1A-S) TEMP.Shawville-Elko & U2
ASHBURN 230 KV  227B,ASHBURN_230 KV_227B:L230.EvergreenMills-Brableton.2172,ASHBURN 230KV - BEAUMEAD 230KV (ASHBURN 230 KV 227B) L230.Brambleton-YardleyRidge.2172
JUNIATA 230 KV JUNIATA-LEWISTOW LJ 2015,JUNIATA_230 KV_JUN-LEW:L230.EastTowanda-Canyon-NMeshoppen,JUNIATA 230KV - LEWISTOW 230KV (JUNIATA 230 KV JUN-LEW) L230.EastTowanda-Canyon-NMeshoppen
EASTPT  115 KV  EAP-GRA4,EASTPT_115 KV_EAP-GRA4:Center-Erdman (110556) 115 kV line,GRAYMANO 115KV - EASTPT 115KV (EASTPT 115 KV EAP-GRA4) Center-Erdman (110556) 115 kV line
WEST CONTINGENCY 2,BED-BLA contingency 12 L500.Conemaugh-Juniata.5005,WEST contingency 2 L500.Conemaugh-Juniata.5005
BRANDONS 230 KV BRANDONS-RIVERSID 2344,RIVERSID_115 KV_115012:BRNDNSHRS-RVRSD 2344 & TRANSFORMER 1,BRANDONS-RIVERSID 2344      A  230 KV L230.BrandonShores-Riverside.2345
OLIVUNPA345 KV  OLI-UNPA,OLIVUNPA_345 KV_OLI-UNPA:L345.Braidwood-EastFrankfort.2001,970 UP N 345KV - OLIVUNPA 345KV (OLIVUNPA 345 KV OLI-UNPA) L345.Braidwood-EastFrankfort.2001
LENOX 115 KV LENOX-NMESHOPP NML 1090,LENOX_115 KV_LEN-NME:L230.ETowanda-ScotchHollow-Grover-Marshall,NMESHOPP 115KV - LENOX 115KV (LENOX 115 KV LEN-NME) L230.ETowanda-ScotchHollow-Grover-Marshall
BEDFORD 115 KV  BED-CEN,BEDFORD_115 KV_BED-CEN:L115.Hilltop-Krayn-RachelHill (HillclayJctSalix),CENTRALC 115KV - BEDFORD 115KV (BEDFORD 115 KV BED-CEN) L115.Hilltop-Krayn-RachelHill (HillclayJct&Salix)
LOUISACT230 KV  2074A,LOUISACT_230 KV_2074A:ACTUAL,SANNA 230KV - LOUISACT 230KV (LOUISACT 230 KV 2074A) L500.Ladysmith-NorthAnna.575
CECIL_138KVCEC-GLA_1_LN,CECIL_138 KV_CEC-GLA:L230.Conowingo-Nottingham-220-03,CECIL 138KV - GLASGOW 138KV (CECIL 138 KV CEC-GLA) L230.Conowingo-Nottingham-220-03
CHARLERO 138 KV CHARLERO-DRYRUN MI-CH-1,CHARLERO_138 KV_CHA-DRY:L500.Bedington-BlackOak,CHARLERO 138KV - DRYRUN 138KV (CHARLERO 138 KV CHA-DRY) L500.Bedington-BlackOak
HAYES_FE138 KV  AVE-HAYE,HAYES_FE_138 KV_AVE-HAYE:L345.Beaver-DavisBesse,HAYES_FE 138KV - AVERY 138KV (HAYES_FE 138 KV AVE-HAYE) TEMP:L345.Beaver-Hayes_+Beaver-DavisBesse
NAPLNN 138 KV NAP-MID,NAPLNN_138 KV_NAP-MID:L765.Kammer-Belmont-Mountaineer+765/500.Belmont.T5,MIDWAYTE 138KV - NAPLNN 138KV (NAPLNN 138 KV NAP-MID) L765.Kammer-Belmont-Mountaineer+765/500.Belmont.T5
BUCKHORN138 KV  BUC-TAZ1,BUCKHORN_138 KV_BUC-TAZ1:L765.Broadford-JacksonsFerry + B138.Broadford.R,TAZEWELL 138KV - BUCKHORN 138KV (BUCKHORN 138 KV BUC-TAZ1) L765.Broadford-JacksonsFerry + B138.Broadford.RL3
FLINT_230KVFLI-PLY_1_LN,FLINT_230 KV_FLI-UPP:RAS.500/230.PeachBottom.T1 + MuddyRun.U5-8,PLYMOUTH 230KV - FLINT 230KV (FLINT 230 KV FLI-PLY) RAS.500/230.PeachBottom.T1 + MuddyRun.U5-8
SHAWVILL 230 KV SHAWVILL BNK 2A-P XFORMER,SHAWVILL_230 KV_BNK 2A-P:L230.Forest-Glade,SHAWVILL 1KV - SHAWVILL 230KV (SHAWVILL 230 KV BNK 2A-P) L230.Forest-Glade
CHATFIEL138 KV  CHA-HOW1,CHATFIEL_138 KV_CHA-HOW1:ACTUAL,CHATFIEL 138KV - HOWARD2 138KV (CHATFIEL 138 KV CHA-HOW1) BASE
ALLLUD4J138 KV  ALJ-SPR,ALLLUD4J_138 KV_ALJ-SPR:L138.Springdale-ShaffersCorner,SPRINGDA 138KV - ALLLUD4J 138KV (ALLLUD4J 138 KV ALJ-SPR) L138.Springdale-ShaffersCorner
BRUNSWIC230 KV  BUR-MEA,BRUNSWIC_230 KV_BRU-MEA:ACTUAL,BRUNSWIC230 KV  BUR-MEA L500.Hopatcong-Roseland.5061
BATTLEBO115 KV  1014A,BATTLEBO_115 KV_1014A:L500.BrunswickSwitchingStationHeritage-Wake.570,BATTLEBO 115KV - HATHAWAY 115KV (BATTLEBO 115 KV 1014A) L500.BrunswickSwitchingStationHeritage-Wake.570
AQUEDUCT 230 KV AQUEDUCT-DOUBS,AQUEDUCT_230 KV_AQU-DOU:L500.Brighton-Doubs,DOUBS 230KV - AQUEDUCT 230KV (AQUEDUCT 230 KV AQU-DOU) BASE
CARSON4 230 KV  238A,CARSON4_230 KV_238A:ACTUAL,SAPONY 230KV - CARSON4 230KV (CARSON4 230 KV 238A) BASE
OLIVE   345 KV  OLI-OLIV,OLIVE_345 KV_OLI-OLIV:Sheffield-Gary Ave 345 kV,OLIVUNPA 345KV - OLIVE 345KV (OLIVE 345 KV OLI-OLIV) Sheffield-Gary Ave 345 kV
AMOS    138 KV  AMO-CUR1,AMOS_138 KV_AMO-CUR1:765/138.NorthProctorville.T2,AMOS 138KV - CURRY 138KV (AMOS 138 KV AMO-CUR1) 765/138.NorthProctorville.T2
CLOVERD2138 KV  CLO-HUN1,CLOVERD2_138 KV_CLO-HUN1:ACTUAL,CLOVERD2 138KV - HUNTINCT 138KV (CLOVERD2 138 KV CLO-HUN1) BASE
MARYSVI2 345 KV MARYSVI2-TANGY TIE,MARYSVI2_345 KV_MAR-TAN1:L765.Maliszewski-Marysville,MARYSVI2-TANGY TIE          A  345 KV L765.Maliszewski-Marysville
THIRTYST115 KV  THI-SUM,THIRTYST_115 KV_THI-SUM:ACTUAL,SUMM PN 115KV - THIRTYST 115KV (THIRTYST 115 KV THI-SUM) BASE
ALTAVSTA 138 KV ALTAVSTA TX4 XFORMER,ALTAVSTA_138 KV_TX4:L500.Elmont-Cunningham.553,ALTAVSTA 138KV - ALTAVSTA 115KV (ALTAVSTA 138 KV TX4) L500.Elmont-Cunningham.553
BUCKHRN 138 KV  BUC-WCO1,BUCKHRN_138 KV_BUC-WCO1:L765.Kammer-Belmont-Mountaineer+765/500.Belmont.T5,WCOSHOCT 138KV - BUCKHRN 138KV (BUCKHRN 138 KV BUC-WCO1) L765.Kammer-Belmont-Mountaineer+765/500.Belmont.T5
LANCASTR 115 KV LANCASTR-GARNERDP 65C,LANCASTR_115 KV_65C:Hatfield-Black Oak 500 kV + Black Oak TR3,LANCASTR 115KV - GARNERDP 115KV (LANCASTR 115 KV 65C) Hatfield-Black Oak 500 kV + Black Oak TR3
CLBHOUSE 230 KV CLBHOUSE TX1 XFORMER,CLBHOUSE_230 KV_TX1:L500.Brighton-Conastone.5011,CLBHOUSE 115KV - CLBHOUSE 230KV (CLBHOUSE 230 KV TX1) L500.Brighton-Conastone.5011
MARYSVI2 345 KV MARYSVI2-TANGY TIE,MARYSVI2_345 KV_MAR-TAN1:ACTUAL,MARYSVI2-TANGY TIE          A  345 KV L765.Maliszewski-Marysville
RICHLND 138 KV  RIC-WAUS,RICHLND_138 KV_RIC-WAUS:L765.Maliszewski-Marysville,RICHLND 138KV - WAUSEON 138KV (RICHLND 138 KV RIC-WAUS) L765.Maliszewski-Marysville
GARRETAP-GARRETT B 115 KV,GARRETAP_115 KV_GAR-PEN:L500.Cabot-Keystone.5002,GARRETAP 115KV - GARRETT 115KV (GARRETAP 115 KV GAR-GAR) L500.Cabot-Keystone.5002
RICHLND 138 KV  TR-5,RICHLND_138 KV_TR-5:L345.Burnham-Munster.17703,RICHLND 138KV - RICHLND 13.8KV (RICHLND 138 KV TR-5) L345.Burnham-Munster.17703
MAYFLD  138 KV  04M-PAW1,MAYFLD_138 KV_04M-PAW1:L345.GlenWillow-Perry,PAWNEETP 138KV - MAYFLD 138KV (MAYFLD 138 KV 04M-PAW1) L345.GlenWillow-Perry
CHARGER 138 KV  CHA-COU,CHARGER_138 KV_CHA-COU:ACTUAL,COUNTRYS 138KV - CHARGER 138KV (CHARGER 138 KV CHA-COU) L765.Dumont-Sorenson
EDISON2 138 KV  EDI-OLI1,EDISON2_138 KV_EDI-OLI1:RAS.L765.Jefferson-Rockport + Rockport.U1,OLIVE 138KV - EDISON2 138KV (EDISON2 138 KV EDI-OLI1) RAS.L765.Jefferson-Rockport + Rockport.U1
TMI 500 KV TMI 1 BANK XFORMER,TMI_500 KV_1 BANK:L500.Brighton-Conastone.5011,TMI 500KV - TMI 230KV (TMI 500 KV 1 BANK) L500.Brighton-Conastone.5011
MANS_PN_115KVMAN-NIL_1_LN,MANS PN_115 KV_MAN-NIL:Actual,MANS PN 115KV - NILESVAL 115KV (MANS PN 115 KV MAN-NIL) BASE
GLORY 115 KV GLORY-SEWARD G1G2 1069,BURMA_115 KV_BUR-PIN:L115.Glory-Seward,GLORY-SEWARD G1G2 1069      B  115 KV L345.HandsomeLake-HomerCity
CHESWICK138 KV  CHE-SPR,CHESWICK_138 KV_CHE-SPR:500/230.Conastone.500-4,SPRINGDA 138KV - CHESWICK 138KV (CHESWICK 138 KV CHE-SPR) 500/230.Conastone.500-4
CURRYVIL_115KVCUR-SAX_1_LN,CURRYVIL_115 KV_CUR-SAX:Hunterstown-TexasEastern-Gardners (991)+Mnt CT1,CURRYVIL 115KV - SAXTON 115KV (CURRYVIL 115 KV CUR-SAX) L115.Hunterstown-TexasEastern-Gardners.991
CLINCHFI138 KV  CLI-CLI2,CLINCHFI_138 KV_CLI-CLI2:ACTUAL,CLINCHRI 138KV - CLINCHFI 138KV (CLINCHFI 138 KV CLI-CLI2) BASE
ELIMA   138 KV  ELI-HAV1,ELIMA_138 KV_ELI-HAV1:345/138.FostoriaCentral.T1,ELIMA 138KV - HAVILAND 138KV (ELIMA 138 KV ELI-HAV1) 345/138.FostoriaCentral.T1
BAGLEY  230 KV  BAG-RAP5,BAGLEY_230 KV_BAG-RAP5:L230.Conastone-Northwest.2310,BAGLEY 230KV - RAPHAERD 230KV (BAGLEY 230 KV BAG-RAP5) L230.Conastone-Northwest.2310
TODDHUNT_T3_34517_XF,TODDHUNT_345 KV_17:345/138.Todhunter.T16,TODDHUNT 345KV - TODDHUNT 138KV (TODDHUNT 345 KV 17) 345/138.Todhunter.T15
CROMBY 230 KV CROMBY CROM5TR XFORMER,CROMBY_230 KV_CROM5TR:ACTUAL,CROMBY   CROM5TR  XFORMER   H  230 KV L230.Cromby-Upper Providence.220-62
BIRCHWD 230 KV  BIR-COMO,BIRCHWD_230 KV_BIR-COMO:L500 Chickahominy-Elmont.557A(Sctnlz),BIRCHWD 230KV - COMORNDP 230KV (BIRCHWD 230 KV BIR-COMO) L500 Chickahominy-Elmont.557A(Sctnlz)
MIDWAYTE138 KV  MID-NAO1,NAPLNN_138 KV_NAP-MID:L765.Marysville-Sorenson,MIDWAYTE138 KV  MID-NAO1 L765.Marysville-Sorenson
VIENNA_VIE13813710_1_LN,SHARP_69 KV_SHA-VIE:L230.CoolSprings-Milford.23069,VIENNA_VIE13813710_1_LN L230.CoolSprings-Milford.23069
BLMNTDOM 201T2180     CB       230 KV,BLMNTDOM_230 KV_2180:L230.Belmont-Stonewater.2178A,BLMNTDOM 201T2180     CB       230 KV L230.Belmont-Stonewater.2178A
HAYES_FE345 KV  DAV-HAY,HAYES_FE_345 KV_DAV-HAY:ACTUAL,DAVISBES 345KV - HAYES_FE 345KV (HAYES_FE 345 KV DAV-HAY) BASE
BRUNNERI 230 KV BRUNNERI-MIDDLJCT #1 1056,BRUNNERI_230 KV_BRU-MID6:L230.Cumberland-Juniata + 230/69.Cumberland.T2,MIDDLJCT 230KV - BRUNNERI 230KV (BRUNNERI 230 KV BRU-MID6) L230.Cumberland-Juniata + 230/69.Cumberland.T2
NOTTINGH 230 KV NOTTINGH-PEACHTAP 220-08,PEACHTAP_230 KV_2SU:ACTUAL,NOTTINGH-PEACHTAP 220-08    A  230 KV L500.Conastone-Peach Bottom.5012
CHESTER4 230 KV CHESTER4-CHARLCTY 217A,CHESTER4_230 KV_TX9:L500.Carson-Midlothian.563,CHESTER4-CHARLCTY 217A      A  230 KV L500.Carson-Midlothian.563
16 WAUKE 138 KV 16 WAUKE-282 ZION 1609,16 WAUKE_138 KV_1609:L345.Zion-Pleasant Prairie.2221,282 ZION 138KV - 16 WAUKE 138KV (16 WAUKE 138 KV 1609) L345.Zion-Pleasant Prairie.2221
EDWSFERY230 KV  23111,EDWSFERY_230 KV_23111:L500.BurchesHill-Cheltenham.5071,DICKERSO 230KV - EDWSFERY 230KV (EDWSFERY 230 KV 23111) L500.BurchesHill-Cheltenham.5071
TODD HUNTER 16 345/138 KV L/O TODD HUNTER - GARVER + TODDHUNTER-WOODSDALE 4562,TODDHUNT_345 KV_16:TEMP: L345 ToddHunter-Garver+ToodHunter-Woodsdale4562,TODDHUNT 345KV - TODDHUNT 138KV (TODDHUNT 345 KV 16) TEMP: L345 ToddHunter-Garver+ToodHunter-Woodsdale4562
CLIFTON 500 KV  561A,CLIFTON_500 KV_561A:L500.Loudoun-Morrisville.569,OX4 500KV - CLIFTON 500KV (CLIFTON 500 KV 561A) L500.Loudoun-Morrisville.569
CANALAEP138 KV  CAN-GAY1,CANALAEP_138 KV_CAN-GAY1:ACTUAL,CANALAEP 138KV - GAY 138KV (CANALAEP 138 KV CAN-GAY1) L345.Beatty-Cole
ESAYRE_115KVESA-NWA_1_LN,ESAYRE_115 KV_ESA-NWA:ACTUAL,ESAYRE_115KVESA-NWA_1_LN L345.Mainesburg-Watercure [NYISO]
YOE     115 KV  YOE-YOR2,YOE_115 KV_YOE-YOR2:500/230.Hunterstown.T1,YORKANA 115KV - YOE 115KV (YOE 115 KV YOE-YOR2) 500/230.Hunterstown.T1
EARLEYS 230 KV  EAR-FIRE,EARLEYS_230 KV_EAR-FIRE:L500.Cloverdale-Lexington.566,EARLEYS 230KV - FIRETOWR 230KV (EARLEYS 230 KV EAR-FIRE) L500.Cloverdale-Lexington.566
APSOUTH CONTINGENCY 62,APSOUTH contingency 62 L500.NorthAnna-Spotsylvania.573,APSOUTH contingency 62 L500.NorthAnna-Spotsylvania.573
MORRISVL230 KV  2040A,MORRISVL_230 KV_2040A:L500.Loudoun-Mosby.502A,MORRISVL 230KV - MARSHRUN 230KV (MORRISVL 230 KV 2040A) L500.Loudoun-Mosby.502A
MORRISVL 545T594 CB,MORRISVL_500 KV_569A:L500.Ladysmith-Possum Point.568,MORRISVL 545T594 CB L500.Ladysmith-Possum Point.568
JOHNSTOW115 KV  JOH-PRO,JOHNSTOW_115 KV_JOH-PRO:230/115.Seward.9TX+T11,JOHNSTOW 115KV - PROSPECT 115KV (JOHNSTOW 115 KV JOH-PRO) 230/115.Seward.9TX+T11
SILVERGR138 KV  BEC-SIL,SILVERGR_138 KV_BEC-SIL:L345.Zimmer-PortUnion.4544,SILVERGR 138KV - BECKJORD 138KV (SILVERGR 138 KV BEC-SIL) L345.Zimmer-PortUnion.4544
BLOOMSBU69 KV   BLO-SCO2,HARWOOD_230 KV_HAR-SUS2:Harwood-Susquehanna.1 + 230/69.Harwood.T5,BLOOMSBU69 KV   BLO-SCO2 L230.Harwood-Susquehanna.1 + 230/69.Harwood.T5
FTSLOCUM69 KV   190-6R,FTSLOCUM_69 KV_FTS-TAK7:L230.Burtonsville-MetzerottRoad-Takoma.23041/23019,FTSLOCUM69 KV   190-6R L230.Burtonsville-MetzerottRoad-Takoma.23041/23019
HUNTERST 115 KV HUNTERST-LINCOLN 962,LINCOLN_115 KV_LIN-STR:L500.Conastone-PeachBottom.5012,LINCOLN 115KV - STRABAN 115KV (LINCOLN 115 KV LIN-STR) L500.Conastone-PeachBottom.5012
FRANKLI2138 KV  FRA-THO1,FRANKLI2_138 KV_FRA-THO1:L765.JacksonsFerry-Cloverdale + 138CB.JF.L,THORNTON 138KV - FRANKLI2 138KV (FRANKLI2 138 KV FRA-THO1) L765.JacksonsFerry-Cloverdale + 138CB.JF.L
JUNCTION 138 KV JUNCTION-PARRRUN AJ4,SNOWYCRE_138 KV_SNO-SNOW:L138.Junction-ParrRun.AJ-4,PARRRUN 138KV - JUNCTION 138KV (JUNCTION 138 KV JUN-PAR) L500.BlackOak-Hatfield.542
MOUN_UGI_69KVMOU-PLY1_1_LN,MOUN UGI_69 KV_MOU-PLY1:230/66.Mountain.T2 (Sctnlz),MOUN_UGI_69KVMOU-PLY1_1_LN 230/66.Mountain.T1 (Sctnlz)
TEXSEAST115 KV  TEX-HUN,TEXSEAST_115 KV_TEX-HUN:230/115.Lewistown.T3,HUNTERST 115KV - TEXSEAST 115KV (TEXSEAST 115 KV TEX-HUN) 230/115.Lewistown.T3
HUNTINGT 138 KV HUNTINGT-HUNTIPSI,HUNTINGT_138 KV_HUN-HUN1:L765.Dumont-Sorenson,HUNTIPSI 138KV - HUNTINGT 138KV (HUNTINGT 138 KV HUN-HUN1) L765.Dumont-Sorenson
SEWARD 230 KV 9 TX,SEWARD_230 KV_9 TX:L500.Cabot-Keystone.5002,SEWARD 230KV - SEWARD 115KV (SEWARD 230 KV 9 TX) L500.Cabot-Keystone.5002
REUSENS 138 KV  1,REUSENS_138 KV_1:ACTUAL,REUSENS 138KV - MONEL 138KV (MONEL 138 KV MON-REU1) L765.Cloverdale-JoshuaFalls
EDGEWATE 138 KV EDGEWATE-VASCOTAP SH-LH,KRENDALE_138 KV_KRE-SEN:L500.Keystone-SouthBend.5001(513),VASCOTAP 138KV - EDGEWATE 138KV (EDGEWATE 138 KV EDG-VAS) L500.Keystone-SouthBend.5001(513)
KLINE   138 KV  KLI-NOR1,KLINE_138 KV_KLI-NOR1:ACTUAL,KLINE 138KV - NORTHEA2 138KV (KLINE 138 KV KLI-NOR1) L765.Dumont-Sorenson
BATTLEBO115 KV  1014A,BATTLEBO_115 KV_1014A:L115.CoolSprings-Mayo-BeechBranch.80,HATHAWAY 115KV - BATTLEBO 115KV (BATTLEBO 115 KV 1014A) L115.CoolSprings-Mayo-BeechBranch.80
BURMA T1 XFORMER H 138 KV,BURMA_138 KV_T1:L115.Glory-Seward,BURMA 138KV - BURMA 115KV (BURMA 138 KV T1) L115.Glory-Seward
CEDARSUB_230KVCED-ROSY_1_LN,CEDARSUB_230 KV_CED-ROSY:L230.CedarGrove-CedarSub-William.F-2206,ROSELAND 230KV - CEDARSUB 230KV (CEDARSUB 230 KV CED-ROSY) L230.CedarGrove-CedarSub-William.F-2206
127_MATT_138KV66032_1_LN,127 MATT_138 KV_6603 2:L345.Bloom-DavisCreek.17907 + TR84 + L17908,6603 138KV - 127 MATT 138KV (127 MATT 138 KV 6603 2) L345.Bloom-DavisCreek.17907 + TR84 + L17908
HOWARD_230KVHOW-PUM_1_LN,HOWARD_230 KV_HOW-PUM:L230.WaughChapel-BrandonShores.2342,HOWARD 230KV - PUMPHREY 230KV (HOWARD 230 KV HOW-PUM) L230.BrandonShores-WaughChapel.2343
MTZION  230 KV  MTZ-QUI5,MTZION_230 KV_MTZ-QUI5:L500.Doubs-GooseCreek.514,MTZION 230KV - QUINCEOR 230KV (MTZION 230 KV MTZ-QUI5) L500.Doubs-GooseCreek.514
ASPENSLR_115KVASP-ROXB_1_LN,ASPENSLR_115 KV_ASP-ROXB:L500.Bedington-Doubs,ASPENSLR 115KV - ROXBURY 115KV (ASPENSLR 115 KV ASP-ROXB) L500.Bedington-Doubs
PETERS 138 KV PETERS-UNIONJCT UNNJ-PTR,PETERS_138 KV_PET-UNI:L345.Tidd-Collier,UNIONJCT 138KV - PETERS 138KV (PETERS 138 KV PET-UNI) L345.Tidd-Collier
YUKON TRAN 4 XFORMER H 500 KV,ALLDAM6_138 KV_ALL-KIT:L500.SouthBend-Yukon,YUKON   500 KV  TRAN  4 L500.SouthBend-Yukon
GARDNERS 115 KV GARDNERS-TEXSEAST GAR-TEX,GARDNERS_115 KV_GAR-TEX:L115.MiddletownJct-Collins.975 (Sctnlz),TEXSEAST 115KV - GARDNERS 115KV (GARDNERS 115 KV GAR-TEX) L115.MiddletownJct-Collins (Sctnlz)
ANACONDA115 KV  55A,ANACONDA_115 KV_55A:L230.MartinsCreek-Portland.1008,ANACONDA 115KV - TARRIVTP 115KV (ANACONDA 115 KV 55A) L230.MartinsCreek-Portland.1008
ENGLAND 138 KV ENGLAND-MERION,BLAIRSVE_138 KV_NO.1 TX:230/115/46.Lewistown.T2&T3,LINE    69 KV   SHI-VIN ENGLAND 138 KV  C       CB      OPEN    MERION  138 KV  GCB B   CB      OPEN    MERION  138 KV  GCB
LARRABEE 230 KV LARRABEE-SMITHBUR D2004,CEDAR_230 KV_CED-OYS:VANHISEVILLE-LARRABEE-COOKSTOWN-WHITINGS,LARRABEE 230KV - SMITHBUR 230KV (LARRABEE 230 KV LAR-SMID) L230.Cedar-OysterCreek
MIDLOTH 500 KV  TX6,MIDLOTH_500 KV_TX6:L500.Morrisville-Spotsylvania.594,MIDLOTH 500KV - MIDLOTH 230KV (MIDLOTH 500 KV TX6) L500.Morrisville-Spotsylvania.594
AMPPARK169 KV   AP1-HAR1,DOLFIELD_115 KV_DOL-HAR1:ACTUAL,AMPPARK169 KV   AP1-HAR1 BASE
MITCHELL 138 KV MITCHELL-UNIONJCT MI-UNNJ,MITCHELL_138 KV_MIT-UNI:500/230.Keystone.T4,MITCHELL 138KV - UNIONJCT 138KV (MITCHELL 138 KV MIT-UNI) 500/230.Keystone.T4
RICHLND 138 KV  TR-5,RICHLND_138 KV_TR-5:L230.Loudoun-ElkLickDp.2173,RICHLND 13.8KV - RICHLND 138KV (RICHLND 138 KV TR-5) L230.Loudoun-ElkLickDp.2173
GARDNERS 115 KV GARDNERS-TEXSEAST GAR-TEX,GARDNERS_115 KV_GAR-TEX:L500.Conemaugh-Keystone.5003,TEXSEAST 115KV - GARDNERS 115KV (GARDNERS 115 KV GAR-TEX) L500.Conemaugh-Keystone.5003
SAMSHEAD_115KV126B_1_LN,KELFORD_115 KV_126A:L115.Carolina-Hornertn-RoRapids-DarlDP-SJustice.81,SAMSHEAD 115KV - KELFORD 115KV (SAMSHEAD 115 KV 126B) L115.Carolina-Hornertn-RoRapids-DarlDP-SJustice.81
MINEROAD230 KV  MIN-SUMM,MINEROAD_230 KV_MIN-SUMM:L230.Ladysmith-LadysmithCT.2089 + LadySmth.T1&T2,SUMMITDP 230KV - MINEROAD 230KV (MINEROAD 230 KV MIN-SUMM) L230.Ladysmith-LadysmithCT.2089 + LadySmth.T1&T2
12_DRESD_345KVDRE-MUL2_1_LN,12 DRESD_345 KV_DRE-MUL2:ACTUAL,939_MUL 345KV - 12 DRESD 345KV (12 DRESD 345 KV DRE-MUL2) BASE
INDIANRI_138KVIND-NEL_1_LN,INDIANRI_138 KV_IND-NEL:L230.Steele-Vienna.23085,INDIANRI 138KV - NELSON 138KV (INDIANRI 138 KV IND-NEL) L230.Steele-Vienna.23085
BLANCO_69KVBLA-NEWM_1_LN,CHURCH_69 KV_CHU-NME:L138.Cheswold-Jones-Clayton.13770,BLANCO 69KV - NEWMERED 69KV (BLANCO 69 KV BLA-NEWM) L138.Cheswold-Jones-Clayton.13770
ELIMA   345 KV  ELI-SWL1,ELIMA_345 KV_ELI-SWL1:L345.SouthBerwick-FostoriaCentral,ELIMA 345KV - SWLIMA 345KV (ELIMA 345 KV ELI-SWL1) L345.SouthBerwick-FostoriaCentral
JACK ME 115 KV JACK ME-MENGES 994-1,JACK ME_115 KV_JAC-NHA:TEMP L115.Menges-PH.Glatfelter.994,JACK ME 115KV - NHANOVER 115KV (JACK ME 115 KV JAC-NHA) TEMP L115.Jackson-Menges.994 (Sctnlz)
TRENTON2138 KV  TRE-COL1,TRENTON2_138 KV_TRE-COL1:L345.EastLima-FostoriaCentral,COLLEGEC 138KV - TRENTON2 138KV (TRENTON2 138 KV TRE-COL1) L345.EastLima-FostoriaCentral
ALLLUD4J138 KV  ALJ-SPR,ALLLUD4J_138 KV_ALJ-SPR:L345.Armstrong-HomerCity,SPRINGDA 138KV - ALLLUD4J 138KV (ALLLUD4J 138 KV ALJ-SPR) L345.Armstrong-HomerCity
TILTONS2_138KVTIL-WIN_1_LN,TILTONS2_138 KV_TIL-WIN:L345.Tidd-WylieRidge,TILTONS2 138KV - WIND APS 138KV (TILTONS2 138 KV TIL-WIN) L345.Tidd-WylieRidge.242
MAHANSLA 138 KV MAHANS LANE-TIDD,MAHANSLA_138 KV_MAH-TID:L500.Belmont-Harrison,TIDD_AEP 138KV - MAHANSLA 138KV (MAHANSLA 138 KV MAH-TID) L500.Belmont-Harrison
ALLENJUN138 KV  ALL-ALLE,ALLENJUN_138 KV_ALL-ALLE:ACTUAL,ALLENJUN-ALLENMOD ALL-ALLE  B  138 KV L345.Allen Junction-Fulton
BALA 230 KV BALA-PLYMOUTH 220-18,NOTTINGH_230 KV_2-3:L500.Keeney-RockSprings.5025,PLYMOUTH 230KV - BALA 230KV (BALA 230 KV BAL-PLY) L500.Keeney-RockSprings.5025
FREMONTE138 KV  WFR-FRE3,FREMONTE_138 KV_WFR-FRE3:ACTUAL,FREMONTE 138KV - WFREMONT 138KV (FREMONTE 138 KV WFR-FRE3) BASE
BRIGHTON230 KV  BRI-MTZ5,BRIGHTON_230 KV_BRI-MTZ5:ACTUAL,BRIGHTON 230KV - MTZION 230KV (BRIGHTON 230 KV BRI-MTZ5) BASE
BUCKNGHM230 KV  TX3,BUCKNGHM_230 KV_TX3:L230.Fredericksburg-Birchwood.2083,BUCKNGHM 35KV - BUCKNGHM 230KV (BUCKNGHM 230 KV TX3) L230.Fredericksburg-Birchwood.2083
HOPEWEL4 230 KV HOPEWEL4-CHESTER4 211A,HOPEWEL4_230 KV_211A:ACTUAL,HOPEWEL4 230KV - CHESTER4 230KV (HOPEWEL4 230 KV 211A) L230.Chesterfield-Hopewell.228
TWITTYCK115 KV  TX1,TWITTYCK_115 KV_TX1:230/138.CedarCreek.AT20,TWITTYCK 115KV - TWITTYCK 35KV (TWITTYCK 115 KV TX1) 230/138.CedarCreek.AT20
MINUEST_230KVMIN-SEW2_1_LN,MINUEST_230 KV_MIN-SEW2:ACTUAL,SEWAREN 230KV - MINUEST 230KV (MINUEST 230 KV MIN-SEW) Linden.CC2 & CT1201
JETERSVL115 KV  TX1,JETERSVL_115 KV_TX1:ACTUAL,JETERSVL 115KV - JETERSVL 35KV (JETERSVL 115 KV TX1) BASE
VALERO  69 KV   VAL-VAPK,VALERO_69 KV_VAL-VAPK:ACTUAL,VALERO 69KV - VALEPKTP 69KV (VALERO 69 KV VAL-VAPK) BASE
NELSON_138KVNEL-VIE_1_LN,NELSON_138 KV_NEL-VIE:L230.IndianRiver-Milford.23034,VIENNA 138KV - NELSON 138KV (NELSON 138 KV NEL-VIE) L230.IndianRiver-Milford.23034
STATELIN-17WOLFLK NIP TIE A 138 KV,177 BURN_138 KV_17712 1:L345.Braidwood-EastFrankfort.2001,STATELIN-17WOLFLK NIP TIE   B  138 KV 345L17703 Burnham-Munster 345 kV Tie Line
10302_138KV135062_1_LN,10302_138 KV_10302 2:ACTUAL,13506 138KV - 10302 138KV (10302 138 KV 13506 2) BASE
HANTHORN138 KV  HAN-THA,HANTHORN_138 KV_HAN-THA:L138.AllenIM-Logtown,THAYER 138KV - HANTHORN 138KV (HANTHORN 138 KV HAN-THA) L138.AllenIM-Logtown
PANTEGO 115 KV  PAN-TERR,PANTEGO_115 KV_PAN-TERR:L230.Earleys-Cashie-Trowbridge.2034,TERRA 115KV - PANTEGO 115KV (PANTEGO 115 KV PAN-TERR) L230.Earleys-Cashie-Trowbridge.2034
116 GOOD138 KV  TR84CT-S,116 GOOD_138 KV_TR84CT-S:ACTUAL,116 GOOD 1KV - 116 GOOD 138KV (116 GOOD 138 KV TR84CT-S) BASE
KEYSTONE_T5_2304TX-S_XF,KEYSTONE_230 KV_4 TX-S:L500.Cabot-Keystone.5002,KEYSTONE 1KV - KEYSTONE 230KV (KEYSTONE 230 KV 4 TX-S) L500.Cabot-Keystone.5002
GORDONSV 230 KV GORDONSV-LOUISACT 2088A,GORDONSV_230 KV_2088A:L500.Elmont-Cunningham.553,GORDONSV 230KV - LOUISACT 230KV (GORDONSV 230 KV 2088A) L500.Elmont-Cunningham.553
HANOVER 69 KV   HAN-PAR,HANOVER_69 KV_HAN-PAR:L230.Susquehanna-Palooka.1,HANOVER 69KV - PARRISPL 69KV (HANOVER 69 KV HAN-PAR) L230.Susquehanna-Palooka.1
GLENBROO_69KVGLE-KOON_1_LN,GLENBROO_69 KV_GLE-KOON:230/69.Mountain.T3(UGI),GLENBROO 69KV - KOONSVIL 69KV (GLENBROO 69 KV GLE-KOON) 230/69.Mountain.T3(UGI)
10THST  138 KV  10T-BUZ6,10THST_138 KV_10T-BUZ6:ACTUAL,BUZZARD 138KV - 10THST 138KV (10THST 138 KV 10T-BUZ6) BASE
HUNTERST115 KV  HUN-RILE,HUNTERST_115 KV_HUN-OXF:L500.Hunterstown-Conastone.5013,HUNTERST 115KV - RILEY 115KV (HUNTERST 115 KV HUN-RILE) L500.Hunterstown-Conastone.5013
FTSLOCUM69 KV   FTS-TAK4,FTSLOCUM_69 KV_FTS-TAK4:L69.Ft Slocum-Takoma.69167,TAKOMA 69KV - FTSLOCUM 69KV (FTSLOCUM 69 KV FTS-TAK4) L69.Ft Slocum-Takoma.69167
KERRDAM 115 KV 193D,KERRDAM_115 KV_193D:L115.Carolina-Sockman-PleasantHillTap-Skippers.130,KERRDP 115KV - KERRDAM 115KV (KERRDAM 115 KV 193D) L115.Carolina-Sockman-PleasantHillTap-Skippers.130
HARWOOD_69KVHAR-HAZ_1_LN,HARWOOD_69 KV_HAR-HAZ:ACTUAL,HAZELPL 69KV - HARWOOD 69KV (HARWOOD 69 KV HAR-HAZ) BASE
GAHANNA 138 KV  GAH-HAP1,GAHANNA_138 KV_GAH-HAP1:ACTUAL,GAHANNA 138KV - HAPCREME 138KV (GAHANNA 138 KV GAH-HAP1) BASE
CORRIDOR138 KV  COR-MOR1,CORRIDOR_138 KV_COR-MOR1:ACTUAL,CORRIDOR 138KV - MORSE 138KV (CORRIDOR 138 KV COR-MOR1) L345.Cosgray-Hayden
DARLEYRD 69 KV DARLEYRD-NAAMANS 6835,DARLEYRD_69 KV_DAR-NAA:Edgemoor-Linwood.22043.or.220-85,NAAMANS 69KV - DARLEYRD 69KV (DARLEYRD 69 KV DAR-NAA) L230.Edgemoor-Linwood.220-85
LINE 69 KV MONR AE-VINELAND 0711-1,MONR AE_69 KV_MON-VINE:L138.Corson-MiddleTap-England.1403,MONR AE 69KV - VINELAND 69KV (MONR AE 69 KV MON-VINE) L138.Corson-MiddleTap-England.1403
LEXINGTN 230 KV LEXINGTN TX4 XFORMER,LEXINGTN_230 KV_TX4:L500.Dooms-Lexington.555,LEXINGTN 230KV - LEXINGTN 115KV (LEXINGTN 230 KV TX4) L500.Dooms-Lexington.555
CONCORD 138 KV  CON-COU,CONCORD_138 KV_CON-COU:Tidd.Cardinal.U1,CONCORD 138KV - COUNTRYS 138KV (CONCORD 138 KV CON-COU) Tidd.Cardinal.U1
FTSLOCUM69 KV   190-6R,FTSLOCUM_69 KV_190-6R:ACTUAL,FTSLOCUM69 KV   190-6R L500.BurchesHill-PossumPoint.560
OTTERRIV 115 KV OTTERRIV-ALTAVSTA 31A,OTTERRIV_115 KV_31A:L500.Carson-Midlothian.563,OTTERRIV 115KV - ALTAVSTA 115KV (OTTERRIV 115 KV 31A) L500.Carson-Midlothian.563
HUNTERST230 KV  REACT,HUNTERST_230 KV_REACT:L500.Conastone-PeachBottom.5012,HUNTERST230 KV  REACT L500.Conastone-PeachBottom.5012
RINGGOLD 230 KV RINGGOLD T4 XFORMER,RINGGOLD_230 KV_T4:ACTUAL,RINGGOLD T4       XFORMER   H  230 KV Bedington Stn+L230.Rngld-OldFrm+230/138.Rngld.T3
GREENTAP138 KV  GRE-LET,GREENTAP_138 KV_GRE-LET:ACTUAL,LETTERKE 138KV - GREENTAP 138KV (GREENTAP 138 KV GRE-LET) BASE
PRESTON 69 KV PRESTON-TODD 6716-6,PRESTON_69 KV_PRE-TAN:230/138.Vienna.AT20,PRESTON-TODD 6716-6         B  69 KV 138/69.Easton.AT1 + L138.Steele-Easton.13712
PLYWOOD 115 KV  151A,PLYWOOD_115 KV_151A:L230.Bremo-Cartersville-Powhatan-Midlothian.2027,SEDGEHIL 115KV - PLYWOOD 115KV (PLYWOOD 115 KV 151A) L230.Bremo-Cartersville-Powhatan-Midlothian.2027
GLASGOW 138 KV  GLA-KEE,GLASGOW_138 KV_GLA-KEE:L500.PeachBottom.BusTie.2,KEENEY 138KV - GLASGOW 138KV (GLASGOW 138 KV GLA-KEE) L500.PeachBottom.BusTie.2
CHARLERO 138 KV CHARLERO-DRYRUN MI-CH-1,CHARLERO_138 KV_CHA-DRY:L345.Crescent-Mansfield,CHARLERO 138KV - DRYRUN 138KV (CHARLERO 138 KV CHA-DRY) L345.Crescent-Mansfield
MORRISVL_500KV594A_1_LN,MORRISVL_500 KV_594A:L500.LadySmth-Chancelr.581,SPOTSLV 500KV - MORRISVL 500KV (MORRISVL 500 KV 594A) L500.LadySmth-Chancelr.581
BIRCHWD 230 KV  BIR-COMO,BIRCHWD_230 KV_BIR-COMO:L500.Elmont-Ladysmith.574,BIRCHWD 230KV - COMORNDP 230KV (BIRCHWD 230 KV BIR-COMO) L500.Elmont-Ladysmith.574
REMNTNCT230 KV  299A,REMNTNCT_230 KV_299A:L500.Morrisville-Spotsylvania.594,REMNTNCT 230KV - MARSHRUN 230KV (REMNTNCT 230 KV 299A) L500.Morrisville-Spotsylvania.594
CARTANZA230 KV  CAR-SIL,CARTANZA_230 KV_CAR-SIL:L230.Milford-Steele.23076,SILVERUN 230KV - CARTANZA 230KV (CARTANZA 230 KV CAR-SIL) L230.Milford-Steele.23076
LINCOLN 115 KV  LIN-RILE,LINCOLN_115 KV_LIN-RILE:ACTUAL,RILEY 115KV - LINCOLN 115KV (LINCOLN 115 KV LIN-RILE) BASE
BETHEL-RIVERTON RLU B 138 KV,BETHEL_138 KV_BET-RIVU:L500.Bismark-Doubs,BETHEL 138KV - RIVERTON 138KV (BETHEL 138 KV BET-RIVU) L500.Bismark-Doubs
CONASTON500 KV  CNS-HUN,CONASTON_500 KV_CNS-HUN:L500.Conemaugh-Juniata.5005,HUNTERST 500KV - CONASTON 500KV (CONASTON 500 KV CNS-HUN) L500.Conemaugh-Juniata.5005
PRESTON-TANYARD 6716-5 B 69 KV,PRESTON_69 KV_PRE-TOD:138/69.Vienna.AT2,TANYARD 69KV - PRESTON 69KV (PRESTON 69 KV PRE-TAN) 138/69.Vienna.AT2
WESTGLOW138 KV  WES-WUR,WESTGLOW_138 KV_WES-WUR:L500.Dooms-Cunningham.534,WESTGLOW 138KV - WURNO 138KV (WESTGLOW 138 KV WES-WUR) L500.Dooms-Cunningham.534
HARRISN 138 KV  HAR-OST,HARRISN_138 KV_HAR-OST:L500.BurchesHill-PossumPoint.560,HARRISN 138KV - OST 138KV (HARRISN 138 KV HAR-OST) L500.BurchesHill-PossumPoint.560
HARWGATE_230KV205C_1_LN,HARWGATE_230 KV_205C:L230.Chesterfield-Hopewell.211,LOCKS 230KV - HARWGATE 230KV (HARWGATE 230 KV 205C) L230.Chesterfield-Hopewell.211
FRONTST 230 KV  FRO-ROS,FRONTST_230 KV_FRO-ROS:L500.Hopatcong-Roseland.5061,FRONTST 230KV - ROSELAND 230KV (FRONTST 230 KV FRO-ROS) L500.Hopatcong-Roseland.5061
OAKHALL 69 KV OAKHALL- PERDUE 6778-1,GREENBUS_69 KV_GRN-TAS:L69.OakHall-Perdue-Tasley.6778,GREENBUS 69KV - TASLEY 69KV (GREENBUS 69 KV GRN-TAS) L69.OakHall-Perdue-Tasley.6778
NEWCARLI138 KV  NEW-PLE,NEWCARLI_138 KV_NEW-PLE:L138.Riverside-MainStreet,NEWCARLI 138KV - PLETCHER 138KV (NEWCARLI 138 KV NEW-PLE) L138.Riverside-MainStreet
ALLENIM-RPMONE ALL-RPM A 345 KV,ALLENIM_345 KV_ALL-RPM:Perry.U1,ALLENIM 345KV - RPMONE 345KV (ALLENIM 345 KV ALL-RPM) Perry.U1
OTTERRIV_115KV31A_1_LN,OTTERRIV_115 KV_31A:L500.Cloverdale-Lexington.566 + 500/230.Lexgtn.TX3,OTTERRIV 115KV - ALTAVSTA 115KV (OTTERRIV 115 KV 31A) L500.Cloverdale-Lexington.566
SAPONY  230 KV  TX2,SAPONY_230 KV_TX2:345/138.Collier.T2,SAPONY 35KV - SAPONY 230KV (SAPONY 230 KV TX2) 345/138.Collier.T2
CHATFIEL138 KV  CHA-HOW1,CHATFIEL_138 KV_CHA-HOW1:L138.Howard-Melmore,CHATFIEL 138KV - HOWARD2 138KV (CHATFIEL 138 KV CHA-HOW1) L138.Howard-Melmore
POSSUMP4500 KV  TX1,POSSUMP4_500 KV_TX1:L500.BurchesHill-PossumPoint.560,POSSUMP4 500KV - POSSUMP4 230KV (POSSUMP4 500 KV TX1) L500.BurchesHill-PossumPoint.560
CLIN DUQ 138 KV CLINTON-FINDLAY Z-34,CLIN DUQ_138 KV_CLI-FIN:L345.Crescent-Mansfield,CLIN DUQ 138KV - FINDLAY 138KV (CLIN DUQ 138 KV CLI-FIN) L345.Crescent-Mansfield
MAPLTNDP-MURPHY   108B      B   115 KV,MAPLTNDP_115 KV_108B:L115.SouthHampton-WatkinsCr-Franklin-UnionCamp.93,MURPHY 115KV - MAPLTNDP 115KV (MAPLTNDP 115 KV 108B) L115.SouthHampton-WatkinsCr-Franklin-UnionCamp.93
POSSUMP4500 KV  TX1,POSSUMP4_500 KV_TX1:L500.Clifton-Ox.561+500/230.Clifton.TX2,POSSUMP4 500KV - POSSUMP4 230KV (POSSUMP4 500 KV TX1) L500.Clifton-Ox.561+500/230.Clifton.TX2
RESTON  230 KV  2015A,RESTON_230 KV_2015A:L230.Brambleton-PolandRoad.2183,DULLES 230KV - RESTON 230KV (RESTON 230 KV 2015A) L230.Brambleton-PolandRoad.2183
EDGEWOOD 115 KV EDGEWOOD-SHELOCTA LSH 1036,SHAWVILL_230 KV_BNK 1A-P:L115.Edgewood.Shelocta.1036 (Sctnlz),SHELOCTA 115KV - EDGEWOOD 115KV (EDGEWOOD 115 KV EDG-SHE) L115.Burma-Piney + 138/115.Burma.T1
MIDDLJCT 115 KV MIDDLJCT-YORKHAVE 977-1,MIDDLJCT_115 KV_MID-YOR8:230/115.Yorkana.T3,MIDDLJCT 115KV - YORKHAVE 115KV (MIDDLJCT 115 KV MID-YOR8) 230/115.Yorkana.T3
LOGAN   138 KV  LOG-PIN1,LOGAN_138 KV_LOG-PIN1:L138.BigSandy-Inez,LOGAN 138KV - PINECRTP 138KV (LOGAN 138 KV LOG-PIN1) L138.BigSandy-Inez
ELMONT4 500 KV ELMONT4 TX1 XFORMER,ELMONT4_500 KV_TX1:L500.Elmont-Ladysmith.574,ELMONT4  TX1      XFORMER   H  500 KV MKTS: L500.Elmont-Ladysmith.574
CAROLINA115 KV  CAR-SOCK,CAROLINA_115 KV_CAR-SOCK:Tidd.Cardinal.U1,SOCKMAN 115KV - CAROLINA 115KV (CAROLINA 115 KV CAR-SOCK) Tidd.Cardinal.U1
CHAUNCYT138 KV  CHA-LOG1,CHAUNCYT_138 KV_CHA-LOG1:L765.Broadford-JacksonsFerry + B138.Broadford.RL3,LOGAN 138KV - CHAUNCYT 138KV (CHAUNCYT 138 KV CHA-LOG1) L765.Broadford-JacksonsFerry + B138.Broadford.RL3
ELIMA   345 KV  ELI-SWL1,ELIMA_345 KV_ELI-SWL1:L345.SouthBerwick-Galion,ELIMA 345KV - SWLIMA 345KV (ELIMA 345 KV ELI-SWL1) L345.SouthBerwick-Galion
108 LOCK 345 KV 108 LOCK-116 GOOD 11604,108 LOCK_345 KV_11604:L345.Dresden-Pontiac.8014,108 LOCK 345KV - 116 GOOD 345KV (108 LOCK 345 KV 11604) L345.Dresden-Pontiac.8014
CIDERPR 138 KV  CID-GRAN,CIDERPR_138 KV_CID-GRAN:ACTUAL,GRANDPT 138KV - CIDERPR 138KV (CIDERPR 138 KV CID-GRAN) BASE
ASHTABUL138 KV  ASH-04S4,ASHTABUL_138 KV_ASH-04S4:L345.LeroyCenter-Perry,ASHTABUL 138KV - SANBORN 138KV (ASHTABUL 138 KV ASH-04S4) L345.LeroyCenter-Perry
SAXTON-THREESPR 2K 1062 A 115 KV,SAXTON_115 KV_SAX-THR:L500.Conastone-PeachBottom.5012,SAXTON-THREESPR 2K 1062     A  115 KV L500.Brighton-Conastone
LOUDOUN4 500 KV LOUDOUN4 TX2 XFORMER,LOUDOUN4_500 KV_TX2:L230.EvergreenMills-Brableton.2172,LOUDOUN4 500KV - LOUDOUN4 230KV (LOUDOUN4 500 KV TX2) L230.EvergreenMills-Brableton.2172
GRABILL 138 KV  GRA-SOWR,GRABILL_138 KV_GRA-SOWR:L765.Marysville-Sorenson,GRABILL 138KV - SOWERS 138KV (GRABILL 138 KV GRA-SOWR) L765.Marysville-Sorenson
150 CALU138 KV  0716,150 CALU_138 KV_0716:ACTUAL,150 CALU 138KV - 7 STATE 138KV (150 CALU 138 KV 0716) BASE
WEFOSTOR138 KV  WES-WOOD,WEFOSTOR_138 KV_WES-WOOD:L345.FostoriaCentral-Lallendorf,WOODVLTE 138KV - WEFOSTOR 138KV (WEFOSTOR 138 KV WES-WOOD) L345.FostoriaCentral-Lallendorf
GERMANTO138 KV  GER-TAN,GERMANTO_138 KV_GER-TAN:L500.Brighton-Conastone.5011,GERMANTO 138KV - TANEYTOW 138KV (GERMANTO 138 KV GER-TAN) L500.Brighton-Conastone.5011
HOMERCIT_230KVHOM-SHE_1_LN,HOMERCIT_230 KV_HOM-SHE:L345.Armstrong-HomerCity,SHELOCTA 230KV - HOMERCIT 230KV (HOMERCIT 230 KV HOM-SHE) L345.Armstrong-HomerCity
MILL    69 KV   MIL-TUC,MILL_69 KV_MIL-TUC:L230.Cumberland-Orchard.2314,MILL 69KV - TUCKAHOE 69KV (MILL 69 KV MIL-TUC) L230.Cumberland-Orchard.2314
HILLSBOR138 KV  HIL-SIN1,HILLSBOR_138 KV_HIL-SIN1:L765.Jefferson-Rockport,SINKINGS 138KV - HILLSBOR 138KV (HILLSBOR 138 KV HIL-SIN1) L765.Jefferson-Rockport
LOVETTSV 138 KV LOVETTSV-MILLVILL MVF1,LOVETTSV_138 KV_LOV-MIL:ACTUAL,DOUBS-LOVETTSV MVF2         A  138 KV L500.PleasantView-Loudoun.558 (Sctnlz)
EUGENE 345 KV EUGENE-CAYUGA3,CAYUGA2_345 KV_CAY-CAY2:Jefferson-Rockport (JEF-ROC1) 765 Line,EUGENE 345KV - CAYUGA3 345KV (EUGENE 345 KV EUG-CAY1) Jefferson-Rockport 765+Rockport Unit 1
CLY_115KVCLY-YOR_1_LN,CLY_115 KV_CLY-YOR:L500.Conastone-PeachBottom.5012,YORKHAVE 115KV - CLY 115KV (CLY 115 KV CLY-YOR) L500.Conastone-PeachBottom.5012
CENTER-WESTPORT 110552 A 115 KV,CENTER_115 KV_CEN-ERD6:230/115.Riverside.T2+L230.Rivsid-BrndShr&Rivsid-NE,WESTPORT 115KV - CENTER 115KV (CENTER 115 KV CEN-WES2) 230/115.Riverside.T2+L230.Rivsid-BrndShr&Rivsid-NE
MIAMIFOR-08WILEY1 9784 A 138 KV,MIAMIFOR_138 KV_MIA-08W1:L345.MiamiFort-Woodsdale.4592,MIAMIFOR-08WILEY1 9784      A  138 KV L345.East Bend-Terminal
BLACKWEL138 KV  BK1,BLACKWEL_138 KV_BK1:345/138.Buffington.45,BLACKWEL 138KV - BLACKWEL 69KV (BLACKWEL 138 KV BK1) 345/138.Buffington.45
RICHLND 138 KV  TR-5,RICHLND_138 KV_TR-5:L345.Arsenal-BrunotIsland.305,RICHLND 138KV - RICHLND 13.8KV (RICHLND 138 KV TR-5) L345.Arsenal-BrunotIsland.305
37 NATOM 138 KV 37 NATOM-71 HIGGI 3706,37 NATOM_138 KV_3706:ACTUAL,37 NATOM 138KV - 71 HIGGI 138KV (37 NATOM 138 KV 3706) BASE
HENDRICK230 KV  HEN-PERS,HENDRICK_230 KV_HEN-PERS:Heritage-Wake 500 kV,HENDRICK 230KV - PERSON4 230KV (HENDRICK 230 KV HEN-PERS) L500.BrunswickSwitchingStationHeritage-Wake.570
HIGHRIDG230 KV  HIG-SAN1,HIGHRIDG_230 KV_HIG-SAN1:L500.Brighton-Conastone.5011,HIGHRIDG 230KV - SANDYSPG 230KV (HIGHRIDG 230 KV HIG-SAN1) L500.Brighton-Conastone.5011
DELAWAIM138 KV  DEL-WES1,DELAWAIM_138 KV_DEL-HOG1:ACTUAL,DELAWAIM138 KV  DEL-WES1 138/69/34.DeerCreek.T1
SANDERSO138 KV  GSU1,SANDERSO_138 KV_GSU1:L230.Dauphin-Juniata.1087 + 230/69.Dauphin.T2,SANDERSO 138KV - SANDERSO 13.8KV (SANDERSO 138 KV GSU1) L230.Dauphin-Juniata.1087 + 230/69.Dauphin.T2
BENTON HARBOR 345/138 KV L/O SEGRETO-COOK 345 KV,NEWCARLI_138 KV_NEW-OLI1:Cook-Palisades and Cook-Benton Harbor 345 kV,ELIMA   138 KV  ELI-NEW1 BENTON HARBOR PALISADE COOK345KV LINE
153_TAYL_345KV15324X_1_LN,153 TAYL_345 KV_15324 X:L345.Gdngs-11614-BlIsl-Wltn.11614 R,11 FISK 345KV - 153 TAYL 345KV (153 TAYL 345 KV 15324 X) L345.Gdngs-11614-BlIsl-Wltn.11614 R
AUGTINE 138 KV  08A-WEN1,AUGTINE_138 KV_08A-WEN1:L345.Pierce-Foster,AUGTINE 138KV - WEST_END 138KV (AUGTINE 138 KV 08A-WEN1) L345.Pierce-Foster
WESTGLOW138 KV  WES-WUR,WESTGLOW_138 KV_WES-WUR:765/138.JacksonsFerry.XF3,WESTGLOW 138KV - WURNO 138KV (WESTGLOW 138 KV WES-WUR) 765/138.JacksonsFerry.XF3
HARMONY 138 KV  HAR-KIA,HARMONY_138 KV_HAR-KIA:L230.Edgemoor-Harmony.23012,HARMONY 138KV - KIAMENSI 138KV (HARMONY 138 KV HAR-KIA) L230.Edgemoor-Harmony.23012
BERYL   138 KV  BER-MTZ,BERYL_138 KV_BER-MTZ:L500.Conastone-PeachBottom.5012,MTZI APS 138KV - BERYL 138KV (BERYL 138 KV BER-MTZ) L500.Conastone-PeachBottom.5012
MTNEBO_69KVFAC-MTNB_1_LN,MTNEBO_69 KV_FAC-MTNB:ACTUAL,FACEROCK 69KV - MTNEBO 69KV (MTNEBO 69 KV FAC-MTNB) 115/69.Face Rock.1&2
JETERSVL115 KV  TX1,JETERSVL_115 KV_TX1:L230.Kittatinny-Newton.T2298,JETERSVL 115KV - JETERSVL 35KV (JETERSVL 115 KV TX1) L230.Kittatinny-Newton.T2298
EWATERVT138 KV  EAS-WES,EWATERVT_138 KV_EAS-WES:L138.Corey-Mottville,WESTSTRE 138KV - EWATERVT 138KV (EWATERVT 138 KV EAS-WES) L138.Corey-Mottville
ESAYRE 115 KV ESAYRE-ETOWANDA ETS 1056,ESAYRE_115 KV_ESA-NWA:L115.EastSayre-EastTowanda.1056,ESAYRE-ETOWANDA ETS 1056    B  115 KV L345.HomerCity-Watercure [NYISO]
LACKAWAN230 KV  2,LACKAWAN_230 KV_2:ACTUAL,LACKAWAN 230KV - LACKAWAN 500KV (LACKAWAN 500 KV 4) L230.lackawanna-Summit2 & Lackawanna-Paupack
HUMMELCR138 KV  HUM-GRE1,HUMMELCR_138 KV_HUM-GRE1:ACTUAL,GREENTO2 138KV - HUMMELCR 138KV (HUMMELCR 138 KV HUM-GRE1) L765.Dumont-Sorenson
COLONIAL115 KV COL-ROC1,COLONIAL_115 KV_COL-ROC1:L230.Graceton-Bagley-RaphaelRoad.2305,ROCKRIDG 115KV - COLONIAL 115KV (COLONIAL 115 KV COL-ROC1) L230.Graceton-Bagley-RaphaelRoad.2305
HUNTERST115 KV  HUN-LNJ,HUNTERST_115 KV_HUN-LNJ:L500.Hunterstown-Conastone.5013+Cap,HUNTERST115 KV  HUN-LNJ Hunterstown-Lincoln (962) 115 kV line
CHESTNT 115 KV  1024A,CHESTNT_115 KV_1024A:L230.Chinquapin-Everetts.2160,CHESTNT 115KV - COXDP 115KV (CHESTNT 115 KV 1024A) L230.Chinquapin-Everetts.2160
BAGLEY 230 KV BAGLEY -RAPHAERD BAG-RAP,BAGLEY_230 KV_BAG-RAP5:L230.Graceton-FvFrks.110510 + 230/115.Grctn.230-1,BAGLEY 230KV - RAPHAERD 230KV (BAGLEY 230 KV BAG-RAP) L230.Graceton-FvFrks.110510 + 230/115.Grctn.230-1
CHAUNCYT138 KV  CHA-LOG1,CHAUNCYT_138 KV_CHA-LOG1:L500.BrunswickSwitchingStationHeritage-Wake.570,LOGAN 138KV - CHAUNCYT 138KV (CHAUNCYT 138 KV CHA-LOG1) L500.BrunswickSwitchingStationHeritage-Wake.570
SAPONY  230 KV  TX2,SAPONY_230 KV_TX2:500/230.WaughChapel.500-4,SAPONY 35KV - SAPONY 230KV (SAPONY 230 KV TX2) 500/230.WaughChapel.500-4
LINCOJCT 115 KV LINCOJCT-ORRTANNA 963-2,ORRTANNA_115 KV_3 TX 11:ACTUAL,LINCOJCT-LINCOLN 963-1T     A  115 KV Hunterstown-Lincoln (962) 115 kV line
74 KEWAN138 KV  7405 2,74 KEWAN_138 KV_7405 2:L345.Nelson-ElectricJunction.15502,74 KEWAN138 KV  7405 2 L345.Nelson-ElectricJunction.15502
KEVLAR  115 KV  53A,KEVLAR_115 KV_53A:L500.Carson-Midlothian.563,CHESTER4 115KV - KEVLAR 115KV (KEVLAR 115 KV 53A) L500.Carson-Midlothian.563
CRESCNT 138 KV  08C-WEN1,CRESCNT_138 KV_08C-WEN1:L345.Red Bank-Terminal,CRESCNT 138KV - WEST_END 138KV (CRESCNT 138 KV 08C-WEN1) L345.Red Bank-Terminal
CPL-DOM CONTINGENCY 1,CPL-DOM contingency 1 L500.Carson-Rawlings.511,TRANSFER INTERFACE: CPL-DOM L500.Carson-Rawlings.511
AEP-DOM CONTINGENCY 62,AEP-DOM contingency 44 Marshal.U2304,AEP-DOM contingency 62 Marshal.U2303
SPORTSMO138 KV  SPO-MIL1,SPORTSMO_138 KV_SPO-MIL1:138/69/34.Bellefonte.T2,MILLBROO 138KV - SPORTSMO 138KV (SPORTSMO 138 KV SPO-MIL1) 138/69/34.Bellefonte.T2
VIENNA 138 KV AT2,VIENNA_138 KV_AT2:230/138.PineyGrove.AT20,VIENNA 69KV - VIENNA 138KV (VIENNA 138 KV AT2) 230/138.PineyGrove.AT20
LINCOLN369 KV   LIN-SMIL,LINCOLN3_69 KV_LIN-SMIL:ACTUAL,LINCOLN3 69KV - SMILLVIL 69KV (LINCOLN3 69 KV LIN-SMIL) L69.Sherman-SecondSt.0758
SAPONY  230 KV  TX2,SAPONY_230 KV_TX2:L230.WestOrange-Marion-LaurelAve-Roseland.J-2288,SAPONY 35KV - SAPONY 230KV (SAPONY 230 KV TX2) L230.WestOrange-Marion-LaurelAve-Roseland.J-2288
DELAWARE 138 KV DELAWARE-WATK TAP DEL-WAT,DELAWARE_138 KV_DEL-WAT:345/138.Greene.BK-S,DELAWARE 138KV - WATK TAP 138KV (DELAWARE 138 KV DEL-WAT) 345/138.Greene.BK-S
EDGEWATE 138 KV EDGEWATE-VASCOTAP SH-LH,EDGEWATE_138 KV_EDG-LOY:L500.RhodesLane-Yukon.518,VASCOTAP 138KV - EDGEWATE 138KV (EDGEWATE 138 KV EDG-VAS) L500.RhodesLane-Yukon.518
LOYALHAN138 KV  LOY-LUX,LOYALHAN_138 KV_LOY-LUX:L500.Keystone-SouthBend.5001(513),LUXOR 138KV - LOYALHAN 138KV (LOYALHAN 138 KV LOY-LUX) L500.Keystone-SouthBend.5001(513)
CHARLERO 138 KV CHARLERO-UNIONJCT UNNJ-CH,CHARLERO_138 KV_CHA-YUK:L500.Hatfield-RhodesLane.517,CHARLERO 138KV - UNIONJCT 138KV (CHARLERO 138 KV CHA-UNI) L500.Hatfield-RhodesLane.517
HOPEWEL4230 KV  2046A,HOPEWEL4_230 KV_2046A:ACTUAL,HOPEWEL4230 KV  211A 562 LINE: CARSON-SEPTA
YUKON TRAN 4 XFORMER H 500 KV,YUKON_500 KV_TRAN 3:ACTUAL,YUKON    TRAN  4  XFORMER   H  500 KV 500/138.Yukon.T1 & T3 (Failed Sect.)
HOWARD-PUMPHREY 2332-B A 230 KV,HOWARD_230 KV_HOW-PUM:L230.Graceton-Bagley-RaphaelRoad.2305,HOWARD 230KV - PUMPHREY 230KV (HOWARD 230 KV HOW-PUM) L230.Graceton-Bagley-RaphaelRoad.2305
BURTONSV 230 KV BURTONSV-OAKGROVE 23045,BURTONSV_230 KV_BUR-OAK5:L500.BurchesHill-PossumPoint.560,BURTONSV 230KV - OAKGROVE 230KV (BURTONSV 230 KV BUR-OAK2) L500.BurchesHill-PossumPoint.560
945 CRET 345 KV 945 CRETE 45TR1-2 13,945 CRET_345 KV_TR1-2 13:ACTUAL,945 CRET 13.5KV - 945 CRET 345KV (945 CRET 345 KV TR1-2 13) BASE
BERGEN 230 KV BERGEN-LEONIA T-2272,ATHENIA_230 KV_ATH-BEL:L230.Bergen-Leonia.T-2272,BERGEN 230KV - LEONIA 230KV (BERGEN 230 KV BER-LEO) L500.Hopatcong-Ramapo.5018
DEERCREE 138 KV DEERCREE-MULFBTAP,DEERCREE_138 KV_DEE-DOO:L138.Strawton-Mulfbtap-DeerCreek-FisherBody,DOOVILLE 138KV - DEERCREE 138KV (DEERCREE 138 KV DEE-DOO) L138.Strawton-Mulfbtap-DeerCreek-FisherBody
CHURCH 69 KV CHURCH-NEWMERED 6704-1,CHURCH_69 KV_CHU-NME:138/69.Cheswold.AT1 + L69.Cheswold-Kent.6768,CHURCH 69KV - NEWMERED 69KV (CHURCH 69 KV CHU-NME) 138/69.Cheswold.AT1 + L69.Cheswold-Kent.6768
SPORTSMO 138 KV SPORTSMO-ARGENTUM,SPORTSMO_138 KV_SPO-ARG1:138/69/34.Bellefonte.T2,MILLBROO 138KV - SPORTSMO 138KV (SPORTSMO 138 KV SPO-MIL1) 138/69/34.Bellefonte.T2
EASTPT  115 KV  EAP-GOL4,EASTPT_115 KV_EAP-GOL4:ACTUAL,EASTPT 115KV - GOLDENRI 115KV (EASTPT 115 KV EAP-GOL4) Center-Erdman (110556) 115 kV line
SWLIMA  138 KV  SWL-WMO1,SWLIMA_138 KV_SWL-WMO1:L345.Red Bank-Terminal,SWLIMA 138KV - WMOULTON 138KV (SWLIMA 138 KV SWL-WMO1) L345.Red Bank-Terminal
SANDERSO138 KV  GSU2,SANDERSO_138 KV_GSU2:L230.Bremo-Cartersville-Powhatan-Midlothian.2027,SANDERSO 13.8KV - SANDERSO 138KV (SANDERSO 138 KV GSU2) L230.Bremo-Cartersville-Powhatan-Midlothian.2027
MADDOXCR_345KVMAD-RPM_1_LN,MADDOXCR_345 KV_MAD-RPM:Marysville-Sorenson 765 kV,RPMONE 345KV - MADDOXCR 345KV (MADDOXCR 345 KV MAD-RPM) 765/345.Marysville.T2
APSOUTH CONTINGENCY 54,APSOUTH contingency 50 L500.Bismark-Doubs,TRANSFER INTERFACE: APSOUTH L500.Bismark-MtStorm
HARRISN 138 KV  HAR-VAN,HARRISN_138 KV_HAR-VAN:ACTUAL,HARRISN 138KV - VANNESS 138KV (HARRISN 138 KV HAR-VAN) BASE
GRETNA  69 KV   GRE-MTAI,GRETNA_69 KV_GRE-MTAI:ACTUAL,MTAIRYTP 69KV - GRETNA 69KV (GRETNA 69 KV GRE-MTAI) BASE
SILVERGR138 KV  BEC-SIL,SILVERGR_138 KV_BEC-SIL:ACTUAL,SILVERGR 138KV - BECKJORD 138KV (SILVERGR 138 KV BEC-SIL) L345.Zimmer-PortUnion.4544
KEYSTONE 230 KV KEYSTONE 4 TX-S XFORMER,KEYSTONE_230 KV_4 TX-S:ACTUAL,KEYSTONE 4 TX-S   XFORMER   H  230 KV L230.Conemaugh-Seward
LOWMOOR 138 KV  TX1B,LOWMOOR_138 KV_TX1B:ACTUAL,LOWMOOR 138 KV  TX1B BASE
MAYWOOD 230 KV MAYWOOD-SADDLEBR G-2259,BERGEN_230 KV_BER-LEO:L230.Bergen-Leonia.K-2289,SADDLEBR 230KV - MAYWOOD 230KV (MAYWOOD 230 KV MAY-SAD) L230.Bergen-Leonia.K-2289
NRTHALEX230 KV  NRT-POTO,NRTHALEX_230 KV_NRT-POTO:L500.Possum Point-Ox.571,NRTHALEX 230KV - POTOMACY 230KV (NRTHALEX 230 KV NRT-POTO) L500.Possum Point-Ox.571
PENDER  230 KV  2051A,PENDER_230 KV_2051A:L230.Beaumead-Ashburn-PleasantView.274,CLIFTON 230KV - PENDER 230KV (PENDER 230 KV 2051A) L230.Beaumead-Ashburn-PleasantView.274
TIDD_AEP138 KV  B-S,TIDD_AEP_138 KV_B-S:345/138.Holloway.TR1,TIDD_AEP 1KV - TIDD_AEP 138KV (TIDD_AEP 138 KV B-S) 345/138.Holloway.TR1
SHAWVILL115 KV  BNK 1A-S,SHAWVILL_115 KV_BNK 1A-S:L230.ETowanda-Hillside.2002 [NYISO],SHAWVILL 1KV - SHAWVILL 115KV (SHAWVILL 115 KV BNK 1A-S) L230.ETowanda-Hillside.2002 [NYISO]
HOWARD-PUMPHREY 2332-B A 230 KV,HOWARD_230 KV_HOW-PUM:L230.Graceton-FvFrks.110510 + 230/115.Grctn.230-1,HOWARD 230KV - PUMPHREY 230KV (HOWARD 230 KV HOW-PUM) L230.Graceton-FvFrks.110510 + 230/115.Grctn.230-1
BUTLER_69KVBUT-VIN_1_LN,BUTLER_69 KV_BUT-VIN:L69.Sherman-Vineland.0761,BUTLER 69KV - VINELAND 69KV (BUTLER 69 KV BUT-VIN) L69.Sherman-Vineland.0761
TIDD_AEP 345 KV TIDD_AEP B-P XFORMER,TIDD_AEP_345 KV_B-P:345/138.Holloway.TR1,TIDD_AEP 138KV - GABLESW 138KV (GABLESW 138 KV GAB-TID) 345/138.Holloway.TR1
HAVILAND69 KV   HAV-LAT,HAVILAND_69 KV_HAV-LAT:345/138.RobisonPark.T5,HAVILAND 69KV - LATTYJCT 69KV (HAVILAND 69 KV HAV-LAT) 345/138.RobisonPark.T5
HIGHRIDG-SANDYSPR 2334 A 230 KV,HIGHRIDG_230 KV_HIG-SAN3:500/230.WaughChapel.500-4,SANDYSPG 230KV - HIGHRIDG 230KV (HIGHRIDG 230 KV HIG-SAN3) 500/230.WaughChapel.500-4
OX4 500 KV OX4 TX2 XFORMER,OX4_500 KV_TX2:L500.Loudoun-Morrisville.569,OX4 500KV - OX4 230KV (OX4 500 KV TX2) L500.Loudoun-Morrisville.569
LINCOLN 115 KV  LIN-RILE,LINCOLN_115 KV_LIN-STR:L500.Hunterstown-Conastone.5013,RILEY 115KV - LINCOLN 115KV (LINCOLN 115 KV LIN-RILE) L500.Hunterstown-Conastone.5013
CHURCH 69 KV CHURCH-IBCORN 6710-1,CHURCH_69 KV_CHU-NME:L69.Church-IBCornrs-Pric-Centreville-WyeMills.6710,CHURCH-IBCORN 6710-1        A  69 KV 230/138.Steele.AT22
CROZET_230KV291B_1_LN,PRGEORGE_230 KV_TX1:L500.Carson-Midlothian.563,CROZET 230KV - BARRCKRD 230KV (CROZET 230 KV 291B) L500.Carson-Midlothian.563
SANDERSO138 KV  GSU1,SANDERSO_138 KV_GSU1:L230.Beaumead-Ashburn-PleasantView.274,SANDERSO 138KV - SANDERSO 13.8KV (SANDERSO 138 KV GSU1) L230.Beaumead-Ashburn-PleasantView.274
EDGEMOOR230 KV  EDG-LIN,EDGEMOOR_230 KV_EDG-LIN:500/230.Keeney.AT50,LINWDPE 230KV - EDGEMOOR 230KV (EDGEMOOR 230 KV EDG-LIN) 500/230.Keeney.AT50
PEACHBOT 500 KV PEACH BOTTOM-ROCKSPRI 5014,PEACHBOT_500 KV_PEA-ROC:L500.Limerick-PeachBottom.5010,PEACHBOT 500KV - ROCKSPRI 500KV (PEACHBOT 500 KV PEA-ROC) L500.Limerick-PeachBottom.5010
NATRIUM2_138KVNAT-NEW_1_LN,NATRIUM2_138 KV_NAT-NEW:RAS.L500.Belmont-Harrison + Pleasants.U2,NATRIUM2 138KV - NEWMARTI 138KV (NATRIUM2 138 KV NAT-NEW) L500.FlintRun-Harrison.598
CRES DUQ138 KV  CRE-MTN,CRES DUQ_138 KV_CRE-MTN:Clinton (DUQ) 345/138 KV TRANSFORMER,CRES DUQ 138KV - MT NEBO 138KV (CRES DUQ 138 KV CRE-MTN) Clinton (DUQ) 345/138 KV TRANSFORMER
CECIL 138 KV CECIL-GLASGOW 13810,CECIL_138 KV_CEC-GLA:500/230.Conastone.500-4,CECIL 138KV - GLASGOW 138KV (CECIL 138 KV CEC-GLA) 500/230.Conastone.500-4
DOEX530 345 KV  DOE-PIE2,DOEX530_345 KV_DOE-PIE2:L345.Adkins-Atlanta,DOEX530 345KV - PIERCE 345KV (DOEX530 345 KV DOE-PIE2) L345.Adkins-Atlanta
BAGLEY 230 KV BAGLEY -GRACETON BAG-GRA,BAGLEY_230 KV_BAG-GRA:L500.Conastone-PeachBottom.5012,GRACETON 230KV - BAGLEY 230KV (BAGLEY 230 KV BAG-GRA) L500.Conastone-PeachBottom.5012
BEAV DUQ138 KV  BEA-RAC,BEAV DUQ_138 KV_BEA-RAC:Clinton (DUQ) 345/138 KV TRANSFORMER,BEAV DUQ 138KV - RACC DUQ 138KV (BEAV DUQ 138 KV BEA-RAC) Clinton (DUQ) 345/138 KV TRANSFORMER
DESOTO  345 KV  DES-KEY1,DESOTO_345 KV_DES-KEY1:L765.Marysville-Sorenson,KEYSTNE 345KV - DESOTO 345KV (DESOTO 345 KV DES-KEY1) L765.Marysville-Sorenson
BLMNTDOM230 KV  201,BLMNTDOM_230 KV_BEL-COCH:L230.Beaumead-Ashburn-PleasantView.274,BLMNTDOM230 KV  201 L230.Beaumead-Ashburn-PleasantView.274
112_WILT_T1_765TR94CT-P_XF,112 WILT_765 KV_TR94CT-P:L345.Babcock-Stillwell,112 WILT 1KV - 112 WILT 765KV (112 WILT 765 KV TR94CT-P) L345.Babcock-Stillwell
ROXBURY NO2 TX XFORMER H 138 KV,ROXBURY_138 KV_NO2 TX:ACTUAL,ROXBURY  NO2 TX   XFORMER   H  138 KV L115.MiddletownJct-Collins.975 (Sctnlz)
113 WATE-146 SAND 11301 B 138 KV,113 WATE_138 KV_11301:L345.Byron-Wayne.0626,113 WATE 138KV - 146 SAND 138KV (113 WATE 138 KV 11301) L345.Byron-Wayne.0626
49STREET_230KV49T-HOBR_1_LN,49STREET_230 KV_49T-HOBR:ACTUAL,49STREET230 KV  49T-HOBR HUDSON 220-2 LINE(HUDSON BUS TIES CLOSED)
CHURCH 69 KV CHURCH-NEWMERED 6704-1,CHURCH_69 KV_CHU-NME:L230.CedarCreek-SilverRun.23030,KENT-NEWMERED 6704-2        A  69 KV L230.CedarCreek-RedLion.23030
SANDERSO138 KV  GSU2,SANDERSO_138 KV_GSU2:L230.Dooms-Charlottesville.233,SANDERSO 13.8KV - SANDERSO 138KV (SANDERSO 138 KV GSU2) L230.Dooms-Charlottesville.233
CHASECTY115 KV  1027,CHASECTY_115 KV_1027:ACTUAL,CHASECTY115 KV  1027 BASE
12 DRESD345 KV  1220,12 DRESD_345 KV_1220:345L2310 Collins-Kendall 345 kV Line,12 DRESD 345KV - 900 ELWO 345KV (12 DRESD 345 KV 1220) 345L2310 Collins-Kendall 345 kV Line
BRIGHTON230 KV  BRI-BUR3,BRIGHTON_230 KV_BRI-BUR3:ACTUAL,BRIGHTON 230KV - BURTONSV 230KV (BRIGHTON 230 KV BRI-BUR3) BASE
SPORTSMO 138 KV SPORTSMO-ARGENTUM,GRAYSBRA_69 KV_GRA-ARG1:L138.Argentum-Sportsmo-Millbrook,ARGNT_EK 69KV - GRAYSBRA 69KV (GRAYSBRA 69 KV GRA-ARG1) L138.Argentum-Sportsmo-Millbrook
94 HAURD138 KV 96101,94 HAURD_138 KV_96101:L138.AllenIM-Logtown,961 LEE 138KV - 94 HAURD 138KV (94 HAURD 138 KV 96101) L138.AllenIM-Logtown
GRABILL 138 KV GRABILL-ROBISONP,GRABILL_138 KV_GRA-SOWR:L765.Marysville-Sorenson,ROBISONP 138KV - GRABILL 138KV (GRABILL 138 KV GRA-ROB1) L765.Marysville-Sorenson
EDGEWATE 138 KV EDGEWATE-LOYALHAN SH-LH,EDGEWATE_138 KV_EDG-LOY:L500.RhodesLane-Yukon.518,EDGEWATE 138KV - LOYALHAN 138KV (EDGEWATE 138 KV EDG-LOY) L500.RhodesLane-Yukon.518
MTSTORM4 500 KV MTSTORM-PRUNTYTO,MTSTORM4_500 KV_550A:L500.Cloverdale-Lexington.566,PRUNTYTO 500KV - MTSTORM4 500KV (MTSTORM4 500 KV MTS-PRU) L500.Cloverdale-Lexington.566
HOMERCIT 230 KV HOMERCIT S.AUTO-S XFORMER,HOMERCIT_230 KV_S.AUTO-S:ACTUAL,HOMERCIT N.AUTO-S XFORMER   L  1 KV 345/230.HomerCity.AT-S
DOEX530 345 KV  DOE-PIE1,DOEX530_345 KV_DOE-PIE1:L765.Maliszewski-Marysville,DOEX530 345KV - PIERCE 345KV (DOEX530 345 KV DOE-PIE1) L765.Maliszewski-Marysville
PIERCE  345 KV  PIE-DEA1,PIERCE_345 KV_PIE-DEA1:L765.Marysville-Sorenson,DEARBORN 345KV - PIERCE 345KV (PIERCE 345 KV PIE-DEA1) L765.Marysville-Sorenson
MINUEST 230 KV MINUEST-SEWAREN R-2218,MINUEST_230 KV_MIN-SEW:L500.Hopatcong-Lackawanna.5063,SEWAREN 230KV - MINUEST 230KV (MINUEST 230 KV MIN-SEW) L500.Hopatcong-Lackawanna.5063
CHARLERO 138 KV CHARLERO-GORDEN,CHARLERO_138 KV_CHA-GOR:L500.Harrison-WylieRidge.530,CHARLERO 138KV - GORDON 138KV (CHARLERO 138 KV CHA-GOR) L500.Harrison-WylieRidge.530
36_MADIS_138KV3610_1_LN,36 MADIS_138 KV_3610:ACTUAL,90 DEKOV 138KV - 36 MADIS 138KV (36 MADIS 138 KV 3610) BASE
JOHNSTOW 230 KV JOHNSTOW-SEWARD SJ 2018,SEWARD_115 KV_SEW-TOW:L230.Johnstown-Seward.2018,TOWER51 115KV - HOOVERSV 115KV (HOOVERSV 115 KV HOO-TOW) L230.Johnstown-Seward.2018
MIAMI   345 KV  BK-E,MIAMI_345 KV_BK-E:L345.Miami-WestMilton-MiamiFort,MIAMI 345KV - MIAMI 138KV (MIAMI 345 KV BK-E) L345.Miami-WestMilton-MiamiFort
KANAWTRL138 KV  KAN-GRE,KANAWTRL_138 KV_KAN-GRE:L500.Cloverdale-Lexington.566,KANAWTRL 138KV - GREENBRI 138KV (KANAWTRL 138 KV KAN-GRE) L500.Cloverdale-Lexington.566
BRIDGEWA 230 KV BRIDGEWA-MIDDLESE I-1023,BRIDGEWA_230 KV_BRI-MID:L230.Sayreville-Kilmer-LakeNelson.W-1037,BRIDGEWA 230KV - MIDDLESE 230KV (BRIDGEWA 230 KV BRI-MID) L230.Sayreville-Kilmer-LakeNelson.W-1037
KEENEY 500 KV KEENEY AT50 XFORMER,KEENEY_500 KV_AT50:L500.HopeCreek-RedLion.5015,KEENEY 500KV - KEENEY 230KV (KEENEY 500 KV AT50) L500.HopeCreek-RedLion.5015
LARRABEE 230 KV LARRABEE-SMITHBUR D2004,LARRABEE_230 KV_LAR-SMID:ACTUAL,LARRABEE 230KV - SMITHBUR 230KV (LARRABEE 230 KV LAR-SMID) L230.Cedar-OysterCreek
LAURELAV230 KV  LAU-ROSJ,LAURELAV_230 KV_LAU-ROSJ:ACTUAL,ROSELAND 230KV - LAURELAV 230KV (LAURELAV 230 KV LAU-ROSJ) BASE
EUGENE 345 KV EUGENE-CAYUGA3,CAYUGA2_345 KV_CAY-CAY2:Jefferson-Rockport (JEF-ROC1) 765 Line,EUGENE 345KV - CAYUGA3 345KV (EUGENE 345 KV EUG-CAY1) Jefferson-Rockport (JEF-ROC1) 765 Line
CONSTELL13.8 KV 1-S,CONSTELL_13.8 KV_1-S:ACTUAL,CONSTELL 14KV - CONSTELL 1KV (CONSTELL 13.8 KV 1-S) BASE
SWLIMA  138 KV  SWL-WMO1,SWLIMA_138 KV_SWL-WMO1:L345.TannersCreek-MiamiFort,SWLIMA 138KV - WMOULTON 138KV (SWLIMA 138 KV SWL-WMO1) L345.TannersCreek-MiamiFort
ROCKPWKS_T1_7657_XF,SCADIZ_138 KV_T1_XF:ACTUAL,SCADIZ  138 KV  T1_XF L765.Kammer-SouthCanton + SouthCanton.T3
155 NELS 345 KV 155 NELSON 45TR82 CT,155 NELS_345 KV_TR84CT-P:L345.Nelson-ElectricJunction.15502,155 NELS 345KV - 155 NELS 1KV (155 NELS 345 KV TR82CT-P) L345.Nelson-ElectricJunction.15502
HOMERCIT 345 KV HOMERCIT N.AUTO-P XFORMER,HOMERCIT_345 KV_N.AUTO-P:L345.Ashtabula-Perry,HOMERCIT345 KV  N.AUTO-P L345.Ashtabula-Perry
TITUSVIL115 KV TIT-UNI,TITUSVIL_115 KV_TIT-UNI:L345.ErieWest-Ashtabula-Perry,TITUSVIL 115KV - UNIONCIT 115KV (TITUSVIL 115 KV TIT-UNI) L345.ErieWest-Ashtabula-Perry
EMPORIA 115 KV  TX2,EMPORIA_115 KV_TX2:ACTUAL,EMPORIA 115KV - EMPORIA 13KV (EMPORIA 115 KV TX2) L138.EastElkhart-Mottville
NRTHNECK230 KV  TX4,NRTHNECK_230 KV_TX4:L230.Fredericksburg-Birchwood.2083,NRTHNECK 115KV - NRTHNECK 230KV (NRTHNECK 230 KV TX4) L230.Fredericksburg-Birchwood.2083
MINUEST 230 KV MINUEST-SEWAREN R-2218,MINUEST_230 KV_MIN-SEW:L230.CedarGrove-CedarSub-Roseland.Y-2277,SEWAREN 230KV - MINUEST 230KV (MINUEST 230 KV MIN-SEW) L230.CedarGrove-CedarSub-Roseland.Y-2277
BELLSMIL 230 KV BELLSMIL 121-5T XFORMER,BELLSMIL_230 KV_121-5T:L500.BurchesHill-PossumPoint.560,BELLSMIL 230KV - BELLSMIL 138KV (BELLSMIL 230 KV 121-5T) L500.BurchesHill-PossumPoint.560
SUNBURY 500 KV SUNBURY 24 XFORMER,SUNBURY_500 KV_24:ACTUAL,SUNBURY  24       XFORMER   H  500 KV 500/230.Susquehanna.T21 (Sctnlz)
TANNERSC-DEARBORN1 TIE A 345 KV,TANNERSC_345 KV_TAN-DEA1:L345.MiamiFort-Terminal.4514,TANNERSC 345KV - DEARBORN 345KV (TANNERSC 345 KV TAN-DEA1) L345.MiamiFort-Terminal.4514
KYGERCRE345 KV  KYG-DOE3,KYGERCRE_345 KV_KYG-DOE3:L345.OhioCentral-MuskingumRiver,KYGERCRE 345KV - DOEX530 345KV (KYGERCRE 345 KV KYG-DOE3) L345.OhioCentral-MuskingumRiver
ALLENIM 138 KV  ALL-LOG,ALLENIM_138 KV_ALL-LOG:L138.Wayne-WestChicago.14405 (SPOG 3-30),ALLENIM 138KV - LOGTOWN 138KV (ALLENIM 138 KV ALL-LOG) L138.Wayne-WestChicago.14405 (SPOG 3-30)
HOMERCIT 345 KV HOMERCIT S.AUTO-P XFORMER,HOMERCIT_345 KV_S.AUTO-P:L230.Glade-Warren.2088,HOMERCIT 1KV - HOMERCIT 345KV (HOMERCIT 345 KV S.AUTO-P) L230.Glade-Warren.2088
COLU_BC_230KVCOL-HIG_1_LN,COLU BC_230 KV_COL-HIG:L230.Conastone-Northwest.2310,HIGHRIDG 230KV - COLU BC 230KV (COLU BC 230 KV COL-HIG) L230.Conastone-Northwest.2310
OAKGROVE230 KV  OAK-TAL8,OAKGROVE_230 KV_OAK-TAL8:ACTUAL,TALBERT 230KV - OAKGROVE 230KV (OAKGROVE 230 KV OAK-TAL8) 500/230.ChalkPoint.T6
FRKUNION230 KV  TX1,FRKUNION_230 KV_TX1:L230.Bremo-ForkUnion.2193,FRKUNION 115KV - FRKUNION 230KV (FRKUNION 230 KV TX1) L230.Bremo-ForkUnion.2193
WELCO_115KV32D1_1_LN,WELCO_115 KV_32D1:ACTUAL,WELCOTAP 115KV - WELCO 115KV (WELCO 115 KV 32D1) BASE
GRABILL 138 KV GRABILL-ROBISONP,GRABILL_138 KV_GRA-ROB1:ACTUAL,ROBISONP 138KV - GRABILL 138KV (GRABILL 138 KV GRA-ROB1) L138.Auburn-Varner
CASEYCO 161 KV  MAR-CASE,CASEYCO_161 KV_MAR-CASE:ACTUAL,MARIO_EK 161KV - CASEYCO 161KV (CASEYCO 161 KV MAR-CASE) BASE
MIDWAYTE138 KV  MID-NAO1,MIDDLJCT_230 KV_MID-TMI1:ACTUAL,MIDWAYTE138 KV  MID-NAO1 BASE
1205    138 KV  1205 5,1205_138 KV_1205 5:ACTUAL,1205 138KV - J375 138KV (1205 138 KV 1205 5) BASE
AQUAHAR_230KVAQU-GAR1_1_LN,AQUAHAR_230 KV_AQU-GAR1:L500.Elmont-Ladysmith.574,AQUAHAR 230KV - GARRSNV 230KV (AQUAHAR 230 KV AQU-GAR1) L500.Elmont-Ladysmith.574
OLIVE-UNIVPARK A 345 KV,OLIVE_345 KV_OLI-OLIV:L765.Collins - Plano.2315,OLIVUNPA 345KV - OLIVE 345KV (OLIVE 345 KV OLI-OLIV) L765.Collins - Plano.2315
ROXBURY NO2 TX XFORMER H 138 KV,ROXBURY_138 KV_NO2 TX:500/230.Keystone.T4,ROXBURY 115KV - ROXBURY 138KV (ROXBURY 138 KV NO2 TX) 500/230.Keystone.T4
NAZARETH69 KV   NAZ-SIE1,FRACKVIL_230 KV_FRA-SIE:L230.Harwood-Susquehanna.1 + 230/69.Harwood.T5,NAZARETH69 KV   NAZ-SIE1 BASE
FALLS 138 KV FALLS -STEELTAP FAL-STE,FALLS_138 KV_FAL-STE:ACTUAL,FALLS 138KV - STEELTAP 138KV (FALLS 138 KV FAL-STE) L230.Emilie-Eddington-Croydon
TOSCOCB 230 KV TOSCOCB -VFT_ST TOS-VFT1,TOSCOCB_230 KV_TOS-VFT1:L500.Hopatcong-Roseland.5061,TOSCOCB 230KV - VFT_ST 230KV (TOSCOCB 230 KV TOS-VFT1) L500.Hopatcong-Roseland.5061
CANALAEP138 KV  CAN-MAR2,CANALAEP_138 KV_CAN-GAY1:ACTUAL,CANALAEP138 KV  CAN-MAR2 765/345.Vassell.T1
CRANBERY138 KV  CRA-FER,CRANBERY_138 KV_CRA-FER:ACTUAL,CRANBERY 138KV - FERNWY 138KV (CRANBERY 138 KV CRA-FER) BASE
MTZION  230 KV  MTZ-QUI5,MTZION_230 KV_MTZ-QUI5:L500.BurchesHill-PossumPoint.560,MTZION 230KV - QUINCEOR 230KV (MTZION 230 KV MTZ-QUI5) L500.BurchesHill-PossumPoint.560
CHATFIEL_138KVCHA-REDR_1_LN,CHATFIEL_138 KV_CHA-HOW1:L345.SouthBerwick-Galion,CHATFIEL 138KV - REDRUNAE 138KV (CHATFIEL 138 KV CHA-REDR) L765.Marysville-Sorenson
EDGEMOOR230 KV  EDG-LIN,EDGEMOOR_230 KV_EDG-LIN:L500.HopeCreek-RedLion.5015,LINWDPE 230KV - EDGEMOOR 230KV (EDGEMOOR 230 KV EDG-LIN) L500.HopeCreek-RedLion.5015
PLEASNTV-ASHBURN 274D A 230 KV,PLEASNTV_230 KV_274D:L230.Shellhorn-Enterprise.2186,PLEASNTV 230KV - ASHBURN 230KV (PLEASNTV 230 KV 274D) L230.Shellhorn-Enterprise.2186
187_SCHA_138KV97720_1_LN,187 SCHA_138 KV_97720:ACTUAL,977 GREE 138KV - 187 SCHA 138KV (187 SCHA 138 KV 97720) BASE
CARS DUQ345 KV  T1,CARS DUQ_345 KV_T1:L138.Crescent-North.Z-21,CARS DUQ 138KV - CARS DUQ 345KV (CARS DUQ 345 KV T1) L138.Crescent-North.Z-21
PIPECREE138 KV  MUL-PIP1,PIPECREE_138 KV_PIP-STR:138/69.Jay.T1,PIPECREE138 KV  MUL-PIP1 L345.Jefferson-CliftyCreek
CHESTNT 115 KV  1001E,CHESTNT_115 KV_1001E:L500.Cloverdale-Lexington.566,WHITAKER 115KV - CHESTNT 115KV (CHESTNT 115 KV 1001E) L500.Cloverdale-Lexington.566
02LYONS_138KV02L-02F1_1_LN,02LYONS_138 KV_02L-02F1:L765.Maliszewski-Marysville,02FAYET 138KV - 02LYONS 138KV (02LYONS 138 KV 02L-02F1) L765.Marysville-Sorenson
NAPLNTAP138 KV  NAPT-STR,STRYKER_138 KV_STR-EFAY:ACTUAL,NAPLNTAP138 KV  NAPT-STR BASE
CENTER  115 KV  CEN-ERD5,CENTER_115 KV_CEN-ERD5:ACTUAL,CENTER 115KV - ERDMAN 115KV (CENTER 115 KV CEN-ERD5) BASE
AEP-DOM CONTINGENCY 22,AEP-DOM contingency 22 L500.Bismark-Doubs,AEP-DOM contingency 22 L500.Bismark-Doubs
EWAYNESB_138KVEWA-RIN_1_LN,EWAYNESB_138 KV_EWA-RIN:230/115/46.Lewistown.T2&T3,RINGGOLD 138KV - EWAYNESB 138KV (EWAYNESB 138 KV EWA-RIN) 230/115.Lewistown.T3
KRENDALE 138 KV KRENDALE-SHANORMA KND-BT,KRENDALE_138 KV_KRE-SEN:ACTUAL,SHANORMA 138KV - KRENDALE 138KV (KRENDALE 138 KV KRE-SHA) L500.Cabot-Cranberry
DANVILLE-EDANVILL B 138 KV,DANVILLE_138 KV_DAN-EDA1:L500.Midlothian-NorthAnna.576,DANVILLE 138KV - EDANVILL 138KV (DANVILLE 138 KV DAN-EDA1) L500.Midlothian-NorthAnna.576
108 LOCK 345 KV 108 LOCK-116 GOOD 11617,108 LOCK_345 KV_11617:L345.13Crawford-116Goodings Grove.1312 SF SPOG2-28,108 LOCK 345KV - 116 GOOD 345KV (108 LOCK 345 KV 11617) BASE
155 NELS 345 KV 155 NELS-937 LEE 15501,155 NELS_345 KV_15501:L345.Byron-CherryValley.0621,155 NELS 345KV - 937 LEE 345KV (155 NELS 345 KV 15501) L345.Byron-CherryValley.0621
